jennifer92;@!m5yCpvMN;vip;37;hughesandrew@wheeler-holden.com;False;922
littlejennifer;$S!BE_xC44;vip;42;steven86@zavala-russell.biz;True;583
mthomas;T4V2tJhY!o;owner;21;archerlucas@perkins-fox.net;True;275
lorirodriguez;Ji@sXbfj#4;player;36;carteralison@hotmail.com;True;245
tararyan;R)x0HIEg6_;owner;21;christopher37@hotmail.com;True;336
yhill;^sDl1Utl75;vip;94;chelsea13@hotmail.com;True;201
whale;ry5IEts+M^;player;100;diane42@haas-powell.com;False;931
moralesphillip;#%R6Gjm@Tc;premiuim;88;barbarakennedy@yahoo.com;True;300
zkelly;K6*UOgbG^D;premiuim;71;espinozakaitlyn@summers.com;False;266
kathleen84;j53ayFhm%2;vip;79;robert55@gmail.com;False;932
bonillathomas;_4BLV^ecX%;owner;13;fischerkaren@gmail.com;True;302
kevinwilson;@)^41Hf+pY;premiuim;66;troy54@hotmail.com;False;871
zavalajason;5&gw0LUyoZ;owner;79;tonysmith@crawford.info;True;320
shawnathompson;(pmOP&H783;player;82;johnsondavid@todd.com;False;85
laurenmarsh;1fz8(YKe!$;vip;99;peterarmstrong@scott-wheeler.com;False;987
dunlappaul;D#Lk5&kj0L;premiuim;16;ytodd@adams-garcia.com;False;2
ericmoore;EYF%c7Txq*;vip;53;vbrowning@gmail.com;True;345
maldonadopaul;011LwTg+__;vip;39;elliottlaura@walsh-cain.info;False;581
qhinton;_8%p+RzMBa;player;34;williamcarter@wilkinson.org;True;570
rogertaylor;zZx98AthK*;player;38;fdavis@weeks-ramos.com;True;802
zachary04;R)A4CvMN1a;player;9;leonard94@yahoo.com;False;971
fosterbrian;ibMONTgX*9;premiuim;18;wreed@johnson.com;False;936
kevin09;n0T%YV+n)i;premiuim;28;walter98@yahoo.com;True;439
bryanttyler;1ecP)wB)#P;owner;20;heidi03@larson-rogers.info;True;409
shanepierce;Ss9A2&)w+8;premiuim;83;greenlisa@gmail.com;False;993
kdean;^4HhrRPyw2;player;56;vrobinson@pena.com;False;469
mary83;P)9pIxDS#R;owner;77;gillespietodd@hotmail.com;True;491
laurastewart;@%QZ1*Vyn3;owner;83;kperry@gmail.com;True;530
xalexander;p9kd)4NsKG;player;39;normaparker@sawyer.info;False;637
xpham;w86*vvRuH!;vip;46;diana54@yahoo.com;False;5
shannon14;RlH3OwiRJ^;moder;69;hansenchris@hotmail.com;True;338
david72;^0dDBA!$_n;owner;46;michael05@gmail.com;False;844
donna83;$x7Dz3SiGl;player;62;cookariana@gmail.com;True;47
david01;@gR3WlmJ8j;owner;2;kingtaylor@yahoo.com;False;692
alex27;_48A_2Fj!@;player;22;kimallen@williams.com;True;881
ybrown;h#x9HawjF^;vip;19;crystal66@hotmail.com;False;369
singletonmary;#4GK9$Pjh9;moder;57;valerie70@yahoo.com;True;714
dfisher;9UYSF2lo*1;owner;71;wpayne@gmail.com;False;151
wfitzgerald;+F%MJyaoE9;vip;99;andrew69@hotmail.com;True;113
hclark;)jBJS0XqH2;premiuim;88;cherylsweeney@yahoo.com;False;705
cwong;iL5ioI4kR^;moder;17;ryanpetersen@allen.net;False;870
marklyons;#C5Q*ty2Lt;owner;97;harriskimberly@hotmail.com;True;194
lewisjames;5G+OMalq@N;premiuim;84;walter02@hotmail.com;False;817
mark08;01NvmpdG%R;premiuim;11;qortega@yahoo.com;True;889
bbailey;3xAb2cf_*3;vip;55;butlerjessica@robertson-robinson.info;True;875
nicholas78;fGQJ$Lol&8;player;98;robert95@gray.com;True;125
sandovalcolton;&x@#NH@un6;moder;1;heather69@gmail.com;True;31
jsmith;(u3KyTiLz9;player;11;johnnymartinez@hotmail.com;True;619
igonzalez;6Wf*Phf%*M;moder;50;adamsashley@hotmail.com;True;263
mcbridealicia;rvz@9UZvKP;owner;48;terri74@gmail.com;True;40
elizabeth89;xl#P0J@i!*;owner;95;houstonjohn@torres.org;False;159
calebmoran;d*4Te4ucOP;premiuim;13;rebeccacarr@carrillo.com;True;370
megan94;FDBm3HDg#t;owner;6;jill48@hotmail.com;True;496
emilyshort;5pXgko+g#4;player;25;kschmitt@reed.com;False;659
mooreleslie;X5*l0GFh^v;player;77;hayskevin@bailey-carpenter.info;False;625
michaelwilliams;DC*K0SazY2;vip;30;wayne20@gmail.com;False;292
emily71;ENlDhpY8%0;player;83;daniellejohnson@hotmail.com;True;585
james94;i)^3$O)f19;premiuim;59;collinlawson@yahoo.com;False;807
stewartjames;0O_4SAusld;moder;87;lucerolauren@allen.com;True;1000
derek27;+_5S_Nu(sg;premiuim;45;apeters@lee.com;True;305
cameronrios;*y3L9rqWq0;vip;36;brandongarcia@ball.net;False;138
kelly45;#H*fXi&f1Y;premiuim;66;pollardchris@hamilton.com;False;36
wallacedawn;d^%7zdMvmR;player;76;gadams@matthews-duke.com;False;144
pwhite;*uIltGBeW8;moder;26;kennethward@gmail.com;True;832
cford;S*5WR$dk+f;premiuim;47;aimeepotts@hotmail.com;False;29
rebeccastewart;$OaJIrDh7e;player;84;smithmiguel@marshall.com;False;337
cruiz;pnD7&WIq@P;player;41;antonioproctor@gmail.com;False;701
phillipmckenzie;gf%Rg+ui#0;owner;10;kathleen34@fitzgerald.com;False;399
sjames;k#r8gCaw%5;player;42;tammyrangel@daniel.com;True;525
brownrobert;#$6Tv4GN&^;vip;54;sanchezashley@gmail.com;True;231
clarkandrew;%h4lV6TS(*;vip;82;deborahwood@smith.com;True;70
ericksonautumn;(rePFfhnv3;owner;100;davidwalker@jackson-cummings.com;False;425
maureenjohnson;@dR6UVWz_2;owner;43;wilsondanielle@hotmail.com;False;836
annettepena;+B$FI)0zE0;player;83;drewcarlson@morales.com;True;697
kevin76;Ky+4BJ3f_b;moder;47;jonesemily@hotmail.com;True;544
michael76;AR3WGwc@&a;player;28;bhorne@sanchez.net;False;548
heatherporter;$WHLL4cZr4;owner;27;jonesamy@hotmail.com;False;239
smithkimberly;^#J5^VBjHa;owner;1;ecampos@gonzales-booker.com;True;18
xramirez;7L$n3R8hAS;player;59;lopezsally@gmail.com;True;149
laura27;*0*Y#0klbX;owner;44;sheri33@kelley.com;False;979
elliottjacob;$)KaqBwf^1;vip;58;jamesharris@hotmail.com;True;355
nicholas33;SIO)1GDxv1;vip;82;zacharybaker@sanders.com;False;243
christopher24;#3D9N@Lm@R;moder;71;jacksonwendy@morris-long.com;True;395
michael12;$3pAuP&cs(;premiuim;53;gcastillo@frye-gonzales.com;False;742
calvinflores;4ffayVJR+l;premiuim;1;osmith@gmail.com;False;746
sabrinacolon;0W%66QDr%X;premiuim;83;emily90@yahoo.com;False;187
qmaxwell;&41c4xNlJL;moder;80;alanmendez@jones.biz;True;611
roger20;^5GGCu!tm5;player;33;omar29@yahoo.com;True;282
idaniels;W1cDq2L)_h;premiuim;41;jordanbennett@gmail.com;False;681
leah89;!T1p+&P&k6;owner;33;collinskenneth@hotmail.com;False;54
juanchung;(5ftLgC$z8;premiuim;59;wilcoxcory@bailey.com;True;612
jaredwilkinson;7Ism5Qo+_G;owner;37;clarkautumn@powell.com;True;959
marshallmartin;X2Bg+K^g)j;moder;10;shortmary@garcia-gordon.com;True;185
urobertson;n&sk43ZjJO;moder;74;mary92@hotmail.com;False;578
james98;w1tdz7X^^y;moder;54;christopher88@harris.net;True;55
alyssaanderson;#j4T1pFDER;player;90;gibbsdawn@vazquez-ramirez.com;False;126
brucesanchez;%jNviWrcw8;owner;33;lesliepadilla@gmail.com;False;367
aboone;xYm8GKmv*A;owner;20;tiffany67@hotmail.com;False;474
matthewbrown;TZ)4XqzH&t;player;31;christopherbanks@gmail.com;False;94
tfrederick;jO1jDooNd!;premiuim;27;prestonjacqueline@dawson-parker.info;True;50
lelliott;(EHkYNFyi2;owner;86;hcastillo@gmail.com;True;668
jennifervillanueva;+#HKrkf++0;vip;32;reginaldmann@yahoo.com;True;427
zwood;!2HBn42s#b;premiuim;65;jonathanmorales@brady.com;False;236
smithstephanie;7eSIvG&+&r;premiuim;50;dhardy@atkins.com;False;582
harrismelissa;m00jJjqH^+;moder;72;daniel14@hotmail.com;False;471
heatherwillis;@fJYV7Pslq;vip;34;xbrown@gmail.com;True;843
christopherking;_p3wQJQs#g;vip;53;stephaniewilliams@jones.com;False;872
ronaldquinn;^vZA#byn07;moder;96;patricia52@yahoo.com;False;783
rasmussenkimberly;7$5h)Y*t@q;player;97;kirkjohn@montgomery.biz;True;986
christina49;t71CWcFag);vip;32;mmorgan@gmail.com;True;200
elizabeth70;@vQN2x#4Z2;moder;57;frank24@hotmail.com;True;244
leeadrian;&3y6bN^bdT;moder;73;larryparks@parker.info;False;803
igarcia;s7XG*&rE%D;vip;43;rodriguezchristina@hoffman-ellis.biz;True;497
adkinsanna;oru3T7SyL&;owner;93;gary93@hale-mccullough.info;True;735
hudsonpatrick;$vPf(KIq68;owner;86;scottbrown@yahoo.com;True;321
aaronball;YM6@@nYt%@;premiuim;56;davevalenzuela@sutton.biz;False;114
jcardenas;LrD5@rCl(5;moder;99;esmith@gmail.com;False;129
porterjeffrey;&6YB8S(sqO;premiuim;21;mtaylor@yahoo.com;False;759
ywall;7T9pCz_!^^;owner;16;louis15@gmail.com;True;342
roy54;0&1ZP(cnuC;vip;69;fdavid@gordon.com;False;941
rosaleschristopher;TzE4r3Wqy@;owner;28;fishercrystal@yahoo.com;True;839
rcummings;5tGJ*yzj%g;premiuim;66;ronaldhart@mata.com;True;120
edixon;C+Xj4GCRXz;moder;69;janicejordan@gmail.com;False;430
tnolan;%eLzgRwdI5;player;1;daniel11@chambers.com;False;914
sarah24;xC)9NKj0z$;premiuim;71;silvamarc@hotmail.com;False;888
regina27;x6Yo9jPJ&i;owner;58;ronaldperez@pugh.com;False;357
kelly91;(mPze9oGM7;owner;80;tdaniel@davis.com;False;733
pallen;&38R@tWg4+;owner;66;johnbaldwin@brown.net;True;267
ggross;2v#&9^SuMW;moder;65;barbara84@sanchez.com;False;60
zblanchard;DdW&RiOr%6;premiuim;16;davischristopher@hotmail.com;False;108
kathryn27;_nd3Hk)R8&;premiuim;2;danieltorres@hotmail.com;True;156
erica56;g*f1Vh&3a4;moder;43;hoffmanjaime@gmail.com;True;665
samuelwilkins;*bjAibS25o;premiuim;80;perickson@hansen.net;False;467
huertaalicia;h))2K(Jd&U;moder;88;andradecharles@gmail.com;False;203
rhickman;)75*Kf%!6$;premiuim;30;vpowell@park.com;True;942
daniel27;F&z3&7UvqW;moder;65;julia69@gallagher-bailey.biz;False;72
dylan90;(#*6WLsDSO;moder;24;wsullivan@gmail.com;True;569
sean62;bq1XCw*$!3;moder;51;cindy41@washington.org;True;699
justinvaughan;hh*_3^Fc8B;premiuim;39;pearsonrachael@hotmail.com;False;849
hannah41;m1Is9Qsu$^;owner;15;weeksandrew@gmail.com;False;89
nortonjames;W9_lU!%k$8;owner;73;tracy97@hotmail.com;False;271
christophergibson;YLN9BZNiB_;moder;47;owensmario@gmail.com;False;726
dawn08;%+*R6QpE*q;moder;0;fjackson@wilkinson-dominguez.com;False;560
antoniowalker;P(94BXclXF;premiuim;87;maryyork@hotmail.com;True;210
sarapowell;48y5Soz$_(;vip;32;hernandezcourtney@adams.net;False;141
hernandezcaroline;%0V&_e9ew(;premiuim;14;melissagreen@hotmail.com;False;752
garciashelby;#4y1A_vb)!;owner;72;debrajohnson@gibson.com;True;819
yvette02;sez2)V#z^4;moder;69;elizabethmanning@gmail.com;False;718
deborah65;nL5brmNk)H;owner;92;mhuffman@hood-nguyen.com;False;479
thomasedward;2z+J_nis)S;premiuim;1;matthew00@hotmail.com;True;258
diana27;xvOAqjTu!1;owner;9;blackwelljoseph@waters-rodriguez.com;True;777
kathryn84;J7K$l_8q+A;player;34;newmandavid@martin.net;True;756
juliehouse;%yWOXDnil0;moder;51;johncopeland@delacruz.com;False;878
austinstacy;mdcYJZCm(2;player;43;lisaparker@yahoo.com;True;504
heather07;*dDBF8oib4;vip;9;ryanbenson@castro.info;True;199
mclaughlinpatrick;o9jq0X#A_b;premiuim;79;cherylscott@hotmail.com;False;837
steven96;RA7QpoRwp&;premiuim;9;morgan96@yahoo.com;False;776
hannah49;9xlB9UpU#x;moder;19;nramos@yahoo.com;True;183
fmarshall;_+6jSpW*6(;player;33;ndavis@yahoo.com;True;146
rachel55;x^0BvfceWK;player;74;mcdonaldangela@hotmail.com;False;350
isoto;hnE+6MEiC6;player;88;ijones@bennett-underwood.info;False;176
ryan48;W!7mLOneF!;premiuim;64;greggowens@yahoo.com;False;307
jimenezwilliam;#1R+opky)q;player;69;randerson@wagner.com;True;765
ladams;^GdWYtylh3;vip;25;patrickrobinson@gmail.com;True;392
roberto94;u@4W26WwD0;premiuim;52;lauren03@cardenas-trujillo.com;True;884
thomasswanson;Y&49W2Ti^O;owner;25;oflynn@ellison.com;True;597
travis80;3nNOhwyc&8;vip;12;jennifer89@lucas.info;True;518
swansontyler;+4D%7(qgvM;owner;48;nicoletrujillo@wolfe-curtis.com;True;35
kennethgrimes;&UW6wMg5h1;player;17;oneillshirley@hotmail.com;True;598
ucontreras;k_E5GEVowt;player;73;danielle76@yahoo.com;False;78
kevinsnyder;7Zv^U93qT$;player;74;williamrush@gmail.com;False;827
xoliver;%qezd0LeS6;player;22;haleyconway@johnson.com;False;316
stephenward;#TM7_EGr$F;player;51;sarah28@gmail.com;True;356
bcooper;L(4tNnOO%r;moder;73;craigflores@gmail.com;False;790
smithdawn;WARj1hTn#6;vip;55;samanthafields@hotmail.com;False;664
daywhitney;enN$8MpScE;player;71;shelbysmith@williams-flores.com;True;599
shawapril;9&m8GMza*b;moder;74;ramirezsabrina@harris-robbins.com;False;596
olee;$SCpYgDcq7;premiuim;74;ashleyhernandez@crawford.com;True;877
kevinsanders;(P28Cnyxc6;premiuim;10;jamesgregory@gross.org;False;873
yhampton;G4gyVU+y$1;owner;56;moranjeffrey@yahoo.com;False;721
swallace;yHZcyd(X!4;moder;31;zlopez@hotmail.com;False;450
kmora;jPGwcFgB!1;player;22;wandatorres@davis.com;True;745
hwebb;%DjINkjfL8;premiuim;95;oliviawilson@rodriguez.com;True;631
joneskimberly;m6$8MF(gS$;owner;65;anthonymclaughlin@hotmail.com;False;513
megan17;$KJe7wTg+C;player;57;angela68@mercado-lloyd.net;False;277
timothy97;3n3vTbv7(^;premiuim;10;heidi32@gmail.com;False;972
reneeluna;+c)I&J1&j6;vip;65;brookedaugherty@gmail.com;False;546
valerie00;_C1ZjNiu7);premiuim;39;kelly48@hotmail.com;False;738
donbond;@05cNWTrJh;moder;74;wsimmons@giles.net;True;547
shawn91;E7Wl2Eyz%3;moder;77;rubiochristina@hotmail.com;True;462
rjackson;_bkLqMndA6;owner;38;benjaminvega@frey.com;True;808
jorgecurtis;($6^VDjhlt;premiuim;14;bwhite@gmail.com;True;196
qbean;+82(3IaY&A;owner;83;rwong@gmail.com;False;378
amy45;^7T%cgkpes;moder;4;harold28@rios-young.com;False;553
kcarr;%5YwF6csu3;vip;66;stephanie56@morrison-gray.info;False;86
jeffreyperez;^a2VA^Pu&e;vip;16;cjohnson@yahoo.com;False;390
sarahduncan;u6Xoz^sL@u;vip;63;josephburnett@hotmail.com;True;901
matthew20;@6LeWGq@+!;player;90;michellemartin@nguyen.net;True;695
hwallace;BqS6I8Xy$H;owner;19;scottpowell@hampton-ramirez.com;True;820
kevin80;tiK(I+so)3;premiuim;19;wlowery@yahoo.com;False;87
holly48;A!*5Oqtdb@;owner;18;karen01@russell.info;False;532
kristinamoore;3sKEmQSz+E;moder;56;heidibrown@yahoo.com;True;269
perrysandra;Be^J6VoDDE;owner;15;claytoncastillo@gmail.com;True;985
nichole84;*d2HjA1ZD+;moder;5;amanda48@gmail.com;True;482
juan95;B5LP4G^J%p;premiuim;61;nwoodward@hoover-thompson.info;False;717
pamelaross;3KnIGKcM*o;moder;100;sherrywilliams@yahoo.com;True;419
olsonjames;zt4JLw&Z$N;owner;82;johnsonjames@crawford.info;True;669
ronald94;n$GV&w6z+6;owner;99;phillipslaura@jones.com;False;829
millermichael;)7RQ2ebXo4;premiuim;5;mark60@hotmail.com;False;550
mpennington;6c01Xyw&v*;owner;12;jessica37@bishop.com;False;998
hubbardalexander;$vvkNa3F7R;premiuim;57;rjones@briggs-lee.com;True;359
basskatherine;^D3uGn!a+&;player;65;taylor89@gonzales.com;True;787
mendozajoshua;!b!oRN1y2B;owner;30;nvaughn@smith.com;True;628
cameron97;fIueYJSh!6;moder;79;cardenasalex@hotmail.com;True;494
donald56;daXMubCz+8;moder;72;dylan66@gmail.com;True;810
nashdustin;jKE^aVzY#6;moder;7;pamela08@gilmore.com;True;272
lindsayfranklin;ru0OIgQzu#;vip;71;susan89@gmail.com;False;825
james62;1!1&MUWlgX;owner;94;joel95@hotmail.com;True;326
jeffreymullins;F3qG4On_!s;vip;38;mariarobinson@yahoo.com;True;11
kbrown;&3ckEAsflR;owner;23;lopezmelissa@hotmail.com;False;835
peterbrown;Ld_93LXw0);player;25;melanie56@delacruz.com;True;484
williamdonovan;chPKzbLU&4;moder;57;taylormichael@hotmail.com;True;734
hensleytracy;iae2CJhx+t;player;38;wroberts@roman.com;False;361
hoffmandarryl;(w71FQqvhh;premiuim;97;smithjeremy@taylor.com;True;81
carlmitchell;_53Fu+teFq;moder;66;sarah82@gmail.com;False;389
nicholas11;)C2gp_rgr9;moder;83;andrew40@robertson-hughes.com;False;155
mistybarnett;&#21tKx0Uw;premiuim;78;bridgesmatthew@yahoo.com;True;609
lisamartin;6kmE3EIf#^;owner;57;jasonbrown@calhoun-long.com;False;537
hernandezjeffrey;+s&2Adb88@;player;46;kristi18@hotmail.com;False;131
torresbrian;AhOmFxkk*1;owner;63;pgardner@fischer.com;False;512
caleb44;#2qLVP!m(n;moder;99;jrussell@maldonado-ramirez.com;True;459
fletcherjoshua;r93+Rtfh+g;owner;93;scottweaver@warren.org;False;276
brooksjorge;as0A&hevW%;player;67;kthompson@gmail.com;True;764
nkim;fw#08TblY1;premiuim;29;zsimmons@lyons.com;True;762
stephensondouglas;I%2hHzxLX(;moder;67;kjones@yahoo.com;False;653
sean81;w4ER#9Bb(9;player;22;amandabailey@ross.biz;True;253
kennethmartinez;s2E)oV4V)J;premiuim;62;hubernathan@ellis-bell.com;False;38
watsonkatherine;@8#FtTFa7l;premiuim;79;fhoward@yahoo.com;False;937
julia72;o%3cO4MnmU;owner;82;brewerjacob@yahoo.com;True;549
riosronnie;sH$6+AIa12;premiuim;18;ujackson@yahoo.com;False;917
christophersmith;$1lEvcgosb;premiuim;27;parkdanny@higgins.com;True;781
davistimothy;lb(1p6Jzi@;owner;91;wallacejason@hotmail.com;False;111
uvazquez;0UgrH7Ni@3;owner;18;lroach@jacobs.com;False;853
bgilbert;+7CaKuPhh);player;52;bradley28@yahoo.com;False;907
smithmark;y98hBVg6#8;moder;79;bromero@hotmail.com;True;270
weekssharon;+Q@GtuyLz0;owner;14;murillopaul@barron.biz;False;41
gbolton;+4qG!)%m&k;player;94;natalie56@huber.org;True;37
matthew25;yg6MxOLA&%;moder;34;brendan05@gmail.com;True;100
alex48;%oKEW+*y^9;moder;23;julia87@castro.com;False;634
kreeves;_pW6%Cu@1+;moder;47;rodriguezdarlene@holt.com;False;143
abigailgoodman;#Vf4zRiroJ;player;50;katiejohnson@hotmail.com;False;744
millerkatherine;#G0Z2oHu#9;owner;31;jonesjenny@mitchell-dunn.com;True;729
bridgesjeffrey;Y%487RLrAU;owner;79;christopher13@summers.com;True;372
hmorgan;2lF5BB1br@;moder;5;kpatton@pennington.info;True;930
churchmichael;gGL^9EoL%_;owner;65;david48@bentley-johnson.com;True;576
jeremymoore;a(7zKJvrpW;vip;74;ricardo31@gmail.com;False;133
christine48;m(6lKV2glE;vip;20;ebrown@mata-williams.com;False;863
wallerashley;I%2X25ra5A;vip;28;juliafletcher@yahoo.com;True;358
lopezveronica;O&JehTp2)7;premiuim;37;freypaul@george.com;True;947
cynthia84;M8*l@#Dx+Z;premiuim;28;carolyn72@schneider.biz;True;168
kylesanford;K$3P7Yhv^N;vip;45;matthewsawyer@diaz.com;False;791
robin96;(0bxFHMCja;owner;55;yjones@hotmail.com;False;33
jpayne;j40Jl)%#*c;moder;46;alex74@yahoo.com;True;720
jennifer05;+mLmXFF+02;player;99;greendevon@daniel.com;False;554
kellydavid;p*$3#0Hl!x;premiuim;12;jasondavies@smith-scott.com;True;977
brianmercado;+69JwUUxTt;owner;50;emilycohen@gmail.com;True;824
ysmith;#e3HRAoN7_;player;95;williamsavage@gonzalez.com;False;739
james57;)T7IPbpT*V;vip;80;sara28@wagner-edwards.com;True;220
mlewis;^6KU7s+xr4;premiuim;91;faustin@gmail.com;False;340
cscott;R3Uoyj$E#m;owner;60;corey90@jordan-ross.com;True;562
rgreen;!A2s4OXepz;owner;88;mindyjones@gmail.com;False;678
mmyers;t(3zI0TtE5;player;46;coreypalmer@daniels.com;True;908
emily88;7Qg02TkOt%;owner;94;veronica85@gmail.com;False;565
megan01;B)YE7ZobTD;owner;40;bgarcia@yahoo.com;True;386
rhamilton;(@2kVDHoi%;player;51;ojohnson@rodriguez-snyder.biz;False;975
stoneian;oih0LdhG$+;moder;61;bhill@hotmail.com;False;158
vjones;_*x3WFjhPn;player;94;lambertlori@bailey-davenport.com;True;407
jared84;@qQCH(ah9w;premiuim;5;nortonwilliam@gmail.com;False;402
hughesernest;^6f+9NBn(o;vip;35;richardortiz@barber.org;False;590
joseph48;O*^Bf#JjQ6;premiuim;9;friedmannicholas@gmail.com;True;667
zbullock;SPT2Snj6(S;owner;25;jameswarren@williams.org;True;195
hunterjennifer;9!ODxllD^7;moder;25;pmorrison@dickson.com;False;488
rmurillo;bdpx6RdtH$;vip;86;icoleman@gmail.com;False;27
gfletcher;R%!4$Yf*Zk;vip;2;grant11@gonzalez.info;True;509
jacksonryan;DXt6$WcI&h;owner;57;andersonelizabeth@yahoo.com;False;624
ithompson;!FD90iw3s6;vip;93;ivandavis@johnson.com;True;99
dodsontraci;F9uGOHXu_X;moder;78;keith42@gmail.com;False;770
brendamoore;+7OKA3Tg)@;premiuim;44;christina57@gmail.com;True;117
diana30;#7YU7bv#c2;player;68;christine44@jenkins.com;True;670
ian31;&XJwa45uo7;owner;22;bking@gmail.com;True;262
bryan52;pw7#O%gv@&;premiuim;66;wpena@hernandez.com;False;329
rachel46;FA15LZaz+1;premiuim;86;ryanmckay@peterson.com;False;750
frederickjoseph;&MJ!#Xoa*9;vip;100;markrusso@yahoo.com;False;421
stewartjared;27l_YUj_)q;owner;26;charles11@hotmail.com;False;952
angela05;u)!4Grcv)y;premiuim;66;laurenclark@mcknight-alvarez.com;False;545
debbieblack;o^P^3Aru%A;owner;28;anthonycuevas@hotmail.com;False;434
nshelton;zx#043Xl6V;vip;85;wjacobs@bennett.org;False;418
bonddanielle;2JZX_L4l(d;vip;8;toddperry@hotmail.com;False;463
robinsonkelly;i%4Qxjf#6J;premiuim;36;jasminearias@brown.com;True;161
lswanson;Y2WBj03n*i;vip;34;megangray@douglas.com;True;363
boyerjames;F@D2U8c23*;moder;38;ilewis@gmail.com;True;175
johnsonbrittany;MM%2ppSz^r;moder;47;jared26@gmail.com;True;961
chase78;k6PZelqr+V;owner;40;thomasellison@buck.com;True;457
vhicks;z0YepSh#*e;moder;68;james43@gmail.com;True;753
jessica54;sM%5Ew9xUO;vip;25;diazloretta@gmail.com;False;527
qriley;*3mZtK1wqJ;moder;60;misty02@hotmail.com;False;633
jaybraun;hym1JcEaC*;player;58;paulrodriguez@gilbert.com;True;656
adaniels;tIJv+FXE_2;moder;6;williamfrancis@cooke.com;True;852
hwashington;Mryb1KUnO*;owner;52;julie59@davis.net;False;406
heather60;)KIS13#w4F;player;45;ryan42@smith-brady.com;False;225
amyschmitt;+0^wU_Cqrj;moder;99;markreyes@price.com;True;507
jonescatherine;H!7P_mwOlc;vip;35;harperjeanette@montgomery-jenkins.com;True;20
meyerangela;+3T6nnyaMw;owner;77;kennethhumphrey@hotmail.com;False;677
richard04;vaG&2hUc#Y;player;13;michael09@yahoo.com;True;950
qreyes;(IBhNcSI68;premiuim;35;ifernandez@yahoo.com;False;228
samantha82;!&ONVin1(4;vip;40;gmeza@hotmail.com;False;328
woodwardjoshua;2u9e$1DsQ);owner;1;hansenrenee@wolfe.com;True;748
kyle81;Mf(8WDrx!5;vip;51;nelsonmegan@yahoo.com;False;107
ballardderek;_7tO5r4D0e;moder;52;michelle99@moore.com;False;223
whiteruben;(2JELoq9$P;moder;33;robert95@vang-gonzales.com;True;379
carol64;OU2LV8$vr^;vip;90;zwhite@hurst.com;False;393
villarrealgregory;(nOWADqY59;moder;28;fergusonblake@hotmail.com;False;174
harrisjerry;_5g)cMOxY7;owner;73;angela92@medina-rice.org;True;592
hroberts;$AwWehYqe1;vip;36;fgomez@gmail.com;True;153
leesandra;FgQ1Lblx)_;vip;98;millerchris@gmail.com;False;391
marcus21;$9Kz@$Lv&I;vip;2;susanbrewer@hayes.com;False;32
stephanie32;8eERFvJm($;vip;91;devinray@gmail.com;False;182
salazaranna;iLN7UTybx);moder;22;rhicks@gmail.com;False;312
cynthianguyen;3hKh@y0q&u;premiuim;12;sarah12@hotmail.com;False;362
stephanieroberts;w9OpIowV(1;vip;79;steven12@johnson.net;False;685
jtucker;)6ApuXiujA;premiuim;46;nelsonmark@yahoo.com;False;617
adam76;V!CP3YSbr#;player;38;james35@yahoo.com;True;526
davidhopkins;!4U1qxBuDj;premiuim;37;marcuslopez@gmail.com;False;906
kyle58;&vHjkDkL43;premiuim;71;melanie66@hotmail.com;False;347
thomas62;R&ATag6H*2;owner;28;bunderwood@gmail.com;True;511
stacey40;&6@C7dC4Lh;owner;16;rubenbooth@watts.com;False;629
kennedyryan;RFw8MNeb(r;moder;33;tara39@mullen.com;False;248
micheal03;_j&oPX5v4w;moder;76;brittneyoconnell@taylor-thompson.com;True;63
zuniganorman;_VUH0br5J6;moder;91;ryan68@yahoo.com;True;789
swilliams;wo0VFosF#@;vip;74;aschmidt@mejia.biz;False;577
brian01;ZR+H5Sc*M(;vip;25;yolandaholloway@gmail.com;False;286
sandra37;16R7FT7e_$;moder;24;smithjose@gmail.com;False;662
uballard;MP^pp06yJ(;moder;26;ericmerritt@shepherd.com;False;816
petersonmelissa;O3RpVgW%*H;premiuim;93;ghaynes@hotmail.com;True;666
meghannelson;i(jb0LsfKb;player;6;bradley11@rose.biz;True;365
christina76;+4SGwz^mC5;player;67;erin99@diaz.biz;False;939
courtney11;z)1PG9Svhb;vip;43;underwoodaustin@hotmail.com;False;24
boonepatricia;32El7HDX__;vip;98;wnichols@shaw-scott.net;False;600
curtisdougherty;!8zWqHU4KA;player;51;robbinsleah@love.com;True;784
thompsonmichelle;ZA9M)%xC2^;moder;100;johnramos@gmail.com;False;26
ygarner;+u9HMo&dS&;player;57;dwatkins@hughes.com;True;948
bradleykevin;De+6mOfuSF;player;41;marvin60@figueroa.net;True;686
rbrooks;)J6)sIcYZi;player;86;josephday@yahoo.com;False;958
preston02;*_dZJx5F@6;vip;32;david18@yahoo.com;False;255
randy90;5+3RPEoA&n;premiuim;53;heidi91@clark-hamilton.com;True;414
hperez;06_SVgxX_9;premiuim;34;james88@yahoo.com;False;181
laurenalvarez;o_*8tMbOmr;owner;100;timothyross@jackson-fernandez.com;True;841
patricia58;#cKepwf@t3;player;8;ericmendoza@gill.org;True;944
alexisbaker;6W7^*0Hi$u;moder;61;james53@gmail.com;False;132
courtney82;^7Q^pLrB$z;owner;73;prattjuan@hotmail.com;False;233
whiteshannon;+u2JfwVhC1;moder;27;audrey46@gmail.com;True;249
austin81;^3hIMavxw5;player;88;cbuck@gmail.com;False;572
matthew75;UvKWGD1H_7;moder;29;hudsonamy@hotmail.com;False;489
qlucas;2Z9MG3tvF);moder;93;ingramjose@riley.com;True;212
cherylsullivan;ya4aZWrd$B;vip;85;vbrown@yahoo.com;True;293
riveraandrew;_q8MBn&n&a;premiuim;88;lanesonya@hotmail.com;True;4
jamiescott;TVf1Gsur*k;player;49;christina60@yahoo.com;False;115
ramirezjohn;NIs5%5RbD%;premiuim;30;craigcraig@moran.com;False;535
henryhernandez;u^7GZfaM*l;premiuim;60;thomasmoyer@hotmail.com;True;135
grosschristine;#J17jFibOW;moder;20;christopher89@hotmail.com;False;921
iperkins;@47IGqBWBF;premiuim;18;nicholas96@johnson.com;True;334
michaelburns;g3wQcUvR#_;vip;95;smithwilliam@hotmail.com;True;956
pinedarichard;e0VyGaUj#^;premiuim;34;dsantiago@thomas.info;False;792
ronaldcoleman;2Fsq3jZt(u;premiuim;35;medwards@khan.com;False;623
umckinney;PCf5ZBcK@s;moder;81;michael30@yahoo.com;True;760
john09;!G8+%Uvy5e;player;99;robert09@gmail.com;False;1
amyhall;nC7hRxvY9+;player;30;perezkaren@pierce-jackson.biz;True;91
laurentaylor;0&!5DtvziL;player;88;erikfuentes@lopez.net;False;400
acook;)cOkfF)99q;premiuim;61;cruzryan@tanner-kelly.com;False;707
djones;^7qBgOletj;premiuim;99;evananderson@hotmail.com;True;449
carlakirk;#1JgQIfk41;player;39;vincent43@grant.net;True;354
barreraalexandra;I7Nr_fUh*6;owner;85;lisa38@gmail.com;False;56
imitchell;!w(7lNCmY!;player;98;pconner@gmail.com;True;635
tmckinney;M$&4NDFgOi;player;64;cohenjulie@hotmail.com;False;768
donaldhunter;2gFtY8Ce)X;owner;44;ysmith@lowe.com;False;710
kedwards;(Z3@DgfG5Q;owner;31;carolinelloyd@yahoo.com;True;332
sweeneynathan;^5DbbwixoH;premiuim;74;lmartinez@yahoo.com;True;448
mendezpeter;*rQU(^OsM5;vip;39;nicolehughes@little.com;False;498
rowecharlene;%TDo*mTro4;premiuim;57;walkercynthia@yahoo.com;False;150
garciaclayton;a!0EyEaK3t;player;69;michaellee@ponce-williams.com;True;62
hodgescathy;*M6xI$fd@v;owner;21;madisonjones@watson.com;False;51
emartinez;L9HVX$qS)n;moder;57;douglasgarcia@ramsey.com;False;296
chapmanmichael;_CQ)DH%p7d;premiuim;61;nancyhammond@foster-rodriguez.biz;True;441
juliahawkins;x03EBktfJ$;player;74;ncase@hotmail.com;False;902
jonathanbailey;SQT^OC0w@1;vip;43;oliviafrench@yahoo.com;True;636
markramsey;sNmw4FnT&j;player;35;juanbauer@smith.org;False;455
laura75;WZ3eLaI!^0;player;7;thomasriley@vaughn.com;False;366
donald22;u(Xx88n#@9;owner;45;lindsaygibson@williams-richards.net;True;130
bradley20;AYF1jTxf*);premiuim;27;icastaneda@greene.biz;True;289
paul47;r3C&h2Wn$5;vip;8;martin40@duncan.com;True;447
pamelacole;bLuv2BJcO(;vip;44;rachel58@hotmail.com;False;438
matthewsanders;^)0F$rulXR;owner;3;jacob51@gmail.com;False;394
scottdanielle;+G7KlE^aQy;owner;72;mooremariah@yahoo.com;True;800
hillsabrina;&59BFtDm$X;player;45;freemandawn@gmail.com;False;953
vickie34;lZN_1L&ahD;premiuim;59;hmclean@sosa.org;True;954
browndaniel;s**z0WJvf4;player;69;pfrench@moreno.info;True;485
johnspatricia;2DLxh#gy$a;premiuim;60;robertmurphy@kelly.com;True;868
michelle81;4wE7v%Aq!9;vip;17;thompsoncourtney@rivera-casey.info;False;563
johnny55;(0C^r6i*SN;premiuim;47;nortonmark@black.com;True;896
hooperjennifer;%r39(Co81s;premiuim;19;katherinesmith@hotmail.com;True;163
christiannguyen;S1V3Vso)%3;premiuim;60;anthonymiller@yahoo.com;True;493
elizabethchapman;c*4C(oEk*_;vip;66;philip76@yahoo.com;True;487
jerry50;N4G9g6fD)S;player;16;brownnorma@hayes.com;False;747
tiffanyford;l+37CCZud);owner;27;richard94@hotmail.com;False;166
kelli49;1KYNm@il@W;premiuim;95;farmerholly@hotmail.com;False;66
garzazachary;^k94Nelt&+;owner;16;julie64@joseph.biz;False;424
kimberlyholden;yO(K8Y@g_1;player;31;markbrown@gmail.com;False;620
randall73;N7_@Y9IuVF;player;88;angela17@hotmail.com;False;104
jasonbenjamin;%A&$ZB$w1t;vip;88;andrew28@scott.com;True;842
chasetamara;NXP10F_s!e;player;69;jennifer84@gonzales.info;False;771
jamie59;g4CJdazg$r;premiuim;20;nrodriguez@shaw.net;False;306
fgolden;2z&LOufP&Y;owner;2;vmartin@johnson.com;False;595
rosebrandon;%hkIHBfzM2;owner;21;ejohnson@yahoo.com;False;442
edwardsjoseph;QE@E0El$@4;premiuim;54;lori12@hotmail.com;True;882
jameshaynes;DkFTme*z)9;moder;63;connie41@rodriguez.biz;False;140
leah04;^8@Vd3yp0(;owner;34;abigail43@leon.com;True;723
brandonharris;V+K58fHGRz;player;24;bmiller@wilson.com;True;333
andrew21;dv8TNtMrV&;vip;80;rodriguezteresa@gmail.com;False;904
sharonpatterson;D#c(8Td9E4;moder;45;shafferdaniel@gmail.com;False;892
eallen;hqB+2Sb&+0;moder;99;ahill@gmail.com;True;216
austinvalerie;!xEHOV3*2p;vip;86;hopkinsdaniel@hotmail.com;True;309
candace18;biEUeL^7^4;owner;71;davidlopez@yahoo.com;True;69
laurie02;E2HU22mE@S;owner;27;jameswhite@hancock.org;True;995
kramos;(cX5Pmb9w3;premiuim;43;wmcfarland@marshall-hernandez.org;True;475
rfoster;p3H@%g8Q!+;player;45;ahayes@yahoo.com;False;968
hansenpeter;E@1_SFhi7X;owner;3;bhorton@lane.biz;False;732
gmontoya;uN1UtoLk4_;player;74;rachelperry@yahoo.com;True;862
kyle07;K^5XZB@nUm;owner;5;elizabethsmith@butler-shea.com;True;782
hurstmary;h^^rv*Ww$9;premiuim;85;clarence35@gmail.com;True;170
thomas21;#Y15Qxn*(q;premiuim;78;maureensmith@newton-lee.info;False;83
lmorris;+d7Qoz5&T7;vip;0;yjohnson@cunningham.org;True;213
jacobshelton;)Vu0YuKc#V;vip;50;molly57@herman.org;True;910
lindsey52;$MqKZ2QcX!;vip;42;mendezcrystal@lewis-thornton.com;True;557
whitney10;S3F2wsDH%d;vip;57;sharpharold@yahoo.com;True;388
jose04;t#8A7hjf+8;owner;47;lhopkins@young.biz;False;314
cummingsjessica;Y5VDXPCv)4;owner;42;max53@wiggins.com;True;859
evanfigueroa;!6)86Qd@$s;vip;59;kathleenraymond@richardson-rasmussen.org;False;468
smithmelissa;%9RWNrs9@v;player;77;tlynch@vega.com;True;605
vlopez;_CWQxeZW+6;moder;99;vicki01@willis.com;False;683
bakerlisa;(C1t1RSbdZ;owner;78;christinewang@gmail.com;True;702
christensenjoshua;H9$3IkkXAM;moder;24;gsmith@phelps.com;True;250
pcoleman;^WFSFaMmx5;vip;64;silvanicholas@arnold-mccoy.biz;False;976
ofranco;+8CI0Cr)j*;player;3;danielrobertson@hotmail.com;True;797
danaacosta;F@6L@MjF$2;vip;71;edwardcollier@west-shaw.com;True;219
jedwards;t_*62EtUZ9;vip;84;gperez@yahoo.com;False;630
bushmichael;!ytWnYg_@2;vip;99;destiny34@paul.com;True;408
sandracowan;o2dWXkmA(C;moder;82;johnsonamy@gmail.com;True;551
nporter;Z5yDh(Fu^T;vip;55;katherineallison@barnes-kennedy.org;False;558
mistybrown;n(2ULaQ2sU;player;82;xmaldonado@barnes-holmes.net;False;205
tali;z*1LtNA)!&;moder;89;ydaniels@hotmail.com;False;353
caseyrogers;*&5$s8Jx#z;moder;12;whughes@hotmail.com;False;737
martha35;T(87je&f$H;player;19;djohnson@simpson.com;False;981
wandamartinez;G494KOizX%;moder;29;james21@dunlap.org;False;658
jonathan15;!rv1Hy1!sj;moder;32;timothy59@hansen-david.info;False;851
kathy85;(zGJQBvT_7;moder;56;navarrodavid@hotmail.com;True;883
jennifer89;t^5Wsu$tvS;vip;84;kaylee98@king.com;False;661
sabrinaburns;6AAhUfKX_0;moder;55;schultznicole@gmail.com;False;898
amymcclain;d&4xzUPo6t;premiuim;76;kevin93@meadows-smith.com;False;579
hooverjames;ex5uFCca(2;premiuim;61;christinacollier@gmail.com;True;700
amanda62;@8tM)PsKcI;premiuim;17;qjohnson@gmail.com;True;464
cunderwood;I(0@zGPnQ1;player;16;fraziergrant@hotmail.com;False;261
owatkins;f4*rVs7o$&;owner;82;utucker@reed-roman.org;False;251
fsingleton;&8!Dl%Y$ZM;owner;5;halledward@lopez.com;False;855
jmarsh;)3GfoJH3&2;vip;13;aprilcole@gmail.com;False;990
mcdonaldchelsea;71TZ#0z7&o;owner;69;nunezelizabeth@yahoo.com;False;8
pamela87;@54KJzsxQ$;premiuim;49;pcooper@gmail.com;True;198
ycollins;WGUBZbBz!6;premiuim;87;morrisdavid@gmail.com;False;571
zdaniels;T6FXv3P1^H;premiuim;72;nhendrix@bell.com;False;638
douglas92;$0Mhiey(w(;vip;32;dorothymelendez@gmail.com;True;232
myerslori;C8W*7BjhO@;owner;5;ymartinez@yahoo.com;False;264
jgibbs;n(5xAEpU!);moder;21;alexandrahill@yahoo.com;True;128
colemanbrandon;35BZ1Ug&k!;owner;97;sarahjohnston@yahoo.com;False;257
jillbarker;+5CFrlz#)!;premiuim;24;christopherwalker@gamble-parks.net;True;351
kirkrebecca;q(80oCbz_5;player;73;jessicaparker@townsend.info;True;580
vegajuan;u+2vDvmgMu;moder;15;stephaniepatel@wells-miller.com;True;622
kelly10;WLLF08Qq#x;premiuim;91;james34@yahoo.com;True;988
ggreer;QAF+G1NzA_;owner;10;xjordan@gmail.com;False;632
marissa64;*o0Zs4$j@R;player;99;jennifer08@knapp-preston.com;False;164
zball;BVH$4vBqwT;premiuim;47;brandonturner@hunter.com;True;860
patelmarie;5MQm_Pcy^l;player;29;zschwartz@yahoo.com;True;675
mgomez;+0Yla7*T0S;vip;95;vgolden@gmail.com;True;621
jared97;_!SKCrt@*0;vip;71;matthew94@savage-smith.com;False;521
anthonybush;p@7tREB&8q;player;70;teresa59@burns-carey.com;False;446
clarksean;AABI$Cnl#3;owner;85;thomasanthony@hotmail.com;False;912
halljoshua;2i*K9Ou0O#;premiuim;37;ganthony@howard-wagner.biz;True;454
susanrogers;e87lOmG%*(;owner;68;veronicaroberson@hotmail.com;True;500
kristen90;_OjZ#uQzY2;vip;51;curryjulie@yahoo.com;False;80
heather56;%&4D+l8k+J;vip;31;brianacollins@price.biz;False;895
crystalstewart;!lMAbD4)N1;moder;28;huffmancrystal@gmail.com;True;136
robinsonamy;m#w_2pYv#7;player;77;bhudson@hotmail.com;True;688
morrisonlinda;wCz1tHru&r;vip;92;vmartin@hines.com;False;794
jhernandez;)bCKGYyx9_;premiuim;63;fischermanuel@gmail.com;True;719
elizabethwalters;5g^(8FrNY$;moder;17;kimberlyrichardson@hotmail.com;True;543
rebeccahartman;D+(92OigL%;premiuim;13;christopher88@tran-jackson.org;False;610
taylorandrea;Gp*e)3Ektx;premiuim;0;carlbrown@hotmail.com;False;919
ocervantes;w$6S5Ge%%N;vip;56;thompsonduane@gmail.com;False;411
mark22;^6XH$5Vmc8;owner;77;udavid@sosa.com;True;172
agibbs;e+9Hvdi_JH;premiuim;75;flemingsarah@davis.org;False;291
choiangel;I+4Uscb570;vip;50;sanchezedward@moss-davis.org;False;951
ubaker;Mkw6ZB&v(t;premiuim;43;alison89@howell.com;False;879
gomezsamantha;O_Y2A9JuOy;moder;8;ashleydunn@gmail.com;True;397
aaron20;)ebRf6PcL1;moder;73;jasmine48@gmail.com;True;587
stevendavis;O^x1lEWluC;moder;50;erin87@curry-henry.com;True;123
brittany78;M^El5Iz%D^;moder;21;lesheri@gmail.com;True;694
brandon57;c!Vz19y)HG;vip;70;smithjulie@warren.info;False;552
nicole33;@(Nu4Az3Ip;premiuim;63;rebecca61@gmail.com;True;486
matthewmclaughlin;)8+$0CsuOD;owner;74;williamscasey@gmail.com;False;679
jeanneholmes;*01MPxfQ7l;owner;71;fmcguire@bush-moore.net;True;325
curtisdiana;wS48Nurl@Y;moder;31;megan05@hotmail.com;False;308
joelhowell;(8FcKBxa^n;player;75;stevensonjennifer@gmail.com;False;318
timothystark;U6DtPi_$&E;player;44;jerryowens@gmail.com;True;215
jessica25;#0G8wR*u5E;player;1;ophillips@chan.net;True;431
erinanderson;#8Tt@Aa_!m;vip;13;morganashley@hotmail.com;False;850
xklein;wATI@3^hn$;vip;15;waynecosta@walker.com;True;891
morganpatel;@xSBA#kfB1;vip;69;michaelbenitez@munoz.com;True;649
jennifer87;!vEDvkQ*4@;player;20;ahall@jenkins.com;True;256
jeremy00;!e54cDw*hJ;vip;82;evan45@gmail.com;True;437
joshua73;&qUo0YQqW!;vip;24;angela60@anderson.net;True;456
steelegeorge;RVP1D@tx@v;vip;89;joseph60@gmail.com;True;443
apatel;q3H))I94@n;owner;7;dgilbert@smith-sharp.net;True;481
brooke53;w3Z1GEqiX%;moder;12;cerickson@lynch.com;False;925
williamspatricia;2gZK5Dm)&W;player;83;robinsoncarlos@hotmail.com;True;588
ryan12;d9ez&I$u^u;vip;9;erikrodriguez@hotmail.com;True;821
swright;Ah#8Ni4ND!;vip;27;hpatterson@thomas.com;False;93
fgreene;6Kv8iOps!h;owner;29;ogoodwin@mitchell-morrow.org;True;893
ashley91;!xN5nsJtG_;vip;85;bhorton@hotmail.com;False;48
samanthafarrell;%P&9UEjwF0;owner;34;hholt@hotmail.com;True;226
lynnbrown;0y!hCEbo_s;player;15;melaniegarrison@hotmail.com;True;503
erin69;#2XRlJQj#v;premiuim;64;nicholsjames@brown.com;True;909
vaughnlisa;+x2OxTwGo2;vip;36;sheri59@yahoo.com;False;524
wisetanya;@Z$5XGvy1M;owner;94;lreyes@hotmail.com;True;317
joycesanchez;fU$wQ5HwZc;moder;19;hevans@hotmail.com;False;869
kristen04;%_zjEehJB2;premiuim;31;donnajohnson@mitchell-stokes.com;False;793
hstevenson;kv_5YxwHE7;premiuim;100;hesssarah@cline.com;False;202
deborahbennett;1nTdLuVu&_;premiuim;2;gregoryburnett@gardner.com;False;644
bsalinas;+GRRxa4k%2;owner;90;williamgentry@davidson.com;False;383
josephbarnett;$tSbKjKV^8;vip;24;joseph14@hotmail.com;True;865
rebeccawilson;Gt6HLkc#+8;premiuim;70;hduncan@gmail.com;False;19
troyblair;V_89yQIfcZ;vip;34;holmesscott@gmail.com;False;193
osawyer;^9Z#y4hvlN;premiuim;17;joshuahenderson@yahoo.com;False;924
davidsmith;Vn1%NO3H%@;player;70;qsmith@gmail.com;False;14
bjenkins;f3&5MDqW13;premiuim;55;todd34@willis.com;True;180
rochoa;(5fxZYNtPj;premiuim;2;tammie11@hotmail.com;True;994
vmiller;2_i8ZYFgS^;owner;34;jcarroll@yahoo.com;False;709
jaclyn66;^zZJ1Zku@1;premiuim;31;camposmaria@hill.info;False;564
uknight;LD(729Ea^x;premiuim;21;keychristina@castaneda-johnson.com;True;848
randrade;kpuS8M&l#1;vip;16;jasonmeyer@hotmail.com;False;152
pamelasmith;Kl(Gw9Ou+j;owner;4;steven07@gmail.com;True;43
evansjeffrey;gZg!9BwmOa;player;23;fmartin@yu.com;True;118
paul07;_KEgpZ6E7t;player;43;karenjohnson@sanders.com;False;229
edward10;!b4AxOHX00;owner;36;ryan85@yahoo.com;False;864
sanchezmatthew;V%7LvglEb9;premiuim;34;paulagilbert@hotmail.com;True;920
austinsanders;^1Hm^T7Eiu;vip;67;wstanley@gmail.com;True;980
daviskatherine;%+2@EXTaAa;player;23;robertoliver@yahoo.com;False;780
davidcosta;0qe&HdWN!R;player;55;amandaowen@gmail.com;True;811
owilson;L5GfYmgC@i;moder;40;lisa33@gmail.com;False;432
mary25;*HV@y@3^g9;premiuim;50;jared40@gmail.com;False;796
kari60;M66AmOXA@X;player;29;brandtann@smith.org;False;177
fmorgan;$Z7Cfezx6t;premiuim;1;aaronpayne@gmail.com;False;905
veronica64;*7xGHd*l27;player;100;catherine10@hotmail.com;True;206
christinemelton;K!4GE(6x&b;player;1;bjohnson@hotmail.com;True;646
james22;#n2MdSWIBg;owner;7;zachary70@hotmail.com;True;805
duncantonya;$aj6#xKsU#;owner;19;brewerjasmine@gmail.com;True;650
pearsonsheila;h6)8PQVd2!;player;78;pgriffin@wagner.biz;False;672
dylanhoward;3GA2aEpp@o;vip;42;mariajackson@hotmail.com;False;171
brian07;@e4D9WXcI5;owner;13;ujimenez@hotmail.com;True;92
jacobromero;%6EKhN_p2&;owner;33;vdouglas@gmail.com;False;854
matthewleon;S7rzGyhV%$;premiuim;30;riversbruce@yahoo.com;True;71
wendy34;*8ejFnaMr(;vip;25;georgecarlson@yahoo.com;False;246
amy84;)P#)IJkab0;vip;14;bhall@davis.biz;True;335
matthewbarnes;w3kt7CYh+V;owner;22;lwallace@gmail.com;False;349
huertakristi;24HAtlg4)k;vip;25;xvillanueva@gmail.com;True;247
elaineknight;$#6S&tf3H6;owner;54;ebaker@yahoo.com;True;67
timothy65;4_)HCmUn(9;moder;69;tdavila@gmail.com;True;283
meganjackson;vuR4#*On&e;moder;88;fsmith@hotmail.com;True;831
zmelendez;#&*2)OfKiD;owner;15;rodney64@jordan.info;True;221
sandovallinda;#9@PTo*i2R;vip;77;hernandeztheresa@fischer-carter.com;False;384
sschultz;^6EM#rLF^f;moder;14;ebrown@hotmail.com;True;39
douglas63;_sGGKmlZ21;vip;64;christopher85@williams-haney.com;False;44
perrydan;H)08ZIcg%Y;owner;14;michelleanderson@cline.com;True;754
hpeterson;^vi1QiAM$+;player;38;velazquezguy@thompson.biz;True;722
lparks;7A6i(Eei(a;vip;87;staffordjanice@shannon.com;True;911
pbrown;^D4Srwq#Yz;vip;33;johnsonheather@hotmail.com;False;671
fernandopham;d&1HNmq)yd;player;12;jacqueline53@fitzgerald.com;False;916
nhale;@%cK2G*l^#;player;69;jasmine54@yahoo.com;True;28
matthewsjames;A+1oRqw^%);vip;47;graychristopher@brown.com;False;238
ann12;07KYByFu#K;moder;62;obrown@hotmail.com;True;242
gardnertyler;#PC2ROufR7;player;57;joseph65@yahoo.com;True;188
joshuacarroll;S)7kWh2^#C;owner;57;huertajacob@hall.com;True;915
aclark;!S*K@DMk@7;owner;83;blaketyler@gmail.com;False;767
kylehernandez;&6CiVi_$*0;owner;0;ekelly@horton.org;True;561
jennifer17;j19RmmXH*3;moder;52;brenda24@davis.com;False;466
kimberlynorman;!3Ti)ZIqq&;moder;18;christopher15@day.net;True;252
bucktiffany;2ILNEtl&^4;premiuim;38;nbooth@warner.info;False;97
tanner66;n6Jz*$lq&7;premiuim;98;baileyemily@gmail.com;False;57
nguyencourtney;@N7Tj53C7S;player;51;ttucker@gmail.com;True;165
deancraig;&zBVSiNd8z;owner;27;scott55@gmail.com;False;540
yjohnson;W62YEnl_(r;premiuim;70;jacob92@smith-anderson.org;True;965
jamesadams;w6!n9S4lR@;premiuim;44;greenbradley@mckinney.com;True;17
bradley48;R!g6YMvDp*;vip;67;erik78@gmail.com;False;541
egonzales;YS$b^2Sfi%;premiuim;55;bradhancock@gmail.com;False;84
contreraskyle;#(9QAIeSw0;moder;29;bmiller@yahoo.com;False;606
pbird;_+D3BkGzMA;player;42;elizabethspence@young.info;True;426
alanjones;&YBxg!CN86;player;32;martinalice@miller.com;False;461
nmatthews;$H7QSIMz@_;vip;35;smithemily@peters.com;False;845
ashleynichols;H5E)V4Bb&c;premiuim;21;gabriel84@hotmail.com;False;396
matkinson;MAhNXASs@2;premiuim;7;eric49@gmail.com;True;519
danielle72;@+)_1FAv*M;premiuim;85;wvaldez@hotmail.com;True;652
dstein;jjMkAjj4*2;owner;100;karenmendez@hotmail.com;False;693
wesleyroth;K!K1lPUhlq;owner;96;smithamy@david-norton.com;True;899
jamestucker;xC4Qj3tr@R;player;17;daviddaniel@harris.com;False;795
rsmith;&)_r9Nhal3;vip;57;jeremy06@cooper.com;False;651
vharvey;K5^_tDw+#1;player;14;shelbydouglas@ross.com;False;303
moranheather;$#2WgtNb_4;player;42;murphybrian@best.com;False;428
reyesbenjamin;7KX2MOaw@9;premiuim;5;theresamiller@richmond.com;True;963
castillojoanna;q+m#0Wgysn;vip;36;jhess@yahoo.com;True;13
gatesangela;WEd01MKfQ&;vip;91;alexis13@gmail.com;True;949
rhartman;yY1G+TvF@8;player;45;aliceberry@mckenzie.com;False;218
tuckerricardo;!py7qLEq&z;player;49;dmitchell@bailey.org;False;440
davidthompson;Tn4gdGgz@d;premiuim;5;kelleypreston@gmail.com;False;566
jcobb;))kh(QVcY0;player;46;heathercooper@smith-price.com;True;786
amanda99;%QXW+oyOJ7;premiuim;72;joseph62@hotmail.com;False;116
jillianhorton;y*3Fq6liX+;vip;11;athompson@hotmail.com;True;926
lynnhenson;!5s&+5Mfqf;vip;20;yolson@yahoo.com;True;657
xprice;ks9dDZd!$K;owner;19;kathleenmcdonald@anderson.com;False;696
harveyharry;7$auPP#S*t;premiuim;66;alexanderanderson@hotmail.com;False;285
david88;yBKf5^^T*3;owner;58;cmyers@cook.net;False;779
smcdonald;L2f%D$vg+t;premiuim;10;ericweaver@gmail.com;False;502
rnelson;^#59(WJlhP;moder;73;arthur04@hotmail.com;True;352
zimmermansandra;$8dxZtbS_!;vip;60;scott77@chung.com;True;602
qhunter;+cLGJOBh8V;vip;37;nicholeharris@yahoo.com;True;674
meghandavis;*b7J3mPvYo;moder;1;wrightcrystal@robinson.com;True;204
rblanchard;)X!yBa$Be1;vip;38;alexissanchez@hotmail.com;True;240
kennethfoster;Z^iU1Wq3b4;vip;89;leemichael@gmail.com;True;608
yshaw;Z)38dLt5Ek;vip;7;traciedelacruz@hurst.com;True;775
lisaowens;5%5Jf@!kVO;premiuim;79;ian51@sullivan-houston.com;False;134
vickie41;&afyJb*p@6;vip;13;hrodriguez@yahoo.com;True;234
brianna80;O^r6I*m5_r;moder;22;marcsalinas@sanchez.biz;False;101
ablake;U0Pw9(pB!k;moder;88;bethanyjohnson@hotmail.com;False;319
jessica10;M^Q8XGiK@e;player;79;jeremyvelez@terry-long.com;True;429
hjones;6$*44Pk%)m;vip;78;gpetty@morales.com;False;387
vroy;S86wUcMo^$;moder;58;owhite@hotmail.com;True;758
jkelly;*x8#9_Uf$p;moder;15;timothyhuff@yahoo.com;False;82
ereeves;hPn0v4Hq*H;premiuim;55;laura61@mann.com;False;208
laurasantana;kuF_6SnIWL;moder;75;maria88@gmail.com;False;375
fwilliams;^h#8NR$mn6;vip;74;garrisonjimmy@gmail.com;True;828
watsoncheryl;!3E37vGaYf;player;11;michael57@gmail.com;False;655
yatesjessica;xCK3Yx5Er#;premiuim;42;valerieharris@garcia-washington.com;False;684
fdelacruz;fm3TI0Cm%V;premiuim;31;nicholasandrade@harris-williams.biz;False;385
wfoster;&D6X&LsG1k;vip;88;bkramer@williams.info;True;728
raymond89;7!xLlQlK$8;player;2;wendy63@alvarez.net;False;960
lewiscaitlin;1@us2W$v_C;owner;48;xross@fernandez-jacobs.com;True;517
krocha;e4aY9W9p(A;premiuim;39;dreese@gmail.com;True;294
ramosjoshua;+y5Ce^wk^E;moder;26;debbie48@ruiz.org;True;703
brettwhite;536*Dz_N$&;owner;18;nelsonbobby@wood.net;False;401
madison40;sD1DJreJ&X;owner;75;kevinhudson@gmail.com;True;711
weberkaren;#@0EmHhN$8;moder;44;amy93@carr.com;True;534
xmoore;#5)JDPtT$W;vip;1;ubrown@norman.com;True;403
vincent90;)m1K4hIiaW;owner;64;dalton47@mueller.com;True;514
loweryclaire;$6rJ+UKu*3;player;94;sschmidt@wood.net;False;103
copelandalicia;QZmi4bAe));moder;53;clarkbailey@gmail.com;True;147
paul26;(2AMg7Ytvy;moder;29;mjohnson@gmail.com;True;59
joelsavage;9bwHkmim!m;vip;91;pmiller@yahoo.com;False;227
tiffanypeterson;_aTUlH2t8c;premiuim;49;diane31@hotmail.com;True;984
markrice;s2on*DjC(x;premiuim;9;wanda10@hotmail.com;True;346
michael52;27FJ)Cv(^*;owner;22;cantrellmark@hotmail.com;False;964
georgekarina;cy%I2F^bt$;premiuim;17;kara23@brock.com;True;490
jillian29;&PAK_5SpGP;vip;14;bradynicole@gmail.com;True;167
jacqueline51;a^8@XRTeQI;vip;76;russell74@johnston-waters.net;False;989
hhernandez;W!1gKxxSL9;moder;80;joseph31@sparks.com;True;268
nhall;3b3rhJWfG@;vip;45;rebecca61@mahoney.info;True;15
jessica01;&4*dMjo_79;owner;72;rharris@gmail.com;True;211
shall;$F^2NTFa0R;moder;91;gbaker@gonzalez-taylor.com;True;978
kathleenwright;H*%S2FeVdU;owner;31;ericjones@yahoo.com;False;422
trevor42;6_0C6B8k$x;player;73;lisa13@joseph.com;True;601
whiteheadrobert;2d&MEXyK@1;premiuim;85;jenniferbass@yahoo.com;False;647
michael41;_O1EYUqCzX;premiuim;50;carterdavid@brown.com;True;436
crawfordraymond;wYx8sIjR1^;vip;87;tthompson@klein.com;False;339
lwallace;O(2PKe(&_R;premiuim;28;molly85@yahoo.com;True;398
timothy25;k3jT5ySx#+;owner;62;joshuaolson@best.info;False;861
benjaminlarsen;q8Z1tXEt@D;player;56;sheilapeterson@gmail.com;False;420
robinsonjuan;_3F&OeTlNa;player;67;kellyrichards@gmail.com;False;472
gordongregory;6C(14Zgl+x;vip;96;johnnyreynolds@anderson.info;False;586
brooksspencer;j&I1Vurm(@;premiuim;83;kevin14@yahoo.com;True;145
duraneric;^0g1nJSqTs;moder;100;amanda06@harris-bray.org;False;673
baileymichelle;gg_2D8p7y4;player;7;michaellong@padilla-duffy.info;False;119
jacobsmatthew;R+sM4BQu+V;premiuim;37;moralesrichard@kim-johnson.com;False;495
danielstein;k@9ek8FzJJ;vip;41;vpineda@yahoo.com;True;967
zhays;Q2VSK3dE@g;moder;8;brian60@hotmail.com;True;727
charlessmith;^de5LwbxG(;vip;33;thenry@hotmail.com;False;957
lesternichole;G4wMsxwh_o;player;39;ythompson@ward-sharp.com;True;818
miguelcraig;!c2WgRMlaV;premiuim;31;kellymelissa@evans-ochoa.com;True;886
ybailey;!b3OnZmn8(;owner;61;frederick91@hotmail.com;True;76
arellanojoshua;d)%a7$Tne+;moder;33;wendy32@gmail.com;False;209
patrick99;aI1CD5WfM+;owner;46;shelbynichols@hopkins.com;True;741
awhite;)T)h0I4R1b;premiuim;48;christina08@gmail.com;True;840
stewartgina;wIh2ijDhs&;owner;56;kthomas@gmail.com;False;280
sanderson;mp_6ERxw*4;moder;49;yvonnebryant@gmail.com;False;415
thomaskatie;_yl58Nojs7;premiuim;8;bgray@yahoo.com;True;9
jdavila;n$9&3EAh*^;player;38;kperez@yahoo.com;False;98
whitenicholas;IMFS@Kvy(3;moder;2;flemingrebecca@francis.net;True;866
bensonjustin;dc@q2$Xkh6;moder;54;melodymiller@barber.com;False;706
bconway;j0Nsim(b@z;owner;22;fgilbert@yahoo.com;True;405
smithbrittney;N+Z8Zc5st%;moder;7;jasonbrown@morgan.com;True;381
stephaniemccoy;O#v7mHpmTI;moder;41;vcole@yahoo.com;False;962
champton;@B!!ptgv!0;vip;30;alexiswhitehead@hotmail.com;True;348
wwebb;b^Ps5W%maH;player;57;stephanie92@carr.org;False;112
wreid;5$%2Mx8n!+;owner;88;matthew24@nunez.org;True;192
anthony81;pcAZvyzm#5;premiuim;2;angelastout@velasquez-scott.biz;False;751
thompsonsara;f9Cc5p0g_l;owner;82;lopezgregory@ruiz-meza.com;True;10
stewartannette;+O5W#6Wsty;vip;100;mnorton@woods.com;False;568
matthewnelson;&bREE)wFQ4;premiuim;14;davisdaniel@hotmail.com;True;757
nvargas;o799DTwx#f;premiuim;81;theresa20@valdez.com;True;169
anthony16;I4l_7YUmyb;player;36;christywest@peterson.com;True;772
katie63;_4wE2Wvz14;moder;58;dstewart@taylor.com;False;933
cody06;G8Hl*zS6#o;owner;46;richard87@navarro.biz;False;102
marcuswheeler;$M1c3^Be8i;premiuim;29;mgreen@rodriguez.com;True;453
john77;qraT_4zn^7;moder;17;conwaymichael@hunter.com;False;237
hensleykenneth;_8uFTKoz7M;moder;28;ldominguez@yahoo.com;False;186
alexander77;(2og_sZuGM;moder;18;raymond25@huff.com;False;214
christopher94;su6CX^Cx$(;player;48;jedwards@nguyen-zuniga.com;False;823
pchung;_8pr0MKz_h;owner;3;katherine29@yahoo.com;False;3
colonjorge;_9DFOFij7M;premiuim;42;jeffreythompson@hotmail.com;True;867
lucasjohnson;$$3%Zlk+HL;premiuim;82;frenchmonica@mcdaniel-brown.com;True;58
xtran;_)84xy&oCL;vip;73;danny87@hotmail.com;True;785
lisaroberts;yf7CczlB#v;moder;9;briggschristina@gmail.com;True;483
tracy57;#N9R2a_LDb;owner;39;robert74@hotmail.com;False;217
colemanrobert;E*1PlpgH1f;premiuim;66;carla77@riley-martinez.net;True;715
allison92;*9W1dbQgdk;premiuim;83;ethan97@hotmail.com;False;178
ginawalsh;5eB%LToS%8;owner;78;brandongilbert@yahoo.com;False;460
pricevictor;n^$VcH#x^5;owner;22;halljaime@yahoo.com;False;343
patrickhopkins;M%g8FVNoDN;player;55;pmclean@maldonado.org;True;127
kwhitehead;@c3BT6VmM&;premiuim;88;brenda53@smith.biz;False;265
fking;E0_47Qw3OW;premiuim;93;steven56@rodriguez-bowers.com;True;755
brandi20;izMt9RlO@_;premiuim;75;jonesmackenzie@yahoo.com;False;121
brandon27;^W$WgeMu7i;owner;44;martin41@smith.biz;False;451
alanschneider;^5kI6NjIZt;premiuim;20;ramirezchristy@gmail.com;False;833
hunterdonald;v6XRXc&9#H;owner;46;john49@hurley-scott.com;False;380
bailey84;du9O)Ayn+^;player;43;ssummers@yahoo.com;True;162
ljohnson;&s0ExVg5p*;vip;30;lauren98@yahoo.com;False;773
jstein;kJ3LXe7bI&;owner;57;reginareese@gmail.com;False;382
nunezdavid;y^Y2oI@h3$;premiuim;59;davismorgan@brooks.net;True;730
utrujillo;R2NHcnig&#;vip;0;hfoster@gmail.com;False;230
jennifer27;)09mJp!yw_;owner;81;granttaylor@yahoo.com;True;74
christopherharris;&f(PEuIa%2;premiuim;87;cdixon@yahoo.com;False;278
hunterzachary;nu4YZsV6w!;premiuim;8;malonevalerie@patterson.com;False;465
pamela52;)@!3SHkSGP;premiuim;86;amanda12@woods.com;True;973
novakwilliam;iLfF@V@o@3;owner;73;yowens@tate-joyce.org;True;815
medinacristina;ki3bVo!y)W;owner;9;dukedaniel@chavez.biz;True;940
ksandoval;*l6ViD7*45;moder;79;croberts@gmail.com;True;7
ellisonkristin;LTn3dJUo*S;owner;30;trevor74@hotmail.com;True;955
scott26;&2Ilaj&lFQ;premiuim;89;jonathanphelps@gmail.com;True;704
qdecker;@0xFcqTn)x;vip;13;nwashington@yahoo.com;False;241
fpeterson;(3)XuzxG)H;owner;14;huffmanjason@taylor.net;True;607
jack20;%2wyO8GjfT;premiuim;75;brandonperry@gmail.com;False;374
thompsoncollin;QNz7#0TrV&;player;73;crichmond@gmail.com;True;22
lynchmelissa;!5GHr^Pg83;player;11;jeremymartin@higgins-merritt.com;True;45
ivaldez;^q9XGnBQH1;player;66;wrichardson@miranda.biz;True;79
kimberly34;Q!10XMQk^u;player;22;gonzalezdouglas@hotmail.com;False;763
nbrown;!0PHuR%H1x;moder;74;kara07@preston-mathews.com;False;929
daniellescott;T2$6QqWkLQ;moder;85;psmith@gmail.com;True;654
hcosta;0_7Kdv#6L$;premiuim;45;ashley68@glover.com;True;452
robert50;H5BZchlS!W;vip;81;jeffrey12@gmail.com;False;822
vcasey;)+2JTd3lMW;player;41;harold59@allen.org;True;627
marksrichard;L(5VekHZd7;owner;65;rgarza@hotmail.com;False;559
smithamanda;#5P!In%Yrd;owner;61;jasmine10@richards-moran.com;True;46
romerodarren;hwDTaK8%+0;player;73;darren79@tate.com;True;813
joseph14;0i%2)RdUUW;owner;69;mrangel@gmail.com;True;506
murphykathy;_y3J71U)F+;player;61;davidjohnson@mooney-hamilton.com;True;687
smithsydney;Y5A1MMfa$j;vip;55;jenniferjohnston@hotmail.com;False;593
james88;P0JF&Ukw*(;vip;2;mmoore@hotmail.com;False;691
lisa86;H2EADj&a%Q;owner;24;fmccoy@gmail.com;False;90
prestonerin;h^j5cIem+J;player;71;gardnerdaniel@dawson.info;True;377
nmiller;*$q2YhbOwA;moder;67;lynnmendoza@collins.com;True;105
melody03;+5*OwI^764;moder;79;lweber@larson.com;True;492
lindsey96;wSHmMa+4^4;player;35;ronaldclark@hotmail.com;True;991
sarah37;!oFyc$Nua3;moder;54;zyoung@yahoo.com;False;799
ihines;9EV9kYLC*l;owner;52;lynn10@bernard.com;False;689
jenniferaustin;e$B3FmtZx);moder;37;mgrant@hotmail.com;False;618
silvathomas;)gBSLTY1*6;moder;99;wford@yahoo.com;True;222
logan77;($8h5TisJo;moder;92;egeorge@gmail.com;True;887
bradley67;*23VMjvhiF;player;81;monroedonald@carr.info;True;478
cfrench;pj*t21Rmt*;owner;48;kelseyboone@yahoo.com;False;676
kayla79;(G&8ICzFP9;moder;81;morrisricky@gmail.com;True;77
cynthia57;_1Ybyhfs#*;owner;74;harnold@yahoo.com;False;122
pbrennan;BK(3NryJD%;moder;55;jenningsashley@cox.com;True;189
laurieflores;#C^54FrS0A;moder;17;thomas43@hotmail.com;True;969
valenzuelaangela;R)U6H(mZKU;vip;27;brad16@scott.info;False;945
montgomerybrian;!9XLGpCQgK;vip;44;elogan@gmail.com;True;834
patrick52;+vR+KuOT#3;vip;85;juan19@soto.com;True;281
michaelterrell;(1^_l*M&gg;premiuim;93;yrivera@hotmail.com;False;724
sharivalenzuela;%jKDTbs1F8;moder;65;bnelson@hotmail.com;True;614
dustin38;u$5jKFiT@9;player;74;yperry@gonzalez.com;True;444
dmiller;&mu^7Xizr8;premiuim;42;gstone@rivers.net;True;505
cbowers;oX$NW*vg*6;premiuim;29;xgarcia@sullivan.net;True;536
philip89;DY49OGUt!B;owner;90;daniel34@gmail.com;True;324
peggy02;WwdIvHzi*8;owner;69;williamsonrobert@gmail.com;False;124
ygarcia;%21LTo)t^8;moder;40;tchavez@yahoo.com;False;890
cynthia87;*$t84_Om!f;moder;46;teresaballard@ramirez.com;True;966
adamsmichelle;d8vb6Ymu&);moder;4;williamstiffany@yahoo.com;False;301
ssmith;)g5ZVy(l6+;premiuim;88;florescheryl@gmail.com;False;778
whitneyrosario;*(w4OQziEL;vip;85;scottkelli@smith.com;True;927
blee;*jkaC1Fv(h;player;54;zachary94@hotmail.com;True;923
crystalsimmons;y%W8iWw&(n;owner;62;suzannemays@bryant-merritt.com;True;476
turnerdaniel;t6lq!kGg+0;premiuim;23;bishopjim@fischer.biz;False;639
vbrooks;Q&7r7Tfd_T;owner;21;jill87@gmail.com;True;788
kimberly63;!0NZH*Nax);premiuim;78;stephanie18@hernandez-thomas.com;True;556
msmith;t2CUo)4r^3;moder;30;nunezmelanie@tran-simmons.com;False;68
lararichard;8@6IX*Yra%;player;56;gina46@rich-tran.com;False;846
qpayne;8#S3Kldyx!;moder;5;yvettethomas@gmail.com;False;510
nicholasporter;!0m4Ao9EQ$;owner;77;patrick17@bryant-brown.info;False;410
sblack;y4d8HwUc^y;player;30;alexa11@porter.com;True;713
geraldmiller;2+3#K%%qzm;player;36;brendasalazar@hotmail.com;False;894
joseph36;!50X7eYg&0;player;14;anthonybrooks@yahoo.com;False;364
haroldnewton;xj+%1ZRs@O;owner;1;wilsonana@williamson.com;True;413
uwilson;b6%F%p8u)O;player;74;michellesolomon@howell.com;False;142
nortonashley;(66RFtvXAV;vip;97;smoss@moore.com;False;584
smithmichael;Ph0isBZO)4;premiuim;63;christopher56@yahoo.com;False;435
bowersmichael;9AW#1Zj5#);moder;26;lopezrobert@robinson.net;False;160
matthewfarmer;&OEXVz7k1x;player;17;pdickson@thomas.com;False;660
julianjackson;&RXS9C(pYK;owner;93;davidbrandt@newman.com;True;368
courtney01;WM++X63tH(;premiuim;51;ronald86@burke.com;True;297
donnawong;@)Ox$x!467;premiuim;4;bellcesar@hotmail.com;False;645
amandaphillips;_7Qxy*qhkE;premiuim;90;hlarsen@camacho.biz;True;798
xferguson;!yX#g1R^A+;owner;55;mreid@hotmail.com;True;235
wjones;WRp5(YTa*U;vip;63;alexandrarobinson@gmail.com;True;555
robertpowell;$9oSfRlS%O;player;61;greenamanda@yahoo.com;True;594
shawrobert;^fiH^lTj!2;player;49;catherine73@yahoo.com;False;154
brian38;833h3Lws@B;vip;41;paul29@scott.info;False;974
bradshawandrew;Z&40nGUko#;vip;87;stevemeyer@gmail.com;False;643
elliotteric;)hm$5OCyqm;premiuim;13;alyssa02@clark-garcia.com;False;273
bensonbrian;_#C0mH#t9G;owner;55;katherine32@dickerson-barajas.com;False;298
shawn28;ER0QbLPu(!;player;7;andersonbrent@gmail.com;False;913
joshuahodge;nSK%iix2(4;premiuim;90;kurt34@yahoo.com;True;310
billy05;y248nPxlO_;vip;12;davisbrian@yahoo.com;True;416
gjones;2T99xEukd_;vip;22;conniehorn@lynch.org;True;344
ivan47;sRQou%QG&2;moder;96;lucastodd@phelps.biz;False;897
patricia40;63!1TLcx%D;owner;75;johnsonhayden@hotmail.com;False;139
edwinsmith;1F8Fr&nDu!;vip;99;stephaniesmith@yahoo.com;True;499
johnsonseth;i6Y*BfPQ)1;vip;72;petersoncharlene@yahoo.com;True;616
kgonzalez;)Zmg3vIaq*;premiuim;58;gregorymooney@hernandez.net;True;589
reeseangelica;$HN6(MLg)$;moder;2;karen10@yahoo.com;True;997
jwest;3+5cT6jwxi;vip;82;travis84@hotmail.com;False;157
brookenewton;A(8wT3+smo;owner;8;oscar62@harvey.biz;False;663
kevin40;!7O_ceD17@;moder;57;jeffrey22@hotmail.com;False;970
cynthia41;$99KLsz1U#;owner;0;barnespatty@gmail.com;False;740
fgonzalez;0oi3Fw4v5+;premiuim;26;khanjessica@yahoo.com;False;640
timothy69;w7@H1SUc+m;vip;100;allisondiaz@campbell.biz;False;433
mchurch;G@1pSrrZ*);player;54;alexandriaking@yahoo.com;False;508
travismay;L0^5Upu5ug;moder;14;cochranjessica@bird.com;False;575
sean19;#ho^5Oxwo!;owner;78;hclay@west-estrada.com;True;322
aaron10;^y8uSqWsM0;vip;69;johnathan25@hotmail.com;False;743
richardberry;Q%FG5bCt8(;moder;6;wescobar@smith-butler.com;False;42
davisdavid;(0n5J&oreU;owner;95;joshuacline@johnson.com;False;826
douglascarson;eo8itRqZF@;owner;35;zunigasusan@bryant-tran.com;True;224
boydsamantha;*6oFChQjtZ;player;61;flawrence@freeman-hurst.biz;True;814
jacob20;)7QCDsBj37;player;44;chelsea94@johnson.com;False;88
paula34;%WIr8BvWZI;player;85;monicarich@gmail.com;False;148
fdavis;!2HE!s^Nc@;vip;42;wdaniel@contreras.com;True;522
peter05;GnL5JLVS5*;owner;94;salazarcharles@gmail.com;False;801
courtney36;2Kp1H6qR^Z;player;95;elliottmarissa@best.biz;False;885
smithcalvin;J%3WNrzJu&;owner;83;richardsjeremy@yahoo.com;False;30
barrettdaniel;SjPFB(Ml+0;vip;89;brittanywells@fisher.net;True;626
laura07;H!rI70PvKt;player;65;jeffrey50@turner-vasquez.com;False;880
kmartinez;8X3(TgoM_Y;owner;36;sarah71@gmail.com;False;96
byoder;)ay9DIDlhN;owner;92;rachel21@hotmail.com;True;830
amanda71;898SO)Za&J;moder;70;kristen76@boyer.com;False;52
arnoldcolin;r1ln@B%W^m;moder;100;cindy97@lewis-barrera.com;True;279
bellis;vw#69JZu!w;premiuim;61;vmeyer@hotmail.com;False;73
amy31;e9Qg$23k!U;owner;23;lmiller@gmail.com;False;95
emily70;69Ryt**0#(;owner;30;ebuckley@gmail.com;False;21
brian86;nrl05R4)O$;premiuim;62;jasonperez@hotmail.com;True;109
richardscaitlin;8!1B4z+kT7;player;46;lwilson@small-zimmerman.net;True;412
downsjacob;cX%3mgKw%4;owner;93;jacobsonsteven@dixon.biz;True;573
shawandrew;b4VIuryQ@T;premiuim;63;itran@hotmail.com;True;473
david46;w)*EZ6PKPk;moder;61;richard15@sutton.biz;True;373
williamskara;Q7K0L02l(2;owner;3;ywatson@rose.net;True;716
bthomas;)kLq3joGf8;player;24;shaun32@yahoo.com;True;838
jessicarogers;!vJ(ytOM9Y;moder;36;aaronwalker@jones.org;True;259
ann97;l(5v(Ek&km;premiuim;14;simonmatthew@gmail.com;True;417
jthomas;Ji#n8Voj@_;premiuim;43;james45@turner-brown.com;True;769
zacharywood;!OvOdNGc#8;premiuim;20;martinezterri@avila.com;False;16
braunmegan;(ON7T0qkI%;vip;22;ddurham@ramirez.com;True;708
ltorres;oo5%H*J70@;player;56;bryanrichardson@ingram.com;False;983
jessicaramirez;6z+$0pYkc!;premiuim;21;moorejacqueline@duke.com;True;712
jenniferlewis;@#5lnMzxxv;vip;66;jerry30@clayton-miller.com;False;935
baguirre;&x3JLpyM#v;player;69;acoleman@hotmail.com;True;34
morgankelly;1%4WGlSiWk;player;64;michael56@gonzalez-bailey.com;False;423
rachelberg;+3Rz@3KfoP;vip;92;lauraleon@gmail.com;False;736
christopher26;!yVku!E!!9;vip;44;stephenbrown@hoover.biz;True;680
mariafrazier;_X+Lwgte^6;owner;64;danielhawkins@gmail.com;False;516
donaldparker;7jzb0Undp!;moder;0;robert95@clark.org;False;274
carlamarks;+p8zVLh@z4;premiuim;41;tjohnson@yahoo.com;False;806
tle;6pp9)Wwvz^;premiuim;11;jfrank@peck.net;False;190
ohall;RxUBq*ly@5;moder;59;latoyathomas@gmail.com;False;315
cgomez;9*OXoKFbc7;moder;58;dennisrobin@hotmail.com;False;938
james53;Xuhn2MuMs_;vip;3;karenhayes@choi.biz;False;615
bobbyrivera;*6qUDp9OEj;premiuim;69;dorothy29@gmail.com;True;529
wmartin;8sJPy5Bp$0;premiuim;75;rwilliams@sanchez.com;True;698
tlyons;#3jRlSzg#0;moder;96;richardwheeler@hotmail.com;False;996
suzannearnold;i(4&KJmd8R;moder;23;munozlaura@singh.com;False;341
velezbrandy;drq)3W8v2n;vip;3;sanderson@gmail.com;False;6
meadowsjoshua;w7UFB%Rv&S;player;12;zthompson@goodwin.net;False;61
kwest;)ag_12Ag6B;premiuim;22;danielfoster@johnson-humphrey.org;True;642
smithcharles;7f*Gaz63@G;owner;45;russojennifer@gmail.com;False;591
laurenjones;BKGk7Ko*!1;player;74;tyler51@fleming.info;True;539
parkeranthony;s69iXgj*$4;premiuim;84;christopherrobinson@hotmail.com;False;173
justinmoon;#bz8Axbk*C;player;5;josephmurray@hotmail.com;True;184
mmarshall;4^@ag0Cs3U;moder;74;johnfox@zhang.com;False;809
cmorris;%@2jX3aa)y;moder;60;asherman@yahoo.com;True;992
richmelissa;$(63B1m3cf;vip;88;austinchristopher@gmail.com;False;191
jordaneric;!e5CKvSXny;premiuim;68;qhutchinson@giles.com;True;682
mcclurejoshua;)jE!1Aj*TG;owner;2;deniserollins@yahoo.com;False;766
rayandre;)K9Y3eQ&)N;owner;62;christopher20@melton.com;False;331
nicholas85;!%5CJvdl2h;premiuim;29;lbrown@yahoo.com;True;928
meredith87;&5ARMI%!dY;moder;25;imartinez@gmail.com;False;254
deanwaller;36N@F9Ar+f;player;70;jeffrey49@hill.com;False;106
benjaminbooth;@8D_y9ifS4;owner;8;jennifer30@coleman.com;False;311
mhardin;Ahu3POTzz);moder;34;frenchpaul@gmail.com;False;567
lisawilliams;Qu@F4Q3bGD;moder;6;collierjeffrey@wheeler.org;True;295
staceyhill;$dB4@zor!0;moder;13;rebecca06@lopez.com;True;515
zparker;t$jhS3QdPx;owner;89;sawyeredward@david.com;False;137
jessicahowell;*uTSQl&T^9;moder;39;barry21@guzman.net;True;690
carl45;^&4qDk2SYq;vip;81;patricia09@yahoo.com;True;761
ryan70;vDf#9ZPcr&;premiuim;54;kenneth42@miller.info;True;520
corey47;#_l7eR*nNq;player;86;itran@gmail.com;True;290
santiagomichael;fy8NOw)i)5;owner;0;qsanchez@hotmail.com;False;900
darin88;4ofOEWy&!2;moder;24;huynhdennis@gmail.com;False;207
snyderlisa;7m!8UKmLow;vip;65;elizabethmathis@holmes-wilson.com;True;480
kingtheresa;@ywQ1dcH5P;owner;22;rickeyandrade@cox-hernandez.net;False;613
slee;H47Slsmv&G;owner;41;iwilliamson@yahoo.com;True;404
yatesbeth;(84o@Ty+!D;moder;54;powersheather@riley-lopez.com;True;847
fletcherjohn;(W$woTQFk1;moder;62;brandonwheeler@moore.com;True;725
plee;$1j#CY4w4I;owner;3;ashleymcdaniel@yahoo.com;False;812
kellysteven;_oQFg#aV%1;player;22;lawrenceharvey@morris.net;False;12
jgarrett;Su^0UJwVBQ;player;15;tanya77@murray.com;False;856
osmith;p4pMwwmB)j;vip;3;floreslogan@hotmail.com;False;304
cwallace;$*8JTUdr70;moder;63;thomashubbard@yahoo.com;True;876
millerchristopher;E3@Ru6st%$;player;70;kylenixon@thomas.net;True;75
josephspencer;#wCMrJO84v;moder;51;latoyagrant@miller.com;False;260
thernandez;eX7n89Znm$;vip;35;fernandezcolin@joseph-maldonado.com;False;574
caseysandra;(y40PdrtQZ;player;29;gfuentes@lopez.com;False;804
joannewilliams;XT5%2DIs5s;player;67;webbrichard@perez.info;True;299
matthew55;)7M+KqiyxD;moder;21;lopezmichael@hotmail.com;True;65
douglas10;Xt7Uc4O*X+;premiuim;69;elainerogers@bennett.org;False;313
rferguson;P49MnhXB)y;premiuim;19;sarah59@yahoo.com;True;197
bduke;M%lM4OoihN;vip;32;justin08@martinez-kelley.com;False;903
davidsonmegan;@d0)zFtfkt;moder;100;jsims@gmail.com;True;477
halllaura;TxILhH!J&7;premiuim;67;lopezrenee@herman-butler.org;False;874
nfrank;_0R9Ol0p!c;vip;63;jsawyer@ramsey.com;True;946
katelyn49;k$4Ka2yw*w;owner;45;janet51@osborne.net;True;64
courtney62;)tE9%042q5;owner;49;brittanywood@yahoo.com;False;731
xespinoza;!R@63DvxdC;moder;99;michelesmith@brown.net;False;360
xtodd;+CtPZdDk1U;moder;79;crosbymegan@collins.com;True;604
mcdowellkrystal;5rlU#y78+Y;vip;3;edwardjones@thompson.org;True;528
chapmanchristopher;%Td3HrYPiv;owner;53;uburnett@yahoo.com;True;288
bjames;2(h4pkBeSG;owner;77;harrisemma@hotmail.com;True;445
mpittman;^70sYyeg7u;moder;43;sheena94@hotmail.com;True;371
larsonamber;%^rPTuYT%4;vip;40;robinsonwilliam@hotmail.com;True;603
kaufmannancy;(aCu8GEgu^;premiuim;16;keith54@gmail.com;True;774
rwillis;_vOfMOSA3K;moder;60;shane88@hotmail.com;False;323
latoyapadilla;t@+4MpqIef;premiuim;1;amy79@hotmail.com;False;25
moyeralexandra;!S3SfS$SQ$;owner;22;karinalewis@gmail.com;False;501
ngonzales;I3XRtONm&6;moder;77;brookebates@james.com;False;23
jesse86;7KQyw9h+@J;owner;82;nelsonsarah@wilson-howell.org;False;749
rachel18;3#Q^IADH$x;moder;55;wrightmichael@yahoo.com;True;110
pbond;m62vtGoo$z;vip;18;lorraine67@gmail.com;False;538
clairemassey;K*26PfIn6W;premiuim;61;jeffrey77@hotmail.com;True;330
brandonbishop;8mjiIuFy)B;player;63;wmorris@gmail.com;False;857
setholsen;!1H79qwu09;owner;37;mathewnash@chambers.com;True;179
noahhayes;S*W20YMbAb;owner;47;john75@hotmail.com;False;49
pearsonlaura;^#s9Ua40EF;premiuim;83;brownjesse@hotmail.com;True;858
woodsstephanie;$5TG(RSRsp;moder;30;yatesashley@stewart.biz;False;523
jodybaldwin;$Pb^ErNk88;owner;42;ccollins@yahoo.com;True;999
saunderskaren;!&r9QPqqh8;premiuim;35;matthew01@gmail.com;True;327
kbarber;#gIHLavw29;premiuim;73;johnjones@ward.com;False;531
hthompson;$lDhxFjQ*2;moder;57;derekpeterson@yahoo.com;True;982
clarence86;B1@V%rWm!K;player;24;maryhowe@skinner-brown.net;True;918
hfrazier;$vVGvbc8&9;premiuim;29;elizabeth54@pitts.org;False;287
burnettjohn;7EZ_GFiW&O;moder;47;stevendickson@hotmail.com;True;284
vsmith;1xy0Vd7V_5;player;19;wsanchez@mayo.net;True;542
flemingvanessa;v)6lC)bt!(;moder;18;anthony77@yahoo.com;True;53
weaverautumn;BZ9qJSnrN(;owner;26;christopher81@watson.com;True;641
amanda15;)8o^bRTq#V;owner;91;ymartinez@hotmail.com;True;648
luis35;(^T&43Wfv$;player;15;crystalporter@green-houston.biz;False;376
nlove;+2dLYgeff9;premiuim;88;pamelajohnson@gmail.com;False;470
jonathanberry;FC*OOW4s#9;player;6;taylorsara@boyer.info;True;458
adickson;_2!h0EcC!E;owner;85;christopherhale@gmail.com;False;934
amanda25;#bT&Fb3*9q;owner;96;xmckinney@yahoo.com;False;943
danieldustin;8dthX8zg#+;premiuim;17;gparks@fields-price.com;False;533
