Floyd and Sons;brittany78;157.244.10.0;440;1.16.6;2014-05-09
Watson Group;aaron00;142.184.11.125;320;1.11.4;2015-09-30
Vega Inc;caseyjohn;6.60.131.122;860;1.17.3;2018-10-16
Benitez LLC;ronald83;44.61.194.68;120;1.11.9;2017-11-03
Dickerson Group;stacywood;223.188.43.134;550;1.17.0;2020-09-30
Summers, Ortiz and Mendez;waltersjeffrey;136.62.198.133;900;1.17.8;2012-08-11
Brown-Mccoy;richardsonsandra;167.108.112.140;900;1.14.9;2019-05-17
Frye PLC;evelyn64;208.243.166.11;250;1.15.9;2016-04-01
Bauer LLC;rebeccamorales;8.156.243.22;930;1.12.9;2012-11-15
Mckee, Pierce and Crosby;znavarro;81.143.113.209;250;1.10.2;2016-06-19
Mahoney-Carter;margaret19;96.190.253.248;420;1.19.5;2014-12-03
Hughes-Bentley;kellyrobinson;163.169.52.157;230;1.18.8;2012-10-07
Sanchez, Goodman and Crawford;kelly99;157.7.148.240;50;1.12.1;2019-07-14
Mitchell, Shelton and Oneill;sgregory;173.137.175.125;790;1.18.4;2013-02-18
Collins-Hall;jeffery35;210.101.1.222;610;1.12.8;2020-04-18
Rodriguez-Garcia;slozano;153.170.36.228;480;1.13.7;2017-02-20
Jones, Mitchell and Reynolds;danny07;216.42.90.31;970;1.17.4;2018-02-05
Anderson LLC;lsmith;27.14.233.50;700;1.19.4;2021-04-10
Gray, Wilson and Vasquez;jason37;145.165.16.81;380;1.12.0;2017-04-16
Elliott Inc;david36;80.22.70.158;680;1.19.7;2021-04-19
Wilcox-Morales;uthomas;137.251.189.1;350;1.15.9;2012-05-24
Mills LLC;christine37;188.102.206.96;340;1.12.8;2012-06-04
Davis, Valencia and Wells;jbrown;134.132.211.244;30;1.18.4;2015-06-30
Phillips-Robinson;welliott;139.155.170.238;650;1.14.1;2014-05-25
Hernandez and Sons;vmccarthy;210.158.11.231;700;1.16.4;2020-04-01
Johnson-Randolph;davidgriffin;106.139.88.34;690;1.15.9;2019-01-05
Wright Ltd;guerramichael;196.215.155.50;200;1.14.6;2019-08-27
Ferguson-Smith;ysimmons;13.47.218.130;260;1.19.6;2016-01-26
Short Inc;walkervanessa;177.241.105.18;930;1.12.4;2017-11-03
Erickson Inc;kempdaniel;150.243.224.232;690;1.12.3;2020-02-03
Dyer-Rogers;kevin72;53.52.10.134;510;1.19.1;2021-08-01
Hurley-Johnston;pwhite;204.22.170.50;10;1.12.9;2016-03-19
Smith-Wright;morancheryl;35.245.166.93;790;1.17.5;2016-06-23
Chen, Hendricks and Horne;erin46;52.16.62.178;700;1.12.3;2012-07-31
Taylor, Collins and Henderson;arthur87;66.200.145.214;980;1.15.3;2021-05-27
Sullivan Inc;justinrush;220.162.55.132;600;1.18.4;2013-03-04
Mejia, Foster and Diaz;ugray;152.125.37.16;440;1.14.4;2021-08-18
Taylor-Sullivan;david21;27.161.145.24;890;1.12.5;2019-08-25
Brooks-Smith;melissa38;133.233.39.21;60;1.14.6;2017-05-14
Moore Group;brandon77;20.191.31.208;500;1.16.2;2015-12-05
Phillips, Dawson and Sanders;ksawyer;179.17.208.74;760;1.19.2;2020-02-09
Coffey, Lynn and Terry;adiaz;29.233.109.81;220;1.12.4;2014-09-19
Heath PLC;shannon25;109.228.136.106;120;1.11.8;2014-10-03
Page, Ross and Rodriguez;hilljennifer;90.190.103.1;110;1.11.7;2012-11-16
Richards-Ramirez;oliverdarren;214.166.212.70;440;1.14.3;2015-05-04
Simpson, Gardner and Bailey;rachel48;17.53.227.53;90;1.19.1;2013-02-19
Anthony, Guerrero and Newton;kevin87;95.131.204.24;160;1.14.9;2013-11-15
Grant PLC;nathanhernandez;96.123.45.23;950;1.18.4;2013-11-19
Gutierrez Inc;rachel59;36.83.69.164;610;1.14.3;2012-09-13
Goodwin-Bowers;robertgibbs;158.20.140.190;220;1.12.5;2018-11-09
Hill and Sons;susandougherty;18.156.243.144;930;1.11.2;2017-03-25
Dunn-Underwood;qpitts;115.31.218.181;740;1.11.2;2014-09-01
Glover PLC;clarkrobert;34.193.160.66;660;1.16.5;2015-06-26
Macdonald-Callahan;qsilva;187.191.159.73;820;1.10.9;2021-05-04
Brown, Fleming and Steele;penavictoria;97.139.166.91;630;1.19.1;2012-12-28
Clark Inc;bushnicole;56.164.32.49;590;1.11.2;2021-01-01
Smith, Thompson and Combs;maria11;16.90.34.173;910;1.17.8;2021-02-27
Gibson, Delgado and Pruitt;harrissherri;210.43.57.146;120;1.17.6;2014-01-02
Castillo-Adams;eringibson;134.50.162.174;780;1.14.7;2017-07-27
Bell-Jones;lorilynch;67.43.61.115;700;1.18.7;2012-04-08
Scott PLC;saradean;39.112.246.175;580;1.18.4;2017-09-11
Hutchinson Ltd;schwartzsonya;50.232.235.199;610;1.12.8;2015-07-05
Walker, Thompson and Turner;smithrandy;14.36.157.148;330;1.14.0;2018-04-10
Patterson-Blake;stephanie41;80.1.65.216;890;1.15.7;2016-07-26
Newton and Sons;jonesalexander;111.182.158.164;160;1.10.7;2012-10-09
Jackson LLC;katherineharris;199.59.152.167;200;1.13.9;2018-07-31
Miller-Castillo;sara46;170.99.93.187;860;1.17.6;2017-11-09
Cruz-Morris;uadkins;145.87.35.30;130;1.13.2;2017-12-26
Clements, Moore and Davis;karameyers;13.109.206.183;830;1.13.7;2016-01-18
Johnson, Harris and Griffith;greenchristine;161.231.142.191;190;1.14.9;2016-05-01
Sosa Group;fgarcia;100.137.128.91;450;1.12.3;2016-07-27
Finley, Norton and Shepard;robertjacobson;175.46.71.96;650;1.19.6;2020-08-16
Reed and Sons;caitlyn60;112.45.161.37;810;1.11.0;2012-01-20
Cole-Williams;rowlandmercedes;182.175.195.247;430;1.13.7;2018-09-07
Sanchez, Smith and Bryant;nicolegriffin;153.160.223.135;910;1.19.0;2014-08-16
Perry Ltd;jacobsjeffrey;70.82.193.1;620;1.17.6;2018-08-14
Henry, Walls and Sanders;thompsonstephen;93.206.217.190;410;1.18.9;2018-06-26
Matthews PLC;peggy61;203.244.216.245;400;1.10.6;2019-12-30
Barton-Lee;tosborne;94.37.48.130;120;1.14.4;2018-03-21
Thomas PLC;jennifervaldez;34.33.109.57;560;1.14.0;2012-07-15
Garcia-Williams;ericjohnson;173.150.170.252;590;1.15.7;2020-10-14
Fox-Simmons;millerwilliam;27.158.239.1;150;1.15.1;2020-06-13
Drake, Hawkins and Meyer;david49;162.162.23.17;950;1.17.0;2015-10-27
Franklin Ltd;nicole09;151.1.148.8;980;1.10.1;2018-11-16
Thompson PLC;mendozakelly;5.41.242.19;80;1.10.2;2013-12-18
Moyer, Crosby and Ramirez;fullermichael;55.113.39.22;380;1.15.2;2016-03-04
Sanchez-Green;jill97;151.98.91.57;690;1.10.2;2014-10-17
Ford LLC;martinezvictor;197.135.227.255;550;1.14.1;2013-02-10
Gonzales Group;ktaylor;11.84.233.111;220;1.17.0;2019-04-27
Stone PLC;bhaynes;104.252.85.244;840;1.10.5;2020-06-21
Smith, Elliott and Vega;ccarr;145.193.115.10;750;1.13.4;2013-02-04
Crawford and Sons;gregory24;149.157.244.239;670;1.11.6;2018-02-02
Garcia Group;gbarker;147.154.156.170;620;1.12.7;2012-08-10
Salinas and Sons;adrienne42;128.157.182.66;430;1.19.3;2020-11-12
Smith-Hayes;sross;168.16.158.55;640;1.14.8;2013-06-04
James-Joseph;christopher10;81.242.8.158;340;1.11.3;2020-10-23
Goodman and Sons;melissapowell;167.118.201.133;820;1.16.5;2013-03-08
Cummings, Gibson and Lewis;pallen;120.110.87.24;790;1.11.2;2021-01-03
King Ltd;hayley20;137.107.41.89;380;1.10.6;2018-08-16
Gardner, Garrett and York;xnavarro;157.188.22.79;480;1.10.7;2020-09-26
Liu-Lee;ericafaulkner;43.124.39.36;970;1.19.0;2014-07-04
Miller-Jensen;shannon99;12.109.197.11;700;1.10.3;2019-02-02
Wu LLC;monicaward;180.204.222.33;570;1.17.3;2018-10-16
Marshall-Williams;vwright;49.186.140.168;800;1.10.1;2015-07-07
Cooke, Chan and Ellis;cstewart;56.180.99.25;480;1.14.6;2021-06-20
Paul, Horne and Edwards;qvazquez;160.225.205.28;960;1.19.5;2016-05-18
Scott, Bradley and Scott;kimberly75;4.89.49.145;60;1.19.1;2014-03-12
Marshall PLC;pittmannicole;206.124.175.68;670;1.10.1;2012-12-01
Ross Inc;russellcowan;118.244.163.214;720;1.18.5;2012-06-10
Barr, Francis and Wise;joangraves;44.130.173.234;650;1.12.4;2013-09-24
Patterson and Sons;katherinejarvis;184.38.26.232;40;1.12.5;2012-02-21
Thompson, Gibson and Levy;clynch;110.100.254.191;790;1.16.6;2020-08-23
Sanchez-Ellison;tthomas;59.208.76.118;80;1.11.9;2016-06-15
Kelly-Taylor;hfuller;77.238.131.205;540;1.15.9;2014-10-28
Brown-Miller;clementsmichael;39.98.50.43;280;1.14.2;2014-02-07
Bass Ltd;jamesmartinez;125.140.157.18;590;1.12.0;2021-06-18
Santiago-Newman;aaustin;178.107.161.186;400;1.19.5;2013-02-13
Guerrero, Allen and Johnson;emma79;47.212.34.19;480;1.18.7;2016-05-08
Holmes-Sanchez;kelsey02;144.0.171.196;810;1.15.0;2020-03-02
Nguyen-Salas;waltershannah;222.147.95.130;210;1.15.1;2014-04-03
Ferguson, Johnson and Thompson;christina75;74.203.166.38;900;1.12.4;2016-08-14
Collins Group;vharvey;181.204.135.36;540;1.18.8;2017-04-28
Macdonald, Keller and Parker;logangrimes;91.7.185.107;160;1.15.2;2013-12-23
Guerrero Group;jstafford;178.93.142.237;20;1.18.4;2016-11-13
Jackson, Robertson and Miles;tina78;210.142.212.91;150;1.19.9;2015-05-12
Cruz, Walters and Johnson;rdiaz;89.39.169.25;990;1.12.3;2020-05-27
Fleming, Leach and Rodriguez;nicole78;139.1.12.183;840;1.16.6;2018-12-11
Santos, Warren and Taylor;steinmario;179.59.203.80;260;1.19.4;2014-02-18
Smith PLC;kingjeremy;197.132.167.69;390;1.18.9;2017-07-12
Woodard-Erickson;briana39;70.88.123.87;810;1.10.0;2011-12-23
Hunt and Sons;klewis;167.233.105.160;790;1.13.8;2018-06-17
Flores, Gonzales and Rogers;ryanguerrero;51.89.119.26;450;1.18.8;2014-09-26
Wong-Gonzalez;johnbrennan;151.156.213.184;360;1.18.8;2017-02-20
Morrison-Miller;webermichael;112.210.5.50;680;1.12.9;2012-07-07
Evans, Mcdowell and Logan;garciajamie;74.238.69.199;290;1.13.4;2020-03-20
Torres, Torres and Garcia;terrellmichelle;77.69.73.81;960;1.10.2;2019-03-13
Meyer-Reynolds;livingstonchristopher;202.191.157.223;510;1.17.1;2021-08-06
Rogers-Ramirez;wwilson;180.136.92.48;1000;1.15.2;2016-02-22
Brown, Nelson and Pruitt;qcabrera;58.26.33.150;480;1.12.1;2021-06-05
Anderson, Moore and Velez;michellehernandez;204.189.73.171;380;1.16.7;2019-10-08
Hernandez, Young and Hall;milesamber;62.130.220.68;420;1.18.9;2011-12-20
Brown-Miller;marymorales;139.220.121.56;350;1.14.4;2021-06-30
Shelton Ltd;nweaver;21.226.84.182;410;1.13.4;2016-07-31
Rodriguez-Wade;loribrown;62.169.216.43;730;1.17.2;2016-02-03
Carroll, Cox and Bishop;hperez;123.152.16.251;80;1.10.3;2020-10-19
Aguilar, Ibarra and Mcintosh;sullivanjay;218.171.151.48;570;1.14.6;2021-01-25
Miller Ltd;sharonmoore;103.12.47.9;590;1.10.6;2019-08-29
Mosley PLC;tyler31;136.192.135.5;220;1.16.4;2018-07-30
Watkins LLC;edwardscynthia;31.239.24.55;970;1.13.0;2012-07-27
Floyd-Barber;larsenrebecca;188.216.223.133;140;1.16.2;2014-04-15
Rivers PLC;rmoore;80.150.140.148;880;1.10.6;2012-04-18
Rogers, Day and Diaz;henrydanielle;70.55.64.228;450;1.16.0;2018-02-26
Hartman Group;thomasthomas;34.213.116.60;860;1.12.4;2014-06-10
Schultz-Greene;ilandry;29.53.151.86;650;1.17.7;2018-08-11
Poole-Smith;allison30;61.188.83.188;20;1.15.3;2021-10-30
Zavala LLC;jennifer32;15.155.157.182;420;1.10.6;2014-02-26
Lee PLC;kristina03;73.66.169.59;780;1.11.6;2018-08-21
Sanchez Group;erinberg;53.223.117.232;820;1.14.6;2019-05-24
Klein, Collins and Reyes;brittney99;139.51.116.60;790;1.19.7;2020-02-07
Harrison PLC;edwardsjennifer;206.203.159.156;980;1.15.1;2014-09-14
Rhodes LLC;kellyluna;70.88.52.240;630;1.16.2;2014-02-14
Knapp, Nelson and Mason;brandybryant;11.203.185.123;270;1.11.9;2015-08-07
Smith, Jones and Hooper;wendy45;40.232.131.6;600;1.11.6;2021-06-09
Barker, Landry and Franco;frazierjohn;92.231.124.32;50;1.16.3;2012-08-15
Beasley-Herrera;hernandezkaitlin;187.69.4.251;410;1.13.0;2018-09-08
Pena, Campbell and Cruz;johnmiller;45.224.163.253;880;1.10.0;2019-11-17
Parks-Reyes;brittneyschultz;121.95.126.223;470;1.15.8;2012-08-21
Vargas, Black and Bowman;karen56;9.108.195.47;740;1.13.8;2015-05-31
Jordan, Phillips and Moore;davidsontonya;168.13.200.39;690;1.10.4;2015-03-10
Walter Inc;tiffanyromero;209.251.51.103;260;1.15.8;2021-09-08
Reynolds-Carlson;adrian72;62.65.213.133;750;1.11.5;2014-08-13
Montgomery, Miller and Smith;amy88;43.109.217.0;400;1.15.4;2019-02-13
Anderson, Baker and Avery;alyssajackson;135.44.118.5;720;1.16.8;2018-01-05
Garcia LLC;williephillips;59.110.101.115;40;1.14.2;2014-10-04
Woods-Conway;cramsey;35.120.47.131;290;1.16.1;2017-07-31
Martin-Freeman;edwarddunn;175.93.32.33;960;1.16.5;2020-12-25
White-Hill;maria74;130.212.206.17;770;1.15.8;2020-01-22
Shepard-Cooley;umaldonado;89.253.157.133;270;1.15.9;2014-06-29
Sullivan-Hill;myersrachael;50.39.15.8;610;1.12.7;2013-02-04
Harris, Morales and Holder;dhess;201.24.197.43;760;1.12.2;2020-01-14
Perez-Young;juliamendoza;68.79.165.67;980;1.11.4;2013-02-18
Delacruz, Cummings and Barker;orangel;7.206.228.240;380;1.15.5;2013-07-23
Williams, Pratt and Hill;rmendez;14.129.94.179;440;1.12.9;2018-10-26
Lopez-Hoffman;dcole;46.185.107.68;590;1.10.5;2020-09-14
Mitchell-Tucker;kaitlin84;211.121.77.229;980;1.19.2;2015-04-30
James-Gomez;vmayo;122.3.93.246;170;1.19.2;2020-08-01
Smith LLC;acollier;51.24.245.39;60;1.16.0;2014-04-22
Davenport-Morrow;ahall;9.14.3.156;840;1.18.8;2014-11-21
Glenn-Rocha;ulee;116.95.167.147;570;1.10.6;2014-04-07
Gregory-Santos;schapman;157.197.63.152;840;1.10.3;2017-10-09
Lopez, Mitchell and Johnson;tcook;83.249.94.168;610;1.15.3;2019-03-29
Curtis, Payne and Kim;brianjones;109.147.66.130;790;1.18.5;2020-06-08
Williams Group;qmcmillan;105.96.222.9;960;1.17.9;2021-04-17
Grant-Hamilton;billyhammond;164.135.33.188;380;1.14.5;2018-02-17
Wall LLC;igordon;116.203.242.106;390;1.14.8;2012-09-15
Padilla and Sons;maria32;2.58.139.170;660;1.16.8;2014-04-23
Henry, Booth and Pope;jamesjerry;161.139.142.101;960;1.13.2;2015-01-21
Johnson-Bell;stephaniepeterson;49.71.245.232;980;1.13.1;2012-06-17
Cox-Williams;robert50;158.214.73.35;710;1.19.6;2013-12-08
Hutchinson PLC;christopher36;13.186.20.101;980;1.11.5;2015-04-23
Harris, Watkins and Morgan;james91;1.149.118.181;650;1.13.4;2019-03-31
Perkins-Boone;spearsjoseph;130.38.44.106;60;1.14.0;2014-01-27
Kaufman, Stewart and Saunders;william75;152.182.225.250;720;1.15.7;2014-10-17
Richardson, Villanueva and Mccoy;qwhite;81.170.32.5;260;1.10.6;2015-02-26
Davis, Parrish and Oneill;luispowers;100.250.40.157;310;1.16.6;2021-02-05
West-Rivera;edward30;122.199.228.169;30;1.10.5;2018-08-28
Olsen-Frye;craig07;223.46.196.168;840;1.17.2;2012-05-26
Giles, Boyle and James;hhurley;84.119.241.68;820;1.15.9;2013-02-14
Myers-Calhoun;alexander48;203.230.210.123;800;1.11.4;2019-09-09
Francis-Mitchell;powellmichael;36.251.191.0;920;1.16.7;2012-10-03
Underwood-Robinson;camposphillip;131.75.116.109;540;1.13.7;2012-07-01
Dawson, Montgomery and Duarte;andradeethan;105.18.143.198;330;1.19.1;2021-07-13
Duffy-Kelley;brandonjones;83.18.28.175;790;1.15.3;2014-10-14
Villegas-Foster;hstevenson;115.186.57.0;150;1.18.2;2012-12-06
Little Ltd;jacob22;138.151.138.162;980;1.19.6;2021-10-22
Johnson-Moore;hoganpeter;128.170.5.55;760;1.11.5;2015-07-07
Pennington-Malone;hernandezbreanna;199.156.89.31;210;1.18.2;2019-04-20
Valenzuela, Patrick and Sampson;riveracharles;19.164.220.83;70;1.15.4;2012-10-14
Ruiz-Ross;jeffrey06;35.219.199.138;750;1.12.2;2016-07-20
Mccall, Baker and Robinson;stephen88;220.79.181.47;450;1.18.2;2014-11-22
Mathis LLC;bbeck;204.94.100.185;220;1.14.3;2016-01-15
King, Kemp and Dunn;wgarcia;124.13.85.6;100;1.13.6;2014-02-12
Hughes and Sons;sarahmiller;212.34.82.93;90;1.18.7;2020-03-01
Baker Group;andrew09;107.20.50.54;660;1.12.0;2019-06-20
Curry-Lopez;brentgrimes;213.185.71.165;510;1.17.8;2012-03-08
Watson-Lin;nealkimberly;19.173.203.113;320;1.17.2;2020-07-17
King, Nelson and Schneider;kelleyalexandria;205.108.19.253;260;1.10.3;2017-02-21
Duran-Orozco;hannahnixon;16.228.43.7;710;1.17.0;2017-02-13
Knight-Farmer;amybaker;74.244.48.10;80;1.11.1;2013-01-29
Moore-Cline;natalieharris;170.101.152.213;140;1.11.7;2014-04-28
Harris-Holt;michaeljohnson;111.123.83.132;990;1.12.3;2020-08-01
Heath, Holt and Knight;pflores;120.209.168.195;960;1.17.6;2017-04-01
Villegas-Page;danawood;198.101.13.140;670;1.14.4;2017-03-19
Wang Ltd;josephgriffith;124.101.37.212;950;1.11.5;2017-03-25
Spears PLC;john81;6.116.86.168;990;1.10.8;2015-03-15
Miller-Garcia;christopherbrooks;23.64.91.189;960;1.11.7;2021-10-27
Erickson-Peterson;smithchristopher;1.168.217.20;840;1.14.3;2018-05-17
Walker-Parks;bkoch;80.113.4.59;380;1.16.4;2020-01-28
Edwards Ltd;nancy62;128.113.116.165;920;1.16.2;2016-04-12
Knapp, Lambert and Barton;hholloway;58.23.226.64;270;1.14.7;2013-07-02
Little, Oliver and Jackson;christopherbrown;217.9.252.148;890;1.15.5;2017-12-16
Hanson Inc;sdoyle;76.165.249.109;150;1.16.2;2019-11-25
Frank, Owens and Murphy;ryan41;90.186.49.205;950;1.12.6;2015-06-29
Hernandez-Baxter;umorris;14.79.230.183;220;1.11.7;2020-04-06
Merritt-Nguyen;jefferyharvey;38.187.255.194;270;1.17.4;2020-01-05
Shaw-Williams;frankgarcia;115.89.219.84;830;1.10.4;2012-06-18
Duffy-Valdez;ryanrojas;70.244.225.72;490;1.17.0;2012-09-12
Hall Group;pandrade;124.219.15.79;990;1.16.5;2016-09-20
Lopez Inc;flemingjames;87.1.105.32;120;1.19.8;2021-10-09
Haynes, Brown and Harris;qlittle;51.29.98.191;940;1.15.3;2011-11-28
Lee, Mendoza and Murphy;jmckenzie;57.204.28.226;580;1.16.6;2016-06-18
Crawford, Harris and Rogers;todd15;173.115.254.44;870;1.11.7;2016-04-24
Baker, Wright and Li;drose;79.126.252.15;350;1.12.7;2021-03-21
Levine and Sons;sabrinakim;145.85.35.32;450;1.13.9;2021-09-17
Chen Inc;jamieoconnor;112.142.41.15;530;1.19.6;2013-10-16
Wright Group;hthomas;211.183.102.17;510;1.16.7;2018-06-13
Clayton, Figueroa and Shaw;hpatterson;211.77.1.86;200;1.11.3;2021-08-05
Snyder, Garcia and Fisher;powellstefanie;179.142.125.72;200;1.12.7;2019-02-04
Adams-Campbell;misty96;42.181.161.183;750;1.16.3;2013-08-26
Schaefer-Brown;nicolejohnson;46.250.97.107;830;1.10.8;2015-08-14
Richardson, Gilmore and Todd;jonesmatthew;176.242.35.139;810;1.15.1;2016-12-21
Miller, Parsons and Burton;mrios;223.241.127.152;190;1.13.2;2016-03-05
Burch-Day;lbanks;54.178.183.249;500;1.15.1;2017-02-08
Nelson, Watson and Davis;fthomas;72.229.250.63;280;1.14.1;2019-11-05
Campbell-Porter;april18;140.41.5.118;960;1.16.5;2013-05-22
Meyer Group;williamsjennifer;69.245.107.203;950;1.18.1;2016-05-27
Lopez-Massey;brennanjose;75.188.0.253;260;1.14.8;2017-01-31
Walker-Smith;carriewolf;144.96.212.94;130;1.13.0;2018-12-17
Hayes-Becker;wheelersteven;128.57.227.59;50;1.14.5;2015-08-20
Mcclain, Hamilton and Manning;hillkayla;129.27.29.9;470;1.18.7;2018-08-22
Johnson, Conway and Ferrell;molly76;145.94.231.225;300;1.10.5;2020-03-14
Wilson, Miller and Johnson;qjohnson;119.40.68.234;970;1.12.2;2013-12-29
Allen-Dickson;quinnkaren;20.126.7.56;130;1.17.2;2020-11-06
Gray, Cox and Atkinson;ryancantrell;28.244.84.19;440;1.12.7;2017-10-15
Buck and Sons;william99;220.97.168.143;790;1.19.1;2020-08-10
Gill-Chambers;kinglindsey;64.95.246.194;840;1.12.6;2013-09-08
Watson LLC;efisher;198.72.78.175;660;1.14.2;2019-06-30
Gentry Inc;allenlucero;133.170.182.245;480;1.19.0;2015-07-19
Mejia-Baker;timothyshelton;49.164.168.21;210;1.10.4;2016-11-19
Jackson, Williamson and Davidson;ehines;157.190.145.188;360;1.16.9;2015-06-19
Potts, Kim and Rogers;brogers;47.8.209.152;820;1.16.0;2019-01-19
Odonnell, Lewis and Gonzalez;logansteven;159.225.233.124;180;1.19.4;2017-03-27
Salinas, Hanson and Ramirez;kennethlam;184.46.139.76;90;1.16.0;2014-05-25
Taylor, Jackson and Holmes;michaelwilliams;153.159.229.230;290;1.11.7;2018-08-03
Hall, Campbell and Griffin;lisaray;77.213.229.85;640;1.15.4;2015-06-30
Jensen-Juarez;teresabrown;222.221.160.180;170;1.12.9;2013-04-10
Cordova, Jenkins and Hayes;christopherferguson;195.36.181.17;230;1.16.9;2019-10-01
Sosa, Cherry and Zamora;melissadavis;34.250.23.216;820;1.17.1;2020-12-04
Bell, Richmond and Ryan;estradabradley;28.168.141.93;270;1.10.3;2021-09-15
Maynard-Hunter;dustin10;13.203.253.84;170;1.11.4;2014-01-04
Robinson, Martinez and Wright;craigstewart;218.39.144.196;310;1.12.8;2016-05-15
Rodriguez PLC;stacyjohnson;42.9.86.22;20;1.17.9;2012-05-18
Miller and Sons;marykelly;192.53.22.203;870;1.12.1;2018-07-15
Roberts Ltd;nconrad;52.216.231.70;580;1.11.6;2019-06-16
Underwood, Stokes and Gilmore;johnwright;22.240.92.28;460;1.19.2;2018-10-07
Johnson-Hayes;michele28;120.4.147.135;260;1.10.7;2013-07-08
Castro, Maxwell and Smith;nlee;197.248.21.216;900;1.11.4;2012-02-06
Kaiser, Lee and Castillo;veronica96;115.60.156.129;140;1.12.7;2020-12-03
Merritt, Levy and Adams;lonnie58;18.91.233.44;10;1.10.1;2019-04-10
Morgan, Miller and Brown;thomasyork;29.169.211.146;620;1.13.2;2017-07-02
Garcia Inc;carolinemyers;201.149.231.147;950;1.16.6;2014-02-26
Allen Group;eric82;78.105.20.19;620;1.16.9;2014-03-28
Boyle PLC;williamjimenez;115.124.102.237;90;1.13.4;2016-05-26
Holden, Weaver and Washington;tyler40;109.50.145.187;820;1.16.2;2013-01-03
Vargas-Compton;jenniferbrown;5.126.200.46;310;1.13.9;2012-07-07
Richardson, Page and Torres;psmith;74.40.144.7;650;1.18.3;2021-06-28
Stout Group;amanda83;128.233.60.27;320;1.16.6;2012-04-16
Stone-Carter;whoward;87.126.183.138;910;1.13.0;2012-07-22
Bean and Sons;dbartlett;83.90.22.210;590;1.18.3;2012-10-18
Knight Ltd;paul92;36.89.158.138;680;1.13.3;2017-08-16
Cooley PLC;jennifer92;12.190.248.243;640;1.17.8;2016-09-12
Wallace-Hamilton;waynemcdaniel;49.41.227.109;490;1.10.9;2012-02-25
Romero, Baker and White;collinstara;7.221.183.147;60;1.17.7;2013-07-25
Marshall LLC;wilkinsonrobert;39.151.204.41;500;1.16.5;2019-04-21
Edwards-Hughes;bryce89;208.155.110.149;780;1.13.6;2017-02-27
Williams-Macdonald;tonyaramirez;4.38.164.123;120;1.13.2;2016-05-11
Nunez-Bennett;johnnythompson;131.170.213.135;70;1.11.1;2016-03-01
Adams and Sons;delgadopatrick;194.112.194.220;720;1.16.6;2017-07-21
Holland Inc;tracylong;144.223.117.98;950;1.15.4;2013-12-21
Moore-Davis;gday;19.206.102.60;140;1.17.6;2015-11-25
Jordan-Johnson;shannon52;35.108.236.62;80;1.15.6;2014-06-22
Schmidt Ltd;mgibbs;118.163.192.177;260;1.17.3;2014-08-07
Medina PLC;josephconner;166.168.101.55;190;1.10.5;2019-01-16
Morton Group;jason45;24.31.197.206;360;1.13.5;2016-02-01
Gillespie-Donaldson;gutierrezlinda;12.139.148.193;80;1.16.1;2020-07-24
Higgins, Hernandez and Wright;john53;197.76.252.238;140;1.16.9;2017-11-21
Willis, Lindsey and Reid;crystal15;185.24.45.149;930;1.17.0;2012-12-12
Hodge, Clark and Martin;heatherdavis;143.5.244.98;760;1.17.5;2013-01-05
Cross, Webb and Williamson;george48;85.9.238.167;280;1.19.1;2021-02-14
Evans, Wilson and Patel;michael46;145.74.233.108;320;1.13.9;2017-02-18
Davis, Rhodes and Barnes;clarkejennifer;93.70.53.90;890;1.14.9;2012-11-05
Pierce, Thomas and Johnson;hickskelly;41.85.124.2;290;1.11.9;2012-06-05
Wagner, Kim and Jackson;johnjensen;159.86.222.164;800;1.12.1;2016-03-07
Russo-Perez;millertammy;79.234.112.254;340;1.10.0;2018-02-02
Alvarado-Cohen;fholmes;81.139.88.218;30;1.13.0;2012-12-14
Reyes Ltd;bensonrobert;114.215.71.96;620;1.18.8;2013-11-05
Williams-Price;umorton;56.177.9.108;20;1.13.1;2012-05-08
Greene Ltd;madelineflores;38.87.93.63;820;1.11.7;2020-09-19
Reyes-White;parkerkathy;27.79.13.113;310;1.11.7;2017-03-21
Harper-Vasquez;stacey11;21.50.56.220;750;1.17.4;2015-10-03
Mays Inc;cpatel;187.246.90.206;810;1.17.1;2017-05-01
Galvan-Hernandez;qowens;84.79.205.122;510;1.18.6;2016-12-12
Sheppard-Horne;thomasbaker;85.61.237.39;910;1.15.7;2018-07-23
Phillips-Harrell;nathan87;31.121.212.149;20;1.11.1;2017-08-18
Butler PLC;rmyers;103.230.53.156;310;1.17.6;2017-05-26
Maldonado-Hall;howellkatherine;212.120.205.122;910;1.19.5;2013-09-12
Oconnell Inc;donaldortega;80.229.17.110;770;1.12.4;2021-01-01
Phillips Inc;mwilliams;203.88.52.183;350;1.15.5;2021-02-03
Smith, Strickland and Daniels;ronaldhunter;182.195.222.61;740;1.15.1;2018-05-28
Carter, Powell and Leonard;gregoryday;98.252.81.67;590;1.13.7;2015-12-06
Morgan Group;stewartsean;150.172.128.13;420;1.12.7;2019-11-23
Henderson and Sons;deborahbrown;220.35.234.133;950;1.11.9;2015-09-17
Marshall, Galvan and Sanchez;alexislittle;82.217.42.223;630;1.12.9;2017-08-14
Garcia LLC;pmunoz;27.168.161.252;520;1.15.8;2014-03-09
Graham-Merritt;audreymyers;5.144.167.25;260;1.10.2;2019-12-26
Berry, Fischer and Potts;sylviaalvarado;119.124.217.63;850;1.17.7;2019-03-28
Paul Ltd;marissaadams;68.235.84.215;380;1.19.1;2020-08-25
Gomez-Schwartz;tylerbecker;153.179.24.86;970;1.14.0;2019-12-28
Brown-Hanson;richardtaylor;90.38.70.29;890;1.14.4;2014-02-03
Mccall-James;markmolina;176.90.173.225;870;1.11.6;2015-01-02
Johnson Inc;jonathan27;97.125.126.87;240;1.13.7;2017-05-03
Ramirez-Kane;nicoleowen;147.35.113.44;960;1.12.1;2017-02-08
Morris Inc;arogers;59.32.18.242;700;1.19.9;2015-02-26
Peterson-Harrison;tammy68;11.249.221.80;850;1.14.1;2020-08-22
Cobb-Burke;michele36;24.178.54.178;620;1.11.6;2018-02-05
Gray, Johnson and Ramsey;jessegomez;171.108.91.224;880;1.10.6;2020-11-06
Moore, Shaffer and Greene;vpatterson;140.134.121.165;810;1.18.0;2019-06-15
Hicks, Daniels and Phillips;michele18;125.253.90.219;930;1.14.4;2017-04-27
Alvarez Inc;stevenharris;18.247.144.112;890;1.15.5;2014-07-16
Simmons-Nunez;kellydyer;174.169.184.128;950;1.12.0;2011-11-22
Wilson Inc;anna22;76.72.253.56;640;1.16.5;2012-12-31
Evans Ltd;andrea71;65.195.53.65;400;1.16.7;2019-01-25
Howell, Lewis and Irwin;martinjessica;134.79.53.30;800;1.15.8;2021-05-30
Mathews, Jones and Atkinson;gainesteresa;204.234.75.58;640;1.19.9;2013-04-01
Lawrence and Sons;shannonsmith;69.106.184.3;250;1.18.6;2013-07-20
Lamb-Douglas;tony03;134.214.170.188;860;1.17.3;2012-04-25
Garcia, Nguyen and Winters;callahanrhonda;157.100.77.206;400;1.15.8;2017-05-02
Sanchez Group;christinefoster;116.245.28.129;870;1.16.5;2014-05-21
Walker-Nelson;moorehannah;159.90.196.165;880;1.15.5;2016-06-11
Leonard LLC;orodriguez;38.193.81.67;310;1.17.7;2019-01-25
Jones LLC;cynthia56;132.72.112.8;550;1.11.4;2016-10-17
Morrison-Morales;tadams;134.215.54.60;560;1.15.8;2016-02-08
Parsons PLC;william51;129.55.236.148;290;1.17.8;2015-01-01
Schultz-Snyder;mmartinez;164.23.118.59;740;1.14.6;2018-08-05
Lopez and Sons;brittany47;12.188.161.162;730;1.11.8;2013-07-29
Ellison, Williams and Ramos;montoyarebecca;104.100.153.50;470;1.17.8;2020-12-29
Dunn, Johnson and Williams;destiny17;208.51.169.216;910;1.19.3;2015-09-01
Thompson, Dickerson and Preston;ramirezchristopher;199.235.110.115;470;1.10.7;2020-05-19
Snyder-Lucas;michael04;168.7.160.180;260;1.10.7;2020-02-10
Green, Shah and Barrett;upugh;148.235.50.89;810;1.18.9;2013-07-25
Anderson-Johnson;rebecca86;183.83.27.202;760;1.12.9;2012-12-18
Huffman Group;christopher29;182.31.243.238;950;1.17.9;2019-10-19
Mckinney-Hardin;sheparderica;12.177.247.113;820;1.10.8;2014-01-02
Pope, Brooks and Nelson;beth48;116.114.134.201;330;1.16.0;2015-06-09
Jimenez PLC;jacquelinedawson;99.62.41.133;550;1.12.8;2013-01-31
Watson-Wong;jessica66;75.121.154.65;40;1.13.1;2015-09-11
Stevenson, Floyd and Travis;dawn94;109.229.148.74;250;1.15.8;2013-07-24
Arnold-Crawford;ramirezshane;29.63.135.46;170;1.18.3;2014-03-21
Arroyo-Scott;michael73;100.165.126.34;240;1.18.2;2021-01-07
Gilbert LLC;brookeevans;188.218.220.189;230;1.11.2;2018-06-05
Cox, Gomez and Anderson;ibrown;148.134.50.84;930;1.18.4;2012-04-06
Stephenson Inc;brianbrown;57.188.68.88;800;1.14.5;2015-12-26
Farley Ltd;diazmelody;169.68.91.24;990;1.13.3;2017-07-21
Sanford, Douglas and Carlson;oerickson;120.85.63.80;980;1.10.1;2018-05-04
Benitez, Carson and Wolfe;ukim;128.43.138.17;900;1.12.4;2017-02-10
Jacobs-Chang;townsendteresa;128.241.86.164;10;1.10.7;2017-01-05
Guzman LLC;vfrancis;212.242.55.162;840;1.18.5;2016-01-18
Gonzalez-Thompson;hudsonjanet;143.87.196.96;280;1.13.6;2019-03-24
Wilkinson-Guzman;james35;71.197.137.121;760;1.19.1;2013-11-09
Barnes PLC;lawrence05;182.137.34.87;670;1.18.9;2017-08-22
Barker, Conner and Lopez;davideaton;216.123.236.45;590;1.12.5;2018-09-09
Bennett, Moss and Anderson;marybrown;16.212.165.249;480;1.16.3;2016-12-20
Barton Ltd;eric84;122.121.64.151;720;1.17.9;2012-06-04
Mccoy Group;oquinn;97.194.246.227;920;1.16.3;2021-02-19
Atkins-Bailey;ricardo52;136.240.89.85;350;1.11.0;2016-02-28
Adams PLC;wilsonsean;42.211.8.232;390;1.18.3;2015-09-13
Holloway-Chen;nicholas74;138.57.238.107;500;1.18.9;2014-12-07
Carpenter-Russell;lauren48;86.165.147.153;830;1.19.6;2016-09-21
Andrews and Sons;hubbarddorothy;64.1.157.184;500;1.16.4;2021-02-20
Phelps PLC;osbornedavid;36.10.114.192;820;1.16.0;2014-09-08
Soto-Williams;hubbardmichael;22.156.113.60;200;1.14.8;2021-07-03
Hansen and Sons;jerryfarmer;167.135.101.83;980;1.13.9;2021-01-16
Nguyen, Wise and Wallace;edward84;170.183.70.193;360;1.17.8;2020-02-08
Bush, Dean and Crawford;jennacalderon;181.1.192.59;730;1.19.0;2012-04-25
Weber, Vasquez and Parker;zballard;148.81.153.109;220;1.15.7;2021-08-28
Thornton Group;mary45;221.78.127.146;230;1.19.1;2015-12-21
Armstrong, Carlson and Howard;melissacarter;198.20.111.169;190;1.16.7;2016-09-17
Murphy, Gonzalez and Pruitt;williamskarl;26.181.85.154;850;1.16.6;2015-01-03
Robinson LLC;kayla05;83.49.177.88;440;1.16.8;2012-08-27
Perez-Harris;bcrawford;81.18.178.197;790;1.11.8;2012-07-05
Davis PLC;sanchezcharles;94.226.76.181;550;1.16.4;2012-06-03
Graham, Ward and Cooper;yhinton;48.82.141.133;890;1.15.1;2021-06-25
Sparks-Rowe;charleshughes;55.0.132.75;90;1.16.0;2013-10-31
Wade-Harrell;tammy73;44.61.226.3;610;1.11.3;2019-05-26
Mccullough, Chung and Ford;amanda97;41.138.240.174;950;1.15.6;2018-08-04
Smith PLC;jenniferharris;167.239.252.134;110;1.10.0;2020-11-09
Koch-Miranda;jason42;182.117.84.223;840;1.16.4;2015-04-29
Smith-Hughes;fblack;202.9.254.125;310;1.18.4;2015-01-15
Jackson, Mcgee and Miller;esanchez;191.234.45.52;880;1.14.3;2021-01-09
Farmer and Sons;stephensonashley;157.90.143.249;410;1.15.5;2019-06-29
Patel, Rivera and Nichols;heather38;188.19.13.243;680;1.12.9;2016-11-10
Hartman, Aguilar and Pearson;gjohnson;12.5.91.56;800;1.14.3;2021-06-23
Moore, Murphy and Perez;michaelbrown;96.234.21.82;580;1.14.5;2016-01-27
Medina, Robinson and Ray;ewagner;95.64.181.131;410;1.13.9;2013-11-21
Williams Group;pross;179.124.184.132;980;1.10.3;2016-08-03
Flores, Martinez and Stark;gwendolyn86;93.48.227.32;30;1.16.9;2016-01-01
Downs PLC;jeffreyhayden;56.175.215.84;90;1.14.8;2021-11-12
Schmidt-Gay;ephillips;223.213.144.129;100;1.15.6;2014-02-15
Tanner-Bailey;eileenscott;191.150.18.59;470;1.14.3;2019-05-29
Frye and Sons;alejandrowright;84.49.136.221;120;1.19.8;2017-10-25
Watson-Dougherty;rebecca14;102.231.129.20;400;1.17.0;2019-07-30
Ray, Sullivan and Brown;rwalker;54.249.124.159;50;1.18.1;2017-03-06
Moran, Clark and Nash;susan41;15.144.111.89;750;1.14.3;2015-05-16
Harper, Kim and Mcbride;sierrawood;219.159.154.81;760;1.15.9;2019-03-28
Davis-Rodriguez;alecbennett;106.33.216.255;830;1.17.7;2014-06-29
Palmer, Gonzalez and Williams;travisjohnson;94.45.138.84;460;1.16.2;2012-06-22
Carrillo, Baldwin and Carlson;santosaaron;148.47.30.37;300;1.18.5;2017-06-16
Cervantes-Barton;denisejohnson;52.68.221.139;400;1.17.6;2015-05-27
Hunter, Mcdonald and Obrien;gmeyer;105.215.174.50;690;1.11.6;2012-01-01
Cruz-Wright;michael97;83.180.190.120;590;1.18.3;2013-11-01
Palmer Group;caleb16;66.179.120.150;460;1.15.3;2012-09-28
Robinson and Sons;perezjanet;45.6.21.72;650;1.14.4;2020-07-04
Anderson, Green and Taylor;jeanette81;43.12.240.87;630;1.11.2;2019-05-02
White, Newman and Woodard;maryvance;197.211.148.95;430;1.16.9;2016-06-11
Grimes LLC;shannon32;98.255.101.200;200;1.11.9;2015-05-27
Rodriguez-Espinoza;samanthahall;100.197.70.79;790;1.11.9;2012-08-23
Cox, Shepherd and Gray;carlosneal;128.5.75.50;540;1.13.7;2020-09-13
Adams-Nichols;michaelhughes;151.160.30.120;420;1.14.3;2020-05-21
Avila, Banks and Walker;mistyvaldez;177.12.187.24;980;1.14.2;2018-04-23
Reed-Clark;olsonclifford;128.67.229.57;740;1.14.6;2019-08-02
Riggs Inc;wanda39;100.45.189.161;670;1.18.4;2013-12-29
Dorsey-Alvarez;dixondeborah;38.75.171.134;300;1.18.7;2016-08-10
Simpson, Green and Price;bmalone;23.92.126.2;720;1.11.4;2017-12-17
Leonard, King and Gray;fperez;179.97.12.164;910;1.10.7;2017-09-30
Rodriguez, Murphy and Howe;emmaholland;183.77.57.158;930;1.12.0;2016-05-10
Castro-Navarro;stephanie93;191.59.108.255;210;1.16.6;2014-11-06
Jarvis, Frederick and Johnson;padillacassandra;186.114.82.238;850;1.14.7;2021-06-07
Gilbert-Eaton;ellisadam;103.139.81.190;680;1.10.2;2020-02-11
Dickerson, Swanson and Wright;samantha89;17.222.161.235;320;1.15.3;2020-03-17
Lewis PLC;gpeck;222.2.99.205;570;1.10.6;2019-12-23
Hamilton-Brown;natalie57;171.131.53.174;40;1.18.7;2017-01-25
Larsen-Morgan;mariamcfarland;124.175.49.105;290;1.19.2;2012-10-12
Dunn-Spence;garrettstephens;134.100.59.7;950;1.14.3;2016-11-26
Alvarez and Sons;heather05;91.87.53.9;270;1.18.3;2015-12-31
Pacheco Inc;sharon11;148.40.179.53;30;1.14.6;2021-03-02
King, Little and Fleming;debbie80;112.30.123.131;730;1.14.1;2016-09-24
Paul, Ruiz and Duran;gouldseth;23.228.45.215;80;1.14.7;2021-02-27
Taylor, Clark and White;barreragregory;14.80.220.42;210;1.12.5;2018-05-05
Barton and Sons;harrismelody;45.206.5.200;330;1.16.6;2021-09-29
Robinson, Brooks and Frey;john72;58.5.88.246;220;1.15.5;2021-07-27
Wilson-Davis;tammysmith;58.73.5.214;210;1.11.4;2016-07-22
Rodriguez-Olson;steven29;185.149.191.184;170;1.18.1;2013-06-20
Diaz-Taylor;craig41;113.217.202.234;360;1.14.1;2013-01-21
Price-Hood;warrennatalie;181.55.38.221;40;1.18.7;2019-05-25
Kennedy-King;kwebster;25.152.170.33;100;1.11.1;2019-06-15
White-Greene;angelagarcia;98.11.76.7;700;1.16.8;2016-05-02
Lynn, Ward and Williams;maria13;32.22.2.220;210;1.19.6;2015-08-22
Massey PLC;robbinswalter;79.1.64.66;270;1.16.1;2018-09-19
Atkinson, Garcia and Gonzalez;denisemahoney;200.57.19.82;280;1.11.8;2021-02-08
Baker, Brown and Foley;espinozacolleen;125.31.168.219;40;1.16.7;2017-07-30
West PLC;howardashley;163.184.120.88;910;1.10.2;2018-08-26
Peterson Group;nancy03;212.79.120.127;120;1.15.4;2014-02-13
Taylor, Williamson and Morris;rebecca95;25.168.92.181;550;1.18.5;2018-07-06
Price, Robbins and Everett;tylerwilliams;84.35.45.111;670;1.18.6;2021-08-07
Rivera-Hill;campbelltravis;61.182.194.250;650;1.18.6;2014-12-13
Harris Ltd;lgraves;13.207.62.150;10;1.17.6;2015-11-22
Green LLC;michael40;146.230.108.134;890;1.10.3;2012-12-22
Martin PLC;wolfewilliam;220.184.218.241;950;1.10.9;2019-02-01
Anderson, Burns and Lucas;mary66;157.18.178.7;570;1.16.6;2020-12-21
Johnson, Newman and Elliott;zharmon;96.202.201.133;70;1.11.1;2015-07-18
Walters, Prince and Lopez;halljudith;1.168.43.112;110;1.15.4;2020-07-08
Lara and Sons;roneal;153.202.21.208;40;1.18.7;2013-02-02
Maldonado, Bell and Meyers;lisawhitaker;78.217.215.193;910;1.17.6;2013-04-24
Williams, Stuart and Arellano;valerieparker;144.200.209.60;370;1.14.6;2018-04-16
Vaughn-Howell;james31;64.247.30.86;880;1.18.8;2014-08-14
Hill-Pennington;luis39;208.213.161.243;340;1.10.4;2013-12-20
Thomas-Smith;olivia51;107.67.61.30;370;1.18.4;2012-05-13
Johnson-Garcia;shawnpaul;32.121.35.123;850;1.13.6;2015-12-21
Bowen, Ramirez and Perez;xsellers;161.119.96.166;690;1.17.3;2019-10-29
Rogers, Lamb and Jones;rickysmith;145.230.43.203;300;1.14.8;2012-08-02
Miles PLC;calvarez;215.198.43.78;950;1.15.1;2015-05-29
Palmer, Mosley and Moreno;jamesgutierrez;155.99.230.180;30;1.10.4;2017-04-07
Allen LLC;trujillokenneth;171.135.60.33;530;1.19.4;2016-12-13
Gordon-Watson;ugonzalez;124.72.249.12;20;1.19.6;2020-08-12
Hughes, Glover and Morgan;ejones;60.86.82.122;230;1.19.6;2012-10-06
Morgan-Gordon;barnettjoshua;213.136.244.128;80;1.18.8;2012-08-17
Edwards Ltd;pponce;111.76.178.170;680;1.18.1;2014-09-11
Jenkins, Shea and King;jose62;58.174.113.159;830;1.12.1;2016-03-17
Young Group;stephen70;208.240.25.35;570;1.15.9;2013-06-30
Hines, Thompson and Jackson;aprilhall;64.101.239.126;140;1.19.3;2020-04-15
Williams LLC;blakesullivan;119.191.203.184;590;1.12.1;2014-07-28
Campbell LLC;clopez;67.146.19.179;720;1.12.9;2018-04-16
Knapp Ltd;zmiller;62.144.249.53;400;1.13.0;2017-05-02
Knox, Clark and Ali;andrea48;102.255.116.235;30;1.17.2;2015-08-06
Gilbert, Brooks and Jenkins;angel74;32.216.220.115;30;1.13.0;2015-09-22
Smith PLC;benjaminpalmer;106.193.204.148;300;1.13.6;2020-11-25
Ellis, Richards and Nichols;icobb;125.232.239.66;840;1.18.9;2014-10-06
Patterson-Chen;william11;192.10.255.137;20;1.13.3;2014-10-02
Flores-Clark;qlucas;8.18.238.240;100;1.16.2;2020-08-16
Moran-Burns;sfernandez;223.152.160.19;770;1.17.8;2021-08-20
Bell and Sons;tdavis;17.13.68.60;500;1.12.8;2017-09-22
Howard-Ferrell;karen43;57.225.249.116;40;1.18.0;2020-08-09
Jordan Ltd;mcfarlandjennifer;131.63.199.254;810;1.13.2;2015-04-23
Kim Inc;kendragarcia;122.234.5.2;810;1.19.9;2014-05-18
White-Mora;elizabethwatson;53.104.232.75;180;1.10.8;2019-05-01
Snyder, Chandler and Walker;ncraig;97.78.171.59;140;1.18.8;2017-12-19
White-Taylor;martinbaldwin;12.199.22.181;400;1.19.7;2012-11-16
Mcintosh, Davis and Smith;laura37;200.143.31.21;420;1.17.2;2013-07-25
Hawkins, Stewart and Dickerson;ihernandez;190.164.238.1;310;1.12.9;2018-08-22
Mack Inc;rachel49;218.155.67.107;800;1.12.8;2019-11-10
Bauer Group;katelyn44;189.138.2.76;630;1.17.0;2014-08-14
Pena, Parker and Burke;jacobsdavid;61.46.246.18;770;1.14.5;2016-12-16
Schwartz LLC;turnerjuan;115.11.251.218;480;1.17.6;2016-11-09
Le, Mejia and Shea;larayolanda;78.53.120.75;700;1.14.9;2019-04-25
Jones, Stout and Parks;reginaheath;144.228.212.117;850;1.13.7;2014-10-09
Terry and Sons;tanyathompson;48.25.96.166;40;1.11.0;2015-08-25
Howell-Rich;reginaldhansen;112.232.132.73;380;1.17.8;2021-10-08
King-Barton;smithjessica;31.248.154.223;390;1.19.8;2013-06-06
Mcclure-Mack;tyler16;111.144.242.6;330;1.14.2;2012-10-02
Jones-Martin;wendy41;32.1.89.45;240;1.14.2;2012-06-23
Delgado Inc;sjohnson;97.75.129.135;750;1.12.9;2019-08-03
Collier, Barr and Wright;spencerhannah;12.157.139.108;130;1.16.9;2015-09-05
Davis-Mcfarland;xbaker;50.155.29.147;200;1.17.8;2012-02-07
Reyes-Peterson;barbara73;146.191.1.170;170;1.10.2;2014-02-09
Wood, Griffin and Jordan;bsmith;199.27.143.85;750;1.16.2;2017-10-26
Monroe-Chapman;rthompson;20.19.76.125;740;1.19.9;2018-12-29
Shaw-Rowe;marykennedy;200.6.193.9;930;1.17.5;2012-04-04
Chen, Downs and Fischer;gatespaul;50.200.164.37;680;1.12.2;2018-02-10
Barrett, Smith and Parker;dudleyerin;15.43.173.90;320;1.16.9;2019-10-09
Flores-Clark;benjamin14;166.107.5.160;980;1.13.4;2013-01-06
Green LLC;matthew25;147.74.63.252;380;1.19.9;2012-11-25
Baker-Murphy;kimberlyclarke;168.172.247.49;390;1.15.1;2016-05-01
Taylor, Young and Camacho;scott56;198.2.64.143;50;1.19.6;2019-05-30
Parks, Vasquez and Barton;pattersonvanessa;124.2.42.79;600;1.11.4;2020-06-10
Floyd-Phillips;garciaandre;26.247.0.49;260;1.13.4;2021-08-06
Murphy and Sons;chadmejia;32.74.32.209;560;1.16.0;2019-07-19
Johnson PLC;andrew72;112.243.52.125;50;1.15.8;2017-10-31
Liu Inc;tle;47.114.124.159;190;1.18.2;2014-08-23
Gomez, Bates and Lowery;lopezelizabeth;113.174.116.163;780;1.17.8;2015-02-15
Skinner-Clark;christopherwilson;107.159.251.168;630;1.14.5;2021-09-07
Bartlett, Cisneros and Branch;bradaguirre;130.0.250.67;30;1.18.3;2015-09-29
Smith, Castro and Arnold;rcampbell;116.50.132.208;970;1.13.2;2016-12-02
Reilly-Logan;stevenvelasquez;207.245.141.129;270;1.18.3;2016-07-23
Lewis and Sons;brandonmacdonald;24.2.20.173;150;1.10.2;2015-11-10
Ritter LLC;devin97;216.205.30.33;670;1.19.0;2014-03-17
Nguyen-Walls;william48;109.246.161.39;20;1.18.0;2014-04-08
Young PLC;joelarias;41.134.113.213;110;1.16.1;2021-04-19
King Ltd;fostermichael;37.28.214.205;230;1.14.5;2017-04-04
Gonzalez Ltd;ktate;138.70.176.244;190;1.17.2;2016-05-18
Murphy-Welch;johnmcpherson;172.14.222.198;440;1.16.8;2015-02-22
Mccann, Lindsey and Lam;tyler85;171.47.106.114;760;1.12.0;2020-09-03
Gross and Sons;ericsmith;143.175.204.142;710;1.14.8;2014-04-25
Thornton-Burns;watsonnicole;111.112.76.131;530;1.12.4;2012-11-24
Guzman, Peterson and Avila;kristin52;165.106.11.10;880;1.18.2;2014-01-26
Turner-Wells;carrnancy;173.161.12.139;540;1.10.8;2015-02-12
Bennett-Andrews;ccampbell;55.53.183.96;850;1.17.4;2018-08-22
Jones, Crane and Monroe;heidismith;27.124.16.222;270;1.10.5;2021-09-22
Kemp-Sparks;andradenicole;130.86.88.46;530;1.17.0;2017-07-24
Castillo LLC;michelledavidson;157.34.122.194;410;1.11.3;2013-12-01
Wilson PLC;staylor;135.111.223.123;710;1.12.4;2012-03-07
Carroll, Pearson and Copeland;kgutierrez;11.118.0.87;250;1.11.2;2015-03-24
Roy-Lloyd;brenda20;156.99.100.212;480;1.12.5;2021-09-16
Morgan LLC;daniel10;174.172.50.40;430;1.13.8;2020-11-29
Rojas Inc;feliciadiaz;209.13.129.18;50;1.16.1;2020-02-14
Walton-Potts;ksanchez;16.94.62.253;820;1.12.6;2020-01-08
Miller, Boyd and Smith;alison72;210.160.19.60;850;1.16.6;2016-08-26
Palmer, Ramos and Smith;todd48;203.79.224.9;630;1.15.9;2013-04-24
Parker Ltd;sparksangelica;2.57.35.84;80;1.17.5;2015-10-03
Robbins LLC;nicholas48;219.2.57.163;320;1.12.5;2017-02-10
Stevens-Bryant;josestokes;110.192.83.93;800;1.10.7;2015-04-02
West-Ponce;kristin30;219.102.124.43;630;1.16.8;2013-11-04
Hughes-Clay;nowen;57.184.61.33;610;1.14.8;2016-04-09
Johnson PLC;roy32;128.6.118.252;530;1.19.4;2013-02-26
Goodwin and Sons;fmcconnell;90.120.249.168;610;1.15.0;2020-04-01
Price-Berry;zmontgomery;80.138.199.86;560;1.19.6;2016-05-31
Torres, Swanson and Medina;rodgersdebbie;85.0.181.90;160;1.13.3;2018-06-30
Cordova, Thomas and Riggs;lopezjake;194.62.226.30;600;1.14.8;2016-07-13
Perez-Reynolds;elizabethluna;106.55.142.203;400;1.10.8;2019-07-26
Foster, Cannon and Jones;sara41;122.230.137.205;970;1.16.5;2016-04-07
Martinez and Sons;kimmelissa;12.188.235.155;420;1.15.6;2012-07-15
Barber-Robertson;kellygreen;71.144.138.116;860;1.16.8;2017-03-08
Jones PLC;lisa78;221.181.55.213;600;1.19.4;2020-07-10
Stewart Group;pbarnett;146.180.19.173;580;1.11.1;2019-09-18
Bryan and Sons;rebeccamercado;201.1.97.218;340;1.19.8;2020-03-19
Grimes-Jefferson;elizabethjenkins;200.149.152.69;170;1.14.9;2020-06-27
Johnson, Curtis and Kelly;larry16;188.111.158.168;540;1.16.0;2016-01-03
Goodman Group;jonathan30;50.164.36.193;50;1.11.6;2016-07-12
Rose, Miles and Solis;onorton;57.32.49.3;500;1.17.6;2020-03-28
Kim, Pennington and Bass;henrycarney;15.96.114.157;270;1.13.0;2014-01-17
Yang, Walters and Cain;simmonsrhonda;51.197.255.119;920;1.10.1;2017-06-19
Barrera, Martinez and Marshall;ogriffin;197.111.122.47;530;1.11.5;2019-12-21
Thomas LLC;ryan48;77.22.102.163;170;1.17.9;2013-12-18
Lewis LLC;alyssa87;17.55.229.162;940;1.12.2;2012-01-08
Ruiz-Jimenez;davidlittle;80.180.245.215;190;1.19.6;2019-11-30
Murphy-Leon;ugilbert;32.163.64.108;390;1.15.8;2020-07-15
Carroll Group;brittanyreed;195.226.96.235;320;1.12.7;2016-12-14
Miller Inc;kendra02;86.171.246.253;350;1.17.6;2014-04-12
Mendoza, Molina and Brady;joshua04;56.151.103.44;130;1.14.2;2020-05-26
Griffith Group;charles73;87.126.101.215;340;1.13.7;2018-08-31
Stephens and Sons;gthompson;114.221.186.42;820;1.15.6;2019-06-30
Matthews Ltd;okelley;67.125.5.49;860;1.16.6;2014-04-12
Price, Martinez and Miller;moorechristopher;221.183.219.253;170;1.19.9;2014-05-30
Brown Inc;david98;87.169.189.174;520;1.19.1;2012-05-11
Jimenez PLC;simpsonlaura;159.71.223.52;980;1.17.4;2019-10-08
Pacheco LLC;lisastone;156.225.66.77;730;1.10.7;2019-06-22
Jordan Group;debravaughan;91.150.227.28;20;1.16.2;2015-10-03
Woodard, Mata and Cooper;erichard;194.108.3.250;130;1.19.7;2013-08-09
Boyd Inc;ylopez;103.81.51.56;520;1.18.5;2020-12-26
Welch-Curry;brianross;131.21.55.144;810;1.14.2;2013-10-25
Powell Ltd;albert59;182.25.177.187;100;1.14.6;2017-10-01
Haynes-Rosario;cherylmitchell;69.245.28.197;710;1.14.2;2012-01-18
Clarke, Huerta and Cooper;zcherry;150.110.246.62;920;1.17.8;2021-01-22
Reeves, Joyce and Herman;ibaker;151.99.155.13;530;1.19.6;2017-02-15
Burns PLC;hardinseth;35.73.84.234;80;1.18.5;2012-01-31
Norton-Arnold;susanhumphrey;80.242.73.165;80;1.13.5;2016-11-28
Sullivan PLC;wesleyfarmer;58.64.179.218;80;1.13.0;2019-05-25
Woods, Steele and Flores;huffchristine;149.219.64.35;470;1.19.2;2014-12-17
Martin Ltd;michaeloconnor;165.151.21.13;590;1.16.4;2021-03-20
Compton and Sons;joseph05;217.175.29.38;510;1.15.4;2021-10-10
Frank-Spencer;adamscorey;33.232.84.126;550;1.13.8;2019-07-07
Buckley Ltd;scottgraham;9.35.216.103;650;1.12.7;2012-01-27
Martin-Davis;lawrencelewis;152.110.56.63;60;1.14.9;2012-07-27
Fitzpatrick-Johnson;wwright;18.181.8.48;150;1.18.1;2015-03-06
Vasquez, Richardson and Roberts;wlam;57.3.125.53;10;1.16.5;2016-11-27
Anderson and Sons;elizabeth02;82.176.36.20;940;1.15.6;2019-09-24
Rivera, Rogers and Berry;brookslori;59.216.14.228;320;1.18.2;2014-06-28
Gomez-Hernandez;fgreen;111.170.125.100;560;1.16.9;2020-09-19
Case, Butler and Ward;tateconnie;93.54.29.51;100;1.15.8;2016-07-09
Wright, Jackson and Garrett;richardsmith;167.175.67.96;620;1.15.5;2014-04-28
Mason, Berry and Jones;tamarasmith;159.218.169.100;510;1.14.3;2017-01-31
Avery-Patel;rporter;58.235.252.88;290;1.13.1;2021-08-18
Smith, Walker and Woods;brenda98;202.18.249.233;730;1.15.4;2015-10-02
Cunningham Group;melissa37;24.200.169.156;640;1.14.4;2012-07-23
Kerr LLC;kyle88;80.172.199.41;180;1.18.8;2016-08-20
Baker, Smith and Cox;melissa98;6.245.143.165;560;1.16.3;2015-09-23
Glenn-Lewis;nwilliams;117.190.243.177;660;1.19.1;2018-10-29
Thomas, Rice and Mendez;michellemarshall;165.25.207.2;370;1.17.7;2019-08-27
Leon, Coleman and Watson;qgoodwin;106.37.196.83;310;1.11.6;2012-01-04
Norman and Sons;garciakimberly;45.38.247.253;750;1.16.0;2015-01-10
Baker and Sons;lutzwilliam;66.200.130.58;510;1.12.7;2015-09-13
Mcdonald-Romero;patriciawood;70.59.88.246;510;1.11.6;2020-12-26
Gould-Hendricks;uphillips;179.210.106.121;570;1.16.9;2016-04-30
Flores Group;ljohnson;51.146.22.212;810;1.17.7;2019-07-01
Velasquez-Kelly;andersonmichele;131.127.22.9;380;1.13.3;2019-02-19
Williams, Campbell and Avila;ecastillo;73.97.191.53;850;1.11.9;2015-09-20
Thompson, Kirby and Sosa;william90;70.7.173.56;960;1.16.4;2014-10-04
Thornton, Wilson and Kelly;jean05;57.223.139.6;780;1.18.0;2019-05-17
Lopez Ltd;alvarezjason;152.220.36.225;780;1.15.0;2021-10-23
Walters, Keller and Woodard;pochoa;168.255.38.34;440;1.19.8;2021-06-07
Lopez, White and Garcia;megan99;28.79.92.223;620;1.17.7;2020-08-05
Powell-Green;cordovabrandon;4.214.149.215;500;1.17.5;2019-08-31
Diaz, Rodriguez and Dorsey;cody07;2.238.147.180;300;1.16.9;2018-12-23
Meyers-James;walkerashley;200.125.55.15;590;1.11.2;2012-12-03
Zimmerman-Whitney;wturner;81.76.183.71;200;1.15.5;2018-04-11
Rogers, Owens and Jones;douglas12;107.156.58.131;740;1.12.8;2013-01-05
Contreras-Hammond;simsbrandy;100.41.132.54;580;1.19.2;2014-04-10
Brown, Shaw and Cooper;aguilaralan;198.229.206.188;990;1.13.1;2013-09-28
Smith, Cain and Lewis;melaniebradshaw;89.205.239.125;140;1.15.0;2014-07-29
Carter LLC;qbrandt;133.97.229.128;490;1.13.8;2014-07-22
Mcmillan Ltd;calhounsamuel;131.69.107.159;410;1.17.3;2020-01-23
Brown-Greene;whitejacob;188.141.246.207;880;1.14.6;2012-02-23
Blair Inc;hubbardrobert;155.62.69.2;300;1.18.8;2017-05-18
Taylor, Fox and Schroeder;welchlaura;128.26.161.122;460;1.13.3;2019-03-31
Jordan, Sparks and Shea;allison14;114.115.126.89;720;1.16.4;2017-09-22
Cross, Payne and Murray;qhayes;221.32.201.226;870;1.16.6;2015-06-06
Sanders Inc;ehardy;169.18.254.107;820;1.16.2;2013-06-12
Adams-Arnold;grantjason;130.143.251.216;330;1.18.8;2016-01-09
Mcneil, Luna and Lopez;hesterdaniel;15.131.113.220;560;1.14.2;2016-01-29
Murphy, Chambers and Parsons;sharpcynthia;221.163.138.10;890;1.18.6;2020-01-20
Anderson PLC;thomas89;204.5.197.48;40;1.16.8;2016-07-05
Summers Ltd;hwilson;35.250.184.85;610;1.12.6;2013-03-26
Sanders, Flynn and Andrews;ellisonjames;1.172.33.42;390;1.16.7;2016-05-12
Barry, Roman and Holt;hkhan;67.160.202.246;390;1.16.1;2012-05-28
Galvan Ltd;fmcdonald;18.35.45.119;230;1.19.9;2020-11-12
Newman, Mcguire and Smith;manuel83;44.153.235.38;100;1.14.7;2015-11-24
Ramos, Ray and Leonard;douglas40;184.106.216.25;810;1.19.5;2020-07-12
Tran-Davis;jacksonpamela;213.34.59.231;880;1.14.6;2019-07-27
Jimenez-Bowen;sara29;70.218.158.52;860;1.11.8;2016-10-16
Graham, Russell and Flores;abrown;105.176.251.167;80;1.12.0;2020-05-19
Luna-Smith;sbeck;131.217.214.4;320;1.18.3;2019-10-20
Silva, Tucker and Bennett;mcmillanjordan;104.59.223.110;50;1.11.5;2017-03-03
Joyce Ltd;rbarber;19.89.92.209;540;1.17.9;2021-04-24
Mccoy-Johnson;bromero;135.12.52.15;390;1.17.3;2021-02-09
Carr-Chavez;charlespowell;184.176.119.84;650;1.18.5;2018-04-06
Bradshaw, Bell and Thomas;hayley42;100.183.186.40;330;1.15.2;2019-02-22
Thompson-Murphy;hillphillip;212.95.166.31;170;1.17.0;2012-02-17
Jones and Sons;jasonthomas;204.9.128.3;270;1.10.3;2020-06-16
Davis-Nichols;jameshardy;58.59.70.139;800;1.14.3;2012-03-06
Porter-Williams;david51;166.204.14.149;160;1.12.1;2015-01-27
Medina, Lane and Carr;brittanynash;44.159.184.109;710;1.12.4;2012-11-09
Carlson Group;qmccoy;149.142.58.188;450;1.11.1;2019-01-24
Williams, Moran and Moore;john51;36.3.12.166;830;1.13.6;2020-08-27
Henson Inc;petersonelizabeth;14.211.234.221;120;1.11.4;2019-11-14
Meza LLC;travisbarron;120.228.245.43;10;1.13.5;2019-02-04
Wang LLC;elizabeth15;69.19.185.214;80;1.18.5;2016-11-17
Newman-Johnson;hollymedina;58.186.54.164;370;1.15.8;2020-02-20
Torres and Sons;jgardner;139.225.220.225;630;1.19.9;2013-08-10
Brown-Wilson;ahansen;42.151.153.40;790;1.11.4;2021-09-08
Mcfarland Group;taylor38;80.158.200.76;560;1.13.4;2021-08-09
Preston-Vazquez;fitzpatrickbrandon;149.126.246.216;480;1.15.0;2017-04-26
Castro-Rodriguez;amysilva;152.232.75.185;280;1.19.0;2011-12-05
Cain and Sons;kellymyers;21.58.155.141;270;1.16.1;2015-11-26
Stevenson and Sons;emily83;174.153.45.102;50;1.13.1;2014-05-31
Duncan, Mcdonald and Lopez;nbradshaw;64.122.62.132;870;1.16.8;2012-08-17
Wright-Simmons;mmerritt;47.118.133.188;340;1.19.9;2015-04-27
Pacheco PLC;amycunningham;165.119.138.78;830;1.13.2;2014-03-29
Mann Group;lauriethomas;143.8.63.239;570;1.14.7;2021-01-06
Sherman-Robinson;brandon48;72.154.70.87;920;1.18.3;2018-05-21
Larson, Lee and Waters;rhonda44;165.2.236.21;880;1.16.8;2011-12-18
Morales-Johnson;dhill;120.248.167.157;30;1.15.9;2020-09-22
Cruz-Brown;emilyweeks;175.105.105.240;950;1.19.6;2012-04-28
Solomon-Nelson;amiller;164.25.120.131;560;1.16.8;2020-08-15
Moore Group;joeljones;159.211.249.5;820;1.19.4;2017-12-22
Sanders-Smith;michele08;54.44.195.32;30;1.11.4;2013-11-28
Perry, Bond and Pena;brittney60;160.253.201.139;900;1.16.3;2018-12-11
Coleman, Lopez and Smith;warericardo;123.206.151.139;840;1.11.0;2015-07-06
Foster, White and Patel;kaitlyndavis;207.218.190.22;540;1.19.8;2012-12-13
Chan Inc;cheneileen;79.95.231.147;770;1.13.2;2015-10-04
Williams Inc;alan46;197.180.173.64;560;1.13.7;2014-10-15
Williams PLC;andrea45;170.188.58.39;520;1.18.8;2019-11-10
Barron PLC;mccoyjustin;95.229.70.19;390;1.13.2;2016-03-23
Sanchez, Williams and Valenzuela;patelkevin;118.199.170.137;790;1.15.1;2016-12-22
Pierce Ltd;jacksonmary;129.218.157.170;710;1.13.9;2020-06-29
Mays, Wilkerson and Olson;umacias;79.37.9.152;960;1.15.8;2020-02-06
Armstrong LLC;hollyrussell;11.90.91.142;640;1.16.2;2019-02-28
Powell and Sons;cynthia22;17.22.67.5;780;1.19.4;2016-11-09
Klein-Cooper;earl25;94.5.195.151;860;1.10.7;2018-12-06
Baldwin PLC;mcdonaldnathaniel;92.6.98.116;270;1.10.0;2016-04-10
Gentry-Reynolds;andrea29;35.23.15.178;990;1.19.2;2013-05-11
Brooks Group;darylharris;103.78.96.37;220;1.12.9;2018-07-15
Herrera-Mason;malloryflynn;27.36.64.61;470;1.15.1;2021-08-01
Moses, Nelson and Waller;azamora;75.159.177.61;920;1.18.7;2021-01-19
Bailey Inc;danprince;195.28.185.105;870;1.18.7;2015-07-04
Harper-Price;timothy95;164.63.149.203;450;1.10.0;2018-07-18
Johnson, Johnson and Smith;kellyrachel;181.105.49.151;610;1.18.2;2020-06-14
Marshall-Wallace;timothyrodriguez;69.103.224.30;140;1.15.7;2016-08-18
Taylor-Knox;ghayes;182.195.255.126;840;1.19.1;2019-02-05
Bush, Sullivan and Glenn;brobertson;85.67.105.56;620;1.11.5;2013-11-23
Goodwin-Dixon;laura57;26.65.247.181;160;1.18.5;2016-10-10
Mullins LLC;blakeelizabeth;69.153.193.41;340;1.14.6;2019-01-28
Snow-Johnson;bspencer;197.243.243.69;840;1.12.5;2013-10-24
Bush PLC;lindanelson;128.46.180.141;20;1.15.6;2014-02-20
Cunningham, Davis and Parker;jeffrey31;189.45.118.234;80;1.19.1;2011-12-09
Walter-Gonzales;ricejasmine;145.127.118.49;240;1.11.1;2016-09-21
Nguyen, Jones and Pierce;michael70;168.133.185.184;720;1.11.8;2012-06-09
Johnson LLC;pughreginald;175.101.44.222;530;1.14.3;2015-10-22
Mcdonald, Clark and Lawrence;carla81;222.83.97.59;680;1.14.4;2015-08-28
Randolph PLC;michael49;21.149.113.123;180;1.13.7;2020-10-19
Baker-Chapman;daniellerobinson;158.83.142.33;940;1.17.9;2013-07-20
Lane, Adams and Johnson;greenemark;129.136.99.138;620;1.17.8;2017-08-20
Miranda-Bowers;debbie96;27.128.95.68;330;1.13.0;2017-02-14
Woods-Knight;craneadrienne;88.186.230.202;730;1.18.5;2020-02-11
Smith Ltd;brandon58;40.208.48.48;450;1.12.8;2016-01-11
Wilson-Simmons;cardenasjonathan;110.112.115.100;1000;1.17.3;2014-07-19
Brown, King and Schultz;amber02;21.89.238.108;50;1.10.6;2012-02-16
Alexander, Bright and Buchanan;david61;36.30.154.12;350;1.17.3;2016-07-29
Norman LLC;griffinpam;95.144.139.176;950;1.14.6;2017-07-13
Morrison, Morgan and Chapman;boyerzachary;205.140.13.0;50;1.14.9;2014-05-21
Anderson, Joyce and Baker;epaul;191.40.79.226;920;1.19.6;2013-01-29
Barnett LLC;paul90;3.98.215.106;760;1.18.3;2012-05-17
Bradley, Reeves and Gilmore;jamieball;85.226.91.55;570;1.17.5;2019-04-13
Gordon Ltd;smithmanuel;188.60.101.30;280;1.17.2;2015-05-11
Silva, Ortiz and Ramirez;teresa29;218.189.202.63;330;1.15.1;2016-07-28
Mann Ltd;patriciawheeler;15.196.101.107;430;1.13.8;2018-02-01
Hill and Sons;sherry80;26.93.48.60;400;1.19.8;2013-07-30
Ballard, White and Ferguson;xgonzalez;110.1.27.146;590;1.19.9;2014-05-16
Gonzalez-Steele;xandrews;133.130.213.220;540;1.14.3;2019-06-21
Wu, Gonzalez and Hanson;tommy08;220.33.50.93;520;1.14.6;2020-06-20
Woods-Rodriguez;njones;188.62.119.165;540;1.12.6;2013-09-06
Bright Ltd;castillomarissa;196.236.61.225;880;1.11.6;2012-05-21
Santos, Hawkins and Olson;hmurray;94.46.46.132;100;1.14.3;2020-11-17
Ortega Ltd;maxwelljoshua;204.192.108.193;820;1.10.9;2011-11-28
Torres, Riley and Taylor;tinasmith;53.193.101.95;470;1.16.1;2021-07-23
Cabrera PLC;davislaura;221.79.144.203;440;1.17.1;2012-04-03
Morgan, Johnson and Jones;marklong;100.132.29.74;860;1.17.9;2017-06-15
Allen, Mack and Stephens;fowlerlindsey;20.128.234.76;480;1.14.7;2015-06-01
Sutton, Sanchez and Gibson;uvalencia;131.198.162.8;590;1.16.4;2014-09-08
Harris Group;obarnes;131.78.80.181;660;1.13.7;2019-05-25
Bonilla Group;ashleygross;49.211.19.64;540;1.12.6;2018-01-02
Hopkins-King;veronicahernandez;160.72.185.110;310;1.10.3;2017-05-23
Williams-Hines;mercerlaurie;119.98.0.12;690;1.11.6;2020-12-13
Li-Norris;williamsbrenda;20.55.41.51;240;1.19.3;2015-02-13
Foster Group;alvaradosean;220.77.9.76;480;1.13.8;2013-03-08
Velazquez-Young;james32;66.240.114.209;460;1.17.7;2013-06-06
Lawson Inc;thomasshannon;102.149.125.9;520;1.13.1;2018-04-07
Frazier-Crawford;jamie27;210.151.222.192;40;1.16.5;2018-09-09
Craig-Wright;ian29;198.3.69.2;790;1.15.3;2021-10-09
Woods-Allen;teresa35;193.133.187.150;180;1.19.1;2021-08-17
Hayes-Bennett;michaelharris;35.152.233.89;530;1.16.3;2012-04-03
Torres-Sherman;adamsgerald;160.124.101.218;510;1.14.0;2020-10-11
Coleman-Pham;lindsey88;128.23.247.135;120;1.17.2;2016-01-12
Jackson, Weber and Jackson;tonyalee;141.86.38.244;30;1.10.6;2020-04-05
Garrison Inc;brandtjames;57.130.17.29;480;1.14.3;2017-05-10
Vasquez-Mathews;smaddox;184.193.232.126;330;1.14.0;2019-10-28
Wilson Group;kevin03;215.58.230.23;190;1.16.1;2012-12-29
Mahoney Group;coleamy;155.49.197.253;550;1.11.4;2019-03-03
Lowe, Martin and Moore;jasonwalker;21.56.209.133;30;1.15.3;2014-11-08
Gross-Medina;nlawson;223.187.58.249;660;1.11.9;2016-04-29
Vaughn, King and Smith;reyesjoseph;81.201.110.95;420;1.10.5;2021-09-24
Baker, Mcguire and Warren;jeremy68;28.94.190.115;630;1.18.5;2015-08-14
Jackson Ltd;flewis;207.59.60.56;430;1.11.5;2014-02-05
Cain Ltd;maryfloyd;115.46.191.32;390;1.11.5;2021-01-28
Romero-Drake;nhale;211.171.114.110;630;1.19.9;2011-12-18
Benjamin, Nguyen and Barnes;thomasschneider;121.199.124.109;670;1.12.6;2014-06-17
Griffin PLC;ubarron;155.151.130.61;360;1.16.0;2015-06-22
Pierce-Armstrong;keithrobinson;86.77.197.197;940;1.18.0;2017-09-29
Palmer-Cox;vharmon;20.58.105.31;60;1.13.1;2012-09-10
Jones, Garcia and Parks;allenmariah;110.202.87.222;940;1.19.7;2017-07-30
Nichols-Morrow;andersonmonica;150.232.149.149;460;1.18.6;2013-02-28
Miller, Barr and Martinez;ericperez;136.25.28.58;370;1.19.8;2018-07-23
Goodman PLC;gonzalesmichael;219.85.60.11;910;1.10.0;2017-09-15
Martinez and Sons;wadesarah;216.121.70.49;50;1.14.4;2017-10-07
Washington and Sons;fhall;108.12.215.21;550;1.10.8;2019-05-10
Flores LLC;christophertucker;181.196.194.239;230;1.18.4;2020-12-17
Simmons-Eaton;kara62;180.16.167.239;450;1.11.6;2015-12-12
Dominguez LLC;emily13;49.47.223.76;910;1.11.3;2021-08-05
Williams PLC;michelle80;106.147.48.100;50;1.15.7;2016-08-01
Lynch-Green;mfarley;215.107.74.19;740;1.12.9;2014-10-31
Richards Ltd;melissa63;215.174.35.130;790;1.14.1;2014-11-28
Payne-Scott;sue19;79.122.254.149;530;1.12.1;2017-08-20
Williams PLC;michaelclark;155.101.158.91;860;1.15.4;2018-10-13
Medina, Campos and Martinez;ajohnson;185.8.159.236;630;1.12.7;2012-11-14
Conrad Group;owilliams;128.130.58.174;20;1.18.5;2018-01-12
Ortega, Adams and Mata;shannonchristopher;76.200.23.44;360;1.13.3;2014-08-18
Ortega, Poole and Allen;chelseabrooks;25.225.142.238;380;1.12.1;2021-11-12
Williams, Scott and Davenport;morrispatrick;92.95.15.186;720;1.17.5;2017-01-28
Mcdonald, Martinez and Patterson;jason32;99.108.123.70;830;1.14.4;2019-11-08
Russo-Anderson;ortiznathan;16.5.183.70;200;1.13.6;2012-04-03
Castillo, Martin and Rodgers;estestodd;26.118.202.185;100;1.18.1;2021-11-01
Huffman, Gray and Wiggins;ameyer;128.73.56.5;660;1.19.0;2011-12-17
Escobar Ltd;katherinestewart;144.202.49.125;380;1.15.1;2012-11-22
Scott, Romero and Cervantes;kaitlin67;149.153.253.10;480;1.18.0;2012-04-29
Robinson Inc;brittany07;166.147.117.65;510;1.10.3;2020-02-03
Sanders, Jones and Fernandez;acrane;43.237.132.16;40;1.14.3;2013-12-04
Cole Ltd;rsanchez;167.25.156.97;340;1.15.7;2013-09-10
Patterson, Smith and Moran;johnstonjesus;20.225.236.249;560;1.19.4;2016-04-04
Garcia PLC;johnsgregory;187.78.244.58;860;1.14.6;2019-09-08
Brown Group;pauljose;53.189.14.218;580;1.13.0;2016-07-02
Thomas Inc;bstark;8.236.113.66;10;1.11.9;2021-07-05
Chaney-Griffin;callahankayla;157.57.16.102;180;1.10.5;2018-05-17
Rivera, Miller and Mitchell;lmiller;105.126.191.63;830;1.12.4;2017-05-10
Horton Inc;elliskeith;119.127.176.189;420;1.14.4;2018-02-25
Watson, Stanley and Cruz;zlarsen;94.241.105.187;360;1.15.6;2018-10-31
Miller PLC;ceaton;174.2.72.214;980;1.14.6;2012-06-12
Moore-Price;josephspencer;71.219.12.165;860;1.13.7;2019-11-21
Beasley, Cline and Callahan;jill13;91.235.54.51;310;1.14.0;2018-03-22
Jackson, Brown and Anderson;julie55;108.87.1.194;990;1.18.4;2018-08-12
Williams-Romero;kathybryant;136.191.178.120;600;1.19.6;2017-06-26
Knight LLC;trichardson;28.126.86.16;180;1.16.5;2018-10-29
Marks, Wilkerson and Nichols;paulastewart;30.224.117.166;850;1.19.9;2015-05-19
Miller Inc;jeremy48;87.153.97.75;250;1.15.3;2012-06-06
Moore, Freeman and Adams;lawrence18;80.165.106.225;370;1.16.2;2016-07-23
Gross, Morgan and Reid;riverameredith;81.174.186.246;190;1.15.1;2017-03-30
Dunn, Ramirez and Gonzalez;qwest;89.202.143.104;630;1.10.4;2020-02-27
West-Thornton;robert23;117.181.143.52;40;1.14.0;2015-07-19
Jones Inc;smithmark;11.65.201.252;730;1.14.4;2015-05-21
Sanders and Sons;larrybrewer;106.146.47.94;20;1.18.3;2021-04-18
Beck-Humphrey;peter24;9.107.110.190;680;1.16.8;2019-05-15
Dalton LLC;kellysampson;6.114.21.133;580;1.14.7;2018-06-15
Stephens and Sons;alanbeck;164.10.169.138;430;1.17.2;2021-01-22
Huffman Group;martinchristina;91.160.14.31;430;1.16.2;2013-08-05
Cox Ltd;dennisscott;15.253.166.209;790;1.15.5;2021-04-19
Martinez-Houston;shannon03;12.4.25.211;190;1.14.0;2015-08-01
Schwartz, Hanson and Stephenson;justinfernandez;26.4.41.132;710;1.10.1;2015-05-24
Soto, Smith and Brady;rebeccahernandez;36.63.76.0;940;1.15.7;2016-04-11
Gonzalez-Robinson;carterlaura;145.28.12.17;130;1.15.4;2015-04-30
Anderson-Barrett;eileen56;187.234.237.246;460;1.10.7;2021-09-30
Vaughn, Dawson and Santiago;monicadavis;108.108.204.195;730;1.15.1;2020-01-23
Silva-Chang;ethan73;161.98.190.248;490;1.17.8;2017-12-12
Burnett LLC;williamgarcia;52.26.14.120;260;1.14.2;2020-07-11
Clark, Jacobson and Mccormick;jessicacampbell;20.118.227.120;210;1.16.7;2018-12-18
Hernandez-Kennedy;thomasmendez;145.225.2.27;400;1.10.5;2016-06-01
Nolan, Summers and Fitzgerald;xwilliams;71.107.161.162;800;1.16.6;2020-04-11
Schwartz-Peterson;davisbarry;94.152.88.181;180;1.18.6;2017-10-08
Mason LLC;jefferyparrish;164.252.135.23;310;1.18.5;2016-10-12
Bell-Parks;tfernandez;94.45.202.64;570;1.15.8;2013-02-06
Soto LLC;shannonkramer;74.102.255.122;860;1.11.2;2014-03-11
Lutz-Wilson;rwilson;184.144.218.174;900;1.18.1;2012-12-07
Williams PLC;leeemma;45.192.44.89;230;1.16.0;2012-12-05
Nielsen Group;thompsonmatthew;16.48.227.13;850;1.18.1;2019-06-20
Holmes LLC;frazierjennifer;24.1.33.236;580;1.13.5;2020-07-20
Pham, Sims and Jarvis;owatkins;187.108.37.216;990;1.12.6;2013-07-18
Anderson-Nelson;santanataylor;201.239.215.188;100;1.14.3;2016-08-24
Mejia-Moore;benjamin42;147.91.30.213;590;1.17.0;2018-06-21
Phillips Ltd;vshaw;1.189.28.122;990;1.16.6;2015-11-24
Sanchez LLC;austin62;55.20.193.96;410;1.19.5;2014-11-06
Snyder, Miller and Campbell;smithemily;95.243.62.212;540;1.13.8;2012-07-24
Martin-Williams;vperez;37.16.7.201;20;1.19.3;2011-12-07
Barber LLC;carrrachel;136.241.5.124;220;1.16.7;2018-09-13
Richardson, White and Bullock;williamallen;202.65.171.156;590;1.17.7;2012-02-18
Erickson Ltd;angela52;194.248.77.227;640;1.12.1;2020-11-16
Mcgrath LLC;sbarnes;167.79.208.101;680;1.19.1;2014-05-04
Smith and Sons;brenda03;33.51.19.2;530;1.12.5;2015-12-15
Love-Stafford;kristencunningham;62.32.213.134;310;1.16.2;2014-03-25
Ross-Walker;hernandezrandy;1.70.251.251;700;1.11.0;2012-07-20
Lang-Hooper;jbeck;6.188.190.233;360;1.10.2;2019-06-24
Rodriguez-Brooks;stephenbruce;89.171.93.159;430;1.19.4;2018-08-31
Wilson-Harris;darlenelowe;190.71.114.94;570;1.14.3;2016-05-04
Vang, Duncan and Garcia;dcollins;181.225.28.91;240;1.14.9;2018-12-08
Nelson LLC;andreajordan;53.168.247.21;320;1.12.4;2019-04-07
Winters, Miller and Thornton;ksmith;205.64.95.170;90;1.17.3;2016-10-11
Hamilton Inc;benjaminbrown;62.32.92.94;680;1.16.1;2012-07-31
Saunders-Hopkins;kaylee12;59.88.167.54;60;1.13.2;2011-12-13
Smith-Flores;khall;221.183.182.227;480;1.11.8;2012-09-28
Wright-Vega;donald42;32.42.74.171;490;1.11.3;2019-01-17
Ballard-Peterson;fcarpenter;181.79.114.30;420;1.18.7;2020-07-20
Reynolds-Evans;aaronmiller;182.125.126.48;770;1.11.1;2017-08-13
Peterson Ltd;tranmelanie;73.22.212.195;760;1.19.5;2012-05-30
Olson Ltd;dixonjeffrey;6.103.195.158;590;1.11.2;2015-06-13
Bradley-Carson;blairandrew;99.114.84.82;620;1.15.6;2013-08-15
Gill Group;clarknicole;78.10.229.190;350;1.18.8;2020-04-02
Sanchez-Phillips;alejandroruiz;156.123.139.196;640;1.14.3;2020-02-11
Deleon, Rasmussen and Mack;bookermichael;88.216.58.71;140;1.13.0;2021-07-11
Howard, Ho and Ward;imartinez;3.205.161.215;700;1.18.8;2016-04-05
Adams, Woods and Lloyd;careysarah;8.247.20.22;880;1.13.4;2016-09-05
Thomas-Allison;kruegerjames;68.139.79.246;980;1.19.5;2016-09-19
Garcia, Bowman and Graham;deborah01;183.230.42.210;530;1.14.6;2021-08-09
Scott-Boyd;steveortiz;200.78.159.2;780;1.14.3;2017-03-28
Gross Inc;bryantmichele;175.141.209.181;70;1.16.5;2014-01-08
Owens Group;lynn21;217.89.147.122;20;1.12.6;2013-11-14
Williams LLC;kjones;90.245.110.123;170;1.14.3;2021-06-05
Luna, Smith and King;mooreclarence;111.101.73.195;30;1.12.5;2020-08-11
White Group;josephburns;8.53.248.105;640;1.17.5;2016-06-14
Hess-Kennedy;nmartinez;39.1.32.195;930;1.17.5;2012-11-19
Meyer Group;lisa65;138.3.188.44;100;1.14.4;2020-12-19
French-Delgado;jmoss;166.105.197.112;930;1.18.0;2011-11-30
Odom, Floyd and Ramirez;brenda13;217.106.165.84;510;1.15.1;2012-03-05
Hernandez-Carroll;trevorward;208.17.107.72;880;1.14.3;2020-12-23
Brown, Steele and Ayala;andersonalicia;217.208.213.182;470;1.14.4;2019-02-28
Mcintyre, Edwards and Hayes;kimberly78;151.70.112.229;840;1.15.5;2017-08-11
Burton, Hernandez and Snyder;bjones;28.193.229.230;780;1.12.0;2016-08-13
Newton-Jensen;orich;93.240.165.35;50;1.13.6;2014-10-23
Romero, Miller and Gonzales;simsdavid;27.71.106.31;220;1.10.6;2014-05-15
Fisher-Cole;richardblankenship;177.225.209.176;520;1.11.3;2019-03-10
Roberts Inc;townsendtracie;208.105.142.194;980;1.10.4;2014-11-24
Fields, Shepard and Weber;rnichols;36.190.185.181;610;1.14.4;2019-01-01
Allen, Hernandez and Wright;richard58;32.169.188.210;320;1.14.2;2012-02-16
Williams, Campbell and Sanchez;candace89;158.191.89.27;600;1.18.7;2014-02-09
Herrera-Murphy;hallalbert;65.4.17.86;400;1.17.4;2021-09-22
Hampton-Vasquez;elizabethhernandez;170.252.41.230;740;1.10.1;2017-11-15
Washington, Johnson and Roberts;gabrielledavis;103.99.3.212;440;1.13.0;2013-10-26
Zamora LLC;davissharon;92.220.67.158;470;1.12.6;2015-11-03
Hicks LLC;jonmaxwell;31.227.64.67;610;1.17.9;2014-10-22
Howard, Henderson and Gibbs;justinwilliams;10.227.202.188;770;1.13.8;2013-04-28
Terrell-Ware;hharmon;140.251.247.147;270;1.18.0;2016-08-24
Reyes Inc;harveycynthia;125.185.10.207;400;1.14.8;2021-07-06
Carter, Palmer and Black;lee54;208.106.152.24;480;1.15.6;2019-07-20
Hughes-Nicholson;randydaniels;25.41.175.203;80;1.12.3;2021-03-26
Torres-Walker;hickstara;135.115.231.119;270;1.15.6;2019-01-18
Porter-Shelton;churchfelicia;155.3.77.244;230;1.13.1;2020-12-26
Duncan LLC;jamesgill;3.127.171.51;580;1.11.6;2019-07-16
Wilson, Mccoy and Chavez;jeffrey00;7.202.188.163;630;1.12.2;2012-05-25
Benson Inc;sedwards;55.25.108.14;40;1.15.6;2015-03-17
Andrews-Morgan;kelly72;185.54.237.12;290;1.16.7;2014-04-22
Schwartz, Kane and Smith;danielrowland;59.103.165.51;680;1.17.8;2014-10-29
Lopez, Johnson and Thompson;burnettmichelle;89.209.237.96;720;1.11.8;2020-01-01
Tran, Green and Oconnor;cody97;9.73.29.189;320;1.15.3;2017-10-10
Garrett and Sons;aferguson;10.35.66.40;110;1.10.4;2021-04-23
Hendricks Inc;martinezdiane;32.125.156.137;250;1.16.0;2015-06-26
Brooks Group;dennismcintyre;204.21.61.211;400;1.10.5;2021-06-02
