Hair;superflat;hardcore;554604882666380;True
assume;superflat;survival;106669633506234;False
late;superflat;hardcore;818809117119530;False
skill;large biomes;hardcore;185226178412019;False
country;single biome;hardcore;746923882142922;False
cover;large biomes;spectator;510439964124208;True
free;default;spectator;280268712450812;True
choose;superflat;adventure;982978846305901;False
front;default;creative;416278451301406;False
Color;superflat;creative;919779008642633;False
occur;large biomes;hardcore;776231493479725;False
certainly;caves;creative;549828481029661;False
against;single biome;survival;981425919411035;True
suggest;default;adventure;509260362182440;True
site;large biomes;spectator;97687465676933;True
word;large biomes;creative;179238758415485;True
media;single biome;hardcore;26191931537174;True
social;default;creative;706012345611246;False
Magazine;default;hardcore;142685268357498;True
Democrat;large biomes;creative;305736438568920;False
interesting;caves;spectator;749513081715329;False
organization;superflat;hardcore;474327136533483;False
Child;large biomes;creative;192275879884068;True
door;single biome;hardcore;292478869552175;True
well;superflat;adventure;513149473930006;True
name;single biome;creative;636878627601487;False
Degree;single biome;creative;136185872047489;False
purpose;superflat;hardcore;54017844778075;False
political;default;hardcore;368458104155415;False
customer;single biome;adventure;896392593256858;False
customer;single biome;survival;438416175158739;True
case;caves;survival;880380594332477;False
free;single biome;creative;507177630148354;False
Personal;caves;creative;642078474229461;False
everyone;large biomes;hardcore;387362265162462;False
foreign;default;creative;212740453793411;False
a;single biome;hardcore;196855972417464;False
clearly;single biome;hardcore;270209328941087;True
nothing;large biomes;survival;697309226126820;False
wall;superflat;creative;375936687236064;True
instead;default;hardcore;506342054702050;True
issue;superflat;creative;838714793939317;True
speech;large biomes;survival;912479143219651;True
person;caves;spectator;38030300049331;False
threat;default;adventure;134789024855726;True
Them;single biome;creative;678560846175013;False
officer;caves;survival;390647312812228;False
student;caves;adventure;53360683249238;False
information;caves;creative;554945133879845;True
senior;superflat;hardcore;978924576772800;True
one;large biomes;hardcore;526975454997979;True
consumer;superflat;survival;79582697623798;False
million;caves;survival;535128481071376;True
scene;large biomes;spectator;536865463831018;True
site;large biomes;adventure;142679242339807;True
Serve;single biome;adventure;635576574856290;True
book;large biomes;hardcore;98901168768816;True
meet;default;hardcore;541680373599119;True
Appear;large biomes;spectator;537392370203714;False
Star;single biome;survival;269485881728310;False
while;large biomes;hardcore;437979848692935;False
last;large biomes;adventure;266681480546227;False
Camera;default;creative;603136278158688;False
foreign;superflat;adventure;805393669251035;True
professor;large biomes;adventure;184478865249003;True
grow;default;survival;720594198121710;True
success;superflat;spectator;16766488479150;True
while;superflat;spectator;631521663035876;False
Tough;large biomes;hardcore;330863285831348;True
Trouble;large biomes;creative;451544706491825;True
Second;caves;creative;80055035391105;False
play;single biome;survival;879888603289455;True
reason;default;hardcore;108289229980919;False
at;superflat;adventure;419391444449259;False
risk;single biome;survival;805864838331867;False
since;default;creative;782347141243657;False
as;superflat;spectator;610134631993792;True
Particular;superflat;survival;674514999245901;True
seat;superflat;adventure;365329509871855;True
town;caves;hardcore;462512280073652;True
oil;single biome;adventure;781935642543781;False
writer;single biome;spectator;316455582998795;False
Series;default;creative;276736820577543;False
series;large biomes;spectator;605761224079983;True
garden;large biomes;creative;881615654754982;False
piece;single biome;adventure;42057132279546;False
stage;superflat;hardcore;859245547284439;True
learn;superflat;creative;644255074762122;False
improve;caves;creative;58210694515427;False
way;default;survival;155705477663339;False
picture;default;creative;977128529328652;True
Commercial;caves;hardcore;398130737162202;False
resource;single biome;survival;68439060134910;True
carry;large biomes;hardcore;94625989601719;False
begin;single biome;creative;27433220416465;True
study;single biome;survival;375425260279331;True
trip;default;creative;852632108286390;True
Camera;default;survival;447819467743396;True
case;large biomes;hardcore;778188860179002;True
list;single biome;adventure;828598289255642;False
camera;large biomes;adventure;630649991585744;True
nature;superflat;survival;436035584165991;False
carry;default;survival;6308170685044;True
century;default;spectator;313503313533137;True
Such;single biome;creative;426169765560138;True
see;superflat;survival;229730505337927;False
Prove;single biome;survival;285202772553110;False
probably;large biomes;adventure;283400903990842;False
Fine;caves;creative;105323571353245;True
ground;caves;spectator;81707077740126;False
within;superflat;creative;43225580031506;True
miss;default;creative;778853306460533;True
every;large biomes;survival;117958939874153;False
where;large biomes;adventure;926305373223312;False
culture;single biome;creative;177972471244933;True
lead;caves;creative;708099870932978;False
Treatment;large biomes;survival;132814746405694;True
Dream;single biome;survival;303919307814656;False
Clearly;superflat;creative;103899948957533;True
yes;large biomes;hardcore;42682712204542;True
program;large biomes;survival;239235683688488;True
win;large biomes;adventure;170617511293817;True
travel;caves;spectator;238986500215388;False
Design;caves;survival;914065191701125;True
Professor;superflat;spectator;712302087219153;True
cost;caves;adventure;450974301085077;True
Result;large biomes;spectator;908577261463741;False
attorney;default;spectator;95581374801913;False
eye;single biome;survival;505872602180340;False
Reason;large biomes;creative;69743769245641;True
policy;default;spectator;80177627192346;True
Charge;default;adventure;622354249786216;True
modern;default;survival;688624093529138;True
pass;default;adventure;802826603037677;False
Above;superflat;survival;233779961166533;True
sign;default;hardcore;979197113336040;True
collection;caves;spectator;482153943854823;True
guy;default;hardcore;600264093053055;False
brother;large biomes;creative;772776536406345;True
evidence;superflat;adventure;760173545353273;False
suffer;single biome;hardcore;717591440707760;True
true;single biome;creative;337447818570834;False
husband;caves;survival;611222394494793;False
return;caves;survival;53847394247427;True
early;single biome;survival;916344987394488;False
guess;superflat;adventure;53272322621870;False
man;superflat;survival;560130359043103;False
way;caves;creative;509395597940137;False
ahead;superflat;survival;425118598261440;False
Speak;caves;creative;377865004404205;True
include;single biome;hardcore;128327634660241;True
Imagine;caves;creative;150518109677295;False
hour;large biomes;spectator;885790874439388;True
Sometimes;superflat;adventure;881576920047206;True
Condition;default;survival;678932257043390;True
student;superflat;spectator;280856190206036;False
actually;superflat;hardcore;247285415825633;True
some;superflat;creative;950123250267771;False
general;default;hardcore;578836782554428;False
event;caves;spectator;424135917683249;True
clear;caves;adventure;786104609110612;False
heart;caves;survival;787251904194730;True
another;single biome;creative;983852003454114;False
same;caves;survival;488666336770832;True
head;single biome;spectator;438690055339264;True
three;caves;adventure;815093701525993;True
rate;default;survival;316349188817694;False
important;caves;spectator;277760768284261;False
drug;caves;adventure;111755432251618;False
maybe;large biomes;survival;819400292405402;False
executive;default;adventure;315456719963193;False
process;single biome;creative;153598550487875;True
board;default;creative;872748814813068;False
young;default;creative;987058768013707;True
stage;superflat;hardcore;873986199533422;True
soon;caves;survival;666077225557050;False
on;large biomes;spectator;481613322007660;False
matter;caves;adventure;486028539627740;False
Record;single biome;hardcore;642105005683723;False
edge;large biomes;spectator;635624141181990;True
Start;single biome;spectator;587601155931633;False
Size;single biome;hardcore;663142480487663;True
Charge;large biomes;adventure;360992724722724;False
leg;caves;spectator;519000001044193;False
during;superflat;hardcore;65253496891469;False
Girl;large biomes;hardcore;39178348674822;False
Address;single biome;creative;449336937098026;True
husband;large biomes;spectator;745537133461867;True
food;large biomes;hardcore;685932944077910;False
own;default;survival;663772562914938;False
yeah;superflat;hardcore;801817213505320;True
too;caves;creative;71323562106972;True
Approach;default;hardcore;684701093674041;True
Finish;single biome;adventure;538904121201470;True
generation;caves;hardcore;54639507523716;False
Those;caves;adventure;901257843311254;False
Star;default;adventure;691184641964498;False
pressure;default;survival;185164886141103;True
remain;caves;adventure;494996648818218;True
several;large biomes;creative;288548650068389;True
society;large biomes;spectator;633385001399494;True
use;caves;spectator;164084074364668;True
other;superflat;creative;590319138580557;False
say;default;hardcore;536277564400017;False
Material;caves;creative;575929713779749;True
yeah;caves;hardcore;894464808701425;False
Three;superflat;creative;75138945465143;True
Nor;large biomes;adventure;228356760054664;True
operation;superflat;hardcore;740944700127842;True
include;default;hardcore;302922130568788;True
everything;large biomes;survival;317759595644723;True
religious;large biomes;spectator;929943393632954;True
try;large biomes;hardcore;599938182240823;False
Skill;superflat;creative;714192625636378;True
reveal;large biomes;survival;78167758743133;True
against;single biome;hardcore;804695513540407;True
truth;large biomes;spectator;780231438470594;False
bag;large biomes;creative;783597716002562;True
Drop;superflat;hardcore;840795361684980;True
sister;default;spectator;997935863880322;True
Address;default;creative;558623907001167;False
level;superflat;hardcore;584200981105253;False
choice;caves;creative;965043935640066;False
talk;caves;survival;545877241140928;False
shoulder;single biome;survival;97180716681873;False
Before;caves;adventure;339692670800966;False
personal;large biomes;spectator;954615693288096;True
Part;caves;hardcore;771635606584423;True
because;large biomes;creative;111233098571305;False
do;default;adventure;938801735403430;False
provide;single biome;spectator;15748371600893;True
tonight;caves;adventure;100034333186646;False
agreement;large biomes;adventure;644405539703480;False
gas;single biome;creative;966142939179557;False
suffer;single biome;survival;953126824974218;True
born;default;creative;774041305918236;False
face;large biomes;spectator;417397639493448;False
character;large biomes;spectator;784473970758574;True
town;superflat;adventure;107784598337427;True
do;single biome;survival;28383595433771;True
model;large biomes;spectator;612184507700806;True
create;default;survival;244720680998355;True
hot;superflat;adventure;11773405985041;True
then;superflat;hardcore;645536725420526;False
home;large biomes;adventure;859316069943811;False
All;superflat;adventure;683725009700487;False
Increase;large biomes;adventure;920884881292583;True
Box;default;spectator;350722777181690;True
little;single biome;adventure;180714129311117;True
Car;default;hardcore;123847766400111;True
yourself;caves;hardcore;863074175841404;True
Bit;large biomes;spectator;747175901665656;True
else;single biome;survival;582301383639542;False
son;large biomes;survival;567745621633742;True
its;large biomes;survival;257031954667815;True
too;default;survival;188189837169849;False
how;single biome;adventure;213463602692712;False
American;single biome;creative;746201287056005;True
could;single biome;spectator;198274175293210;True
serious;single biome;spectator;869268525088312;False
Food;single biome;adventure;570104265188234;False
rich;superflat;adventure;391276849498013;False
Could;default;spectator;847184758903932;True
stay;caves;creative;376716884471389;False
ball;default;creative;637561884806439;True
Bed;default;adventure;591476246625501;True
Few;superflat;hardcore;745667550532241;False
visit;caves;survival;357181147988723;True
room;caves;survival;837549410096144;False
behavior;default;hardcore;706224067402000;True
everybody;caves;hardcore;911534429098576;False
hear;single biome;survival;791066844346650;True
Offer;large biomes;creative;953023125754682;False
officer;caves;adventure;306269814501799;True
Fill;superflat;creative;289005751884170;True
day;superflat;creative;144210075614097;False
election;superflat;creative;219519553065190;False
lead;default;survival;27238537853274;True
him;default;adventure;76235188629290;True
interesting;large biomes;creative;337227934183967;False
create;single biome;adventure;528759926459282;True
turn;caves;spectator;472907279121939;False
first;superflat;spectator;330291103042389;True
key;large biomes;adventure;426603052154537;False
energy;caves;creative;597517774468951;False
article;single biome;creative;883132747692360;False
read;caves;adventure;356457035883368;False
sometimes;large biomes;creative;13258804439243;True
second;large biomes;creative;481564424359630;True
foreign;default;creative;961675220982282;False
sort;caves;adventure;257431524306414;False
couple;caves;survival;599939782769368;False
Coach;single biome;creative;404558261989375;False
Tax;large biomes;spectator;909142540429275;True
drop;single biome;hardcore;475701903223876;True
People;caves;spectator;907814303085933;False
keep;single biome;spectator;420377049531111;True
Value;large biomes;adventure;16623477198791;False
painting;large biomes;adventure;157640916122433;False
assume;caves;adventure;501279808727619;False
call;large biomes;spectator;119274393831525;True
State;superflat;spectator;754900497302347;True
Deal;single biome;hardcore;357076249597047;False
station;default;adventure;714004160731769;False
central;default;creative;729278845253322;True
several;superflat;spectator;392228808227039;False
anything;superflat;adventure;282595623426028;True
light;default;survival;449608765991223;True
Home;default;spectator;681758525158168;True
road;single biome;creative;247531797663369;True
company;superflat;spectator;606440032669354;False
affect;large biomes;spectator;100625806801452;True
small;large biomes;spectator;66403081540158;True
Girl;single biome;creative;481313513321662;True
after;single biome;survival;529451888620561;False
time;superflat;survival;614614202717081;False
short;superflat;adventure;191764175471877;False
mother;single biome;spectator;634896254906130;True
list;single biome;survival;757743326279769;True
collection;single biome;adventure;479850504945682;True
growth;single biome;spectator;32109162365007;True
I;large biomes;survival;746469726954759;False
discover;caves;survival;51630357580700;True
these;large biomes;spectator;319612080560083;False
success;single biome;spectator;985703876935623;True
car;single biome;hardcore;651346661507445;True
discussion;single biome;creative;246686917224424;False
Stuff;caves;hardcore;384066262457537;False
now;single biome;adventure;551383861180014;True
Pretty;caves;adventure;274207412874482;True
our;large biomes;adventure;633900202645451;False
Mrs;single biome;adventure;794460309278271;False
south;caves;spectator;143187898616001;False
Way;superflat;spectator;858489870724376;False
industry;default;adventure;96798369005568;False
people;single biome;spectator;202451367070442;True
difference;default;adventure;765683246634015;True
not;single biome;adventure;583447265414029;False
Black;single biome;spectator;170869157248488;True
Weight;single biome;creative;96774182453315;False
trouble;caves;survival;996428540288567;True
bring;superflat;survival;767570914231018;False
history;default;adventure;553841010872449;False
Civil;default;survival;6661177081864;True
store;default;survival;786593053283947;True
Smile;large biomes;spectator;904521060096900;True
present;superflat;spectator;761402123026514;True
reflect;default;adventure;649677493011473;True
Republican;large biomes;hardcore;658443303555292;True
Traditional;large biomes;spectator;872369190993941;True
identify;default;survival;534418732508103;True
General;large biomes;hardcore;800658792174639;False
free;single biome;creative;913237995527814;False
everybody;default;creative;692933477192477;False
two;superflat;survival;693266760573578;True
position;superflat;creative;252008697345325;False
prevent;large biomes;hardcore;797252866641734;False
can;superflat;spectator;389372876017098;False
face;large biomes;spectator;555784696513219;False
point;superflat;adventure;154079886535072;True
Main;large biomes;creative;62562980223181;True
want;caves;spectator;41779140111336;True
them;superflat;spectator;970135138197387;False
fire;default;spectator;21048044412390;True
husband;large biomes;adventure;882669348783786;True
Ten;superflat;spectator;481288502288251;False
form;caves;adventure;892483299024944;False
test;superflat;survival;172436484487521;True
Yet;superflat;adventure;934414775880378;False
high;superflat;spectator;890844326731923;True
everything;large biomes;spectator;867209502363984;False
Create;large biomes;survival;637881284030707;False
Painting;single biome;adventure;694319832033499;True
few;single biome;survival;456182929920178;True
feeling;large biomes;survival;810667587604975;True
Several;large biomes;hardcore;114001697119136;False
community;default;hardcore;882568042641516;False
create;superflat;adventure;333199995202999;True
end;superflat;creative;366831661348301;True
process;caves;adventure;630874184524552;False
Ahead;default;survival;633224429587744;True
result;large biomes;adventure;17794336793103;False
beyond;large biomes;survival;590238952411543;False
market;caves;spectator;607744337145708;True
part;caves;survival;903332815849585;False
wrong;default;creative;117932359270973;False
Scientist;default;survival;321532094268679;True
dream;superflat;adventure;63823186081103;False
Turn;large biomes;creative;265120904774095;True
pick;default;survival;80042970653448;False
structure;superflat;survival;888021156426659;False
offer;large biomes;survival;162578261924839;False
Although;single biome;hardcore;647988189234291;True
simply;large biomes;survival;886059819318535;False
Minute;large biomes;spectator;467453137094499;True
value;default;adventure;70851078422245;True
either;superflat;adventure;664463202855353;False
budget;large biomes;spectator;203004613264451;True
no;caves;hardcore;32370661881031;False
knowledge;superflat;creative;768577472201308;True
trouble;single biome;adventure;997578791469256;False
lot;caves;creative;320150564824009;False
government;default;hardcore;608386676751884;True
century;default;creative;260713631305713;False
human;single biome;creative;689477465683608;False
election;caves;creative;574937467117424;True
Family;caves;hardcore;517847389143009;True
establish;large biomes;hardcore;584945181109290;True
field;default;spectator;408602237846023;False
black;large biomes;adventure;158463219878452;False
cause;single biome;creative;877297657797888;True
whole;caves;creative;251535525370466;True
then;single biome;hardcore;320873985748030;True
difference;default;creative;127340572634994;True
be;caves;spectator;943056231174899;False
instead;default;hardcore;978446933318549;False
plant;large biomes;spectator;748573898220566;True
new;single biome;hardcore;648110830295459;True
trial;default;hardcore;259790439611542;True
wish;default;survival;251896705181274;False
table;large biomes;hardcore;288357512208073;True
memory;default;adventure;212090855084499;False
Style;large biomes;survival;345482385016465;True
Success;single biome;spectator;704785295880692;True
get;default;survival;233440292667615;True
boy;single biome;spectator;388107466749749;False
course;default;survival;858461847277950;False
economy;single biome;spectator;689832232351529;False
inside;single biome;creative;955275992989518;False
skill;caves;hardcore;291724261612422;True
scientist;single biome;adventure;387813315023563;True
successful;superflat;survival;817230040756081;False
billion;caves;spectator;162126662204552;False
generation;large biomes;survival;728096945094626;False
before;default;adventure;503680402366808;True
head;caves;hardcore;506312571913486;False
between;caves;creative;357004928581286;True
effort;large biomes;creative;197832027676415;False
East;superflat;adventure;509671358217105;True
since;single biome;adventure;794148591807075;True
appear;superflat;adventure;460938599749092;True
generation;caves;spectator;328282213607501;False
tough;default;creative;708919638996592;True
dog;default;survival;710741956101636;False
recognize;default;survival;144760281120009;False
include;superflat;spectator;857557822134984;False
want;single biome;hardcore;538357383727716;False
individual;default;spectator;146184958172639;True
Drop;default;hardcore;401692167127432;False
Radio;superflat;survival;9967315403873;False
Seat;superflat;creative;807101853898042;True
popular;large biomes;hardcore;9317297787252;True
like;default;spectator;403507336441927;True
Attention;single biome;spectator;865962247555266;False
central;superflat;hardcore;911770981569093;True
Son;large biomes;adventure;378991038294635;True
social;large biomes;spectator;171463781892695;False
Service;superflat;survival;395139918519997;True
by;single biome;creative;439821712312766;True
Practice;caves;adventure;32143605147467;True
Executive;single biome;creative;251207988475673;True
leader;large biomes;adventure;495744202459997;True
Third;caves;survival;843613317488941;False
cultural;single biome;survival;387972834511832;False
light;single biome;hardcore;522794800983181;True
think;caves;creative;898812050425727;True
oil;default;spectator;901623694328670;False
us;superflat;survival;46629977248036;False
like;superflat;creative;839569335720438;True
although;superflat;adventure;876513969168874;True
radio;large biomes;spectator;483955038166120;False
protect;large biomes;survival;929193489480452;True
building;default;hardcore;601921251744278;True
effect;single biome;spectator;260451215871649;True
policy;caves;spectator;547419624827692;False
little;large biomes;survival;463928489741467;False
mother;superflat;spectator;610192447879307;False
Example;single biome;creative;320726609140606;False
total;large biomes;spectator;309177107721429;False
attention;single biome;adventure;254372968074223;False
day;large biomes;adventure;951239076218919;False
far;large biomes;creative;549312093827362;True
movement;large biomes;hardcore;948586909831192;True
teach;superflat;survival;917711477143934;False
Resource;default;adventure;987718391884747;True
Policy;caves;creative;658837374839565;False
would;default;adventure;899993363071309;False
report;single biome;spectator;709939590520608;True
current;superflat;hardcore;335323559582901;True
pretty;caves;adventure;930397705633472;False
relationship;caves;adventure;531145817571361;True
new;default;spectator;789818406297312;False
when;large biomes;survival;624670876483803;False
certainly;caves;hardcore;84099863775515;True
agree;large biomes;spectator;28308713757936;True
argue;caves;hardcore;661777571410798;True
radio;default;adventure;437885566922538;True
suffer;default;adventure;447420818958816;True
drive;superflat;creative;406928332997188;True
Within;default;hardcore;655375131136451;False
truth;superflat;hardcore;764195935706512;False
your;superflat;survival;458437849855711;False
Create;caves;creative;874157977004958;True
finally;caves;spectator;979307866610769;True
Total;superflat;survival;733675172254284;True
figure;single biome;survival;499520520401048;False
first;default;spectator;483017351632190;True
star;large biomes;spectator;929031085905642;False
north;single biome;creative;253374758300925;True
best;superflat;hardcore;135703248469617;False
lot;superflat;spectator;189171290885512;False
language;default;creative;928904488243590;True
material;large biomes;hardcore;355428363835169;True
change;default;survival;208893235481541;False
paper;superflat;spectator;892888761293334;False
necessary;default;creative;343488453852509;True
tough;single biome;creative;191626759875602;True
energy;superflat;hardcore;75228138993702;False
occur;single biome;adventure;642304341360627;True
far;superflat;creative;759611843686094;False
wrong;single biome;hardcore;292973991383365;False
attention;single biome;survival;178785830333506;True
indeed;caves;hardcore;998236709936445;False
not;superflat;survival;263030680124351;True
Firm;caves;hardcore;793999048992045;True
cost;large biomes;survival;479791411413104;False
always;default;hardcore;287462030067629;False
around;default;hardcore;934188475266740;False
old;default;adventure;168654234054195;True
Into;caves;creative;447555208572964;False
expert;default;creative;135801805960059;True
dream;superflat;spectator;104818257776216;False
once;caves;hardcore;997506139876345;True
stuff;single biome;hardcore;206991237856034;False
reduce;default;creative;289765568101673;True
Enjoy;caves;adventure;383115537214369;False
begin;single biome;creative;585241244740892;False
goal;single biome;hardcore;161019433919101;True
response;default;spectator;917907088010176;True
life;single biome;spectator;544376550174289;True
fast;superflat;adventure;116928037976738;False
reduce;caves;adventure;469893728558985;True
sense;default;spectator;655023907379855;False
positive;superflat;creative;362356535372855;True
site;caves;survival;555408647698853;False
office;superflat;adventure;916445727942255;True
quality;default;creative;616191568254852;False
everybody;single biome;adventure;285913232371007;True
laugh;single biome;survival;489669849579467;True
young;default;hardcore;202403990757426;True
sister;large biomes;creative;184793781765673;True
despite;single biome;hardcore;537449028236461;True
amount;single biome;hardcore;771089751234943;True
policy;large biomes;survival;587221595920470;True
voice;default;creative;539877154909134;False
significant;superflat;spectator;863648987839502;True
Head;superflat;adventure;441293591203419;True
Blood;default;spectator;279637752687756;False
measure;caves;hardcore;990056207517968;True
Military;default;spectator;360681162582191;True
memory;superflat;creative;438087590298823;False
without;large biomes;creative;7053285991794;True
sell;single biome;adventure;760705873952678;False
raise;default;creative;900593141538635;False
Turn;superflat;hardcore;594214696900498;True
Model;superflat;hardcore;397891044938150;False
already;single biome;creative;111139495590187;True
election;caves;hardcore;299099323973598;False
whole;large biomes;adventure;935710262855663;False
ground;caves;hardcore;879365710034660;True
seem;large biomes;survival;110344584062812;True
this;large biomes;adventure;809920242392524;False
Yard;single biome;hardcore;885366906608156;False
store;large biomes;survival;464371469033726;True
career;large biomes;adventure;107930275674100;False
claim;superflat;survival;68785803520150;False
resource;large biomes;creative;40592347377726;True
heavy;single biome;adventure;31838577833964;True
top;superflat;adventure;179257300018162;True
Social;caves;adventure;980475755454114;False
example;default;creative;696454861605768;True
however;default;adventure;684390873873895;True
north;single biome;spectator;277452626791874;False
say;superflat;creative;153420913227639;True
each;superflat;survival;844607397547397;True
Out;single biome;adventure;582034501074836;True
middle;caves;spectator;619746818834262;True
talk;large biomes;survival;364994090698347;False
north;large biomes;spectator;634476012825139;True
discover;superflat;hardcore;434579680047571;True
current;large biomes;hardcore;48219627856090;False
Stand;default;spectator;420501742212826;False
Require;default;adventure;6749164658877;True
clear;superflat;adventure;798183601376135;False
board;large biomes;creative;98391572303617;True
blood;single biome;spectator;747982670992384;False
How;caves;adventure;38266423243618;True
single;superflat;creative;597585650505986;False
word;single biome;spectator;333799805954326;True
book;default;adventure;898543382328776;True
ability;single biome;spectator;720643426945858;False
daughter;single biome;survival;428673556401989;False
soldier;single biome;survival;837978607913014;False
local;single biome;spectator;733445665307677;True
store;default;creative;567537555307548;False
from;single biome;creative;424220101297254;True
kitchen;large biomes;survival;86475674567949;True
early;single biome;hardcore;821909606940898;False
think;single biome;creative;693578087328180;True
simply;default;hardcore;982390346069052;True
Cultural;caves;spectator;565492095435277;False
training;default;survival;632960041481800;True
direction;single biome;hardcore;480129992512640;True
television;superflat;creative;702844260328950;True
hot;caves;hardcore;93636411314691;False
ago;single biome;spectator;64638857756923;False
small;default;spectator;99600072483456;False
why;single biome;adventure;667001126343854;True
safe;default;hardcore;95148174741753;False
sense;default;creative;299547258704645;True
Film;caves;spectator;689150532371285;False
push;superflat;adventure;657999471586749;True
animal;single biome;survival;160282945174017;False
Growth;caves;creative;577810777675623;True
Top;default;survival;195107275946329;False
suggest;superflat;survival;562827237212794;True
pass;large biomes;survival;541170539609878;False
out;superflat;survival;264327461925181;False
save;default;adventure;44297272195951;True
huge;caves;hardcore;887123868636793;True
challenge;caves;adventure;852462501342935;False
behavior;superflat;creative;415798461486319;False
Drive;caves;adventure;356932962125656;False
issue;caves;survival;234306774660590;False
Thing;large biomes;spectator;878668298382113;False
green;default;hardcore;677544264577496;False
make;single biome;spectator;540938609162159;True
Participant;superflat;creative;425323807353943;False
response;caves;survival;946095012628589;True
general;caves;adventure;657968009426056;True
why;default;creative;143644124566916;False
Seek;large biomes;hardcore;302773513371326;False
expect;default;creative;77917208271999;False
south;superflat;adventure;570223321573451;True
time;default;hardcore;487619598487716;True
page;default;adventure;746008589894322;True
bag;large biomes;spectator;416123100288640;True
soon;caves;spectator;670952854920628;False
Them;superflat;spectator;148057415291017;False
lot;single biome;hardcore;659469546746410;False
peace;caves;hardcore;377194684578851;False
market;single biome;survival;903548356614197;True
Ok;superflat;spectator;183861470948866;True
Key;large biomes;spectator;503553479537072;False
record;large biomes;adventure;308391267711995;True
explain;caves;survival;151602605018876;False
As;default;adventure;317275827198710;True
hear;superflat;spectator;917891544250069;False
Particular;default;hardcore;551880992067452;False
free;single biome;hardcore;80496440302811;False
nature;superflat;survival;351309936352308;True
mention;large biomes;hardcore;417378411883545;False
Role;superflat;creative;483762246553752;False
low;single biome;spectator;162884954719060;True
finally;large biomes;creative;378795589434339;False
sometimes;default;survival;153727675216349;False
court;large biomes;spectator;132902862937700;False
Order;caves;adventure;770149304684220;False
Price;large biomes;survival;914331982637690;True
Both;default;creative;22931066126006;False
attorney;single biome;hardcore;569237750950925;False
again;single biome;creative;158704469085028;True
despite;caves;hardcore;121027855099422;False
south;default;spectator;346561388499751;False
off;superflat;adventure;587038416235659;False
him;default;creative;704831358158705;True
road;superflat;spectator;696224388033089;False
a;superflat;adventure;897741059629672;True
really;superflat;creative;888104467069885;False
Office;default;adventure;979491937001296;False
including;single biome;creative;798716449935953;False
style;caves;spectator;185684017283323;True
Ok;default;survival;500679192474447;False
number;default;spectator;790759318696324;True
he;default;survival;237174819200144;False
discover;superflat;spectator;642399476122733;False
Sea;single biome;spectator;96023564097273;True
generation;caves;hardcore;862711373758243;False
newspaper;caves;survival;359770472855294;False
So;single biome;hardcore;843432913809457;False
election;single biome;adventure;714894076550604;True
Design;single biome;adventure;777912089489823;False
address;single biome;spectator;190049259446374;True
court;caves;hardcore;939622589286484;False
Others;single biome;spectator;181545314926667;True
Feeling;caves;creative;680780908524413;False
very;default;survival;936723289300158;True
according;superflat;spectator;210487835735722;False
necessary;caves;adventure;322501915285190;True
finish;default;creative;362943995855407;False
wait;large biomes;hardcore;872472075810689;False
wear;default;survival;781949590020338;False
radio;default;hardcore;578478746799675;False
item;single biome;survival;320165764949776;True
me;caves;spectator;5572046369942;False
month;caves;hardcore;498228202317090;False
along;single biome;spectator;967564733618538;False
First;large biomes;survival;848582199249641;False
participant;default;spectator;506222975883243;True
stand;superflat;creative;237300071376135;False
him;superflat;creative;835845925239552;True
we;large biomes;spectator;187219319281695;False
age;single biome;adventure;344470291928439;False
mean;default;creative;716916398610043;False
both;superflat;adventure;892355802739906;True
phone;large biomes;survival;716222309381337;True
section;caves;spectator;336659410455124;True
fire;large biomes;adventure;643252733423357;True
play;single biome;adventure;800832503244304;True
near;single biome;creative;484984953619837;True
deal;single biome;spectator;851057978005357;False
trouble;single biome;survival;634082718423496;True
Series;large biomes;adventure;627157055150335;True
blue;large biomes;survival;33327126054787;True
during;default;spectator;284101136262102;False
drop;superflat;spectator;807938127036467;False
Material;single biome;hardcore;39207654857599;False
anyone;large biomes;hardcore;822852672357619;False
smile;superflat;survival;599636658106326;True
law;superflat;hardcore;547030527676501;False
property;caves;survival;172510877535564;False
simple;default;survival;802810647191490;True
keep;large biomes;adventure;399728151065060;True
Language;caves;adventure;755752896086090;False
democratic;large biomes;spectator;122317031119023;True
yeah;caves;creative;355067875432250;False
court;caves;creative;935132454877164;True
officer;single biome;spectator;915507230682339;True
start;default;spectator;946333883409845;False
catch;superflat;creative;109052401607687;True
clearly;single biome;creative;96119815140917;False
smile;default;survival;756273668383938;True
weight;large biomes;hardcore;380911670392397;False
Man;caves;hardcore;151180564773348;False
represent;superflat;creative;295118406691455;True
if;single biome;creative;887781187617598;True
receive;large biomes;hardcore;180298118631498;True
nothing;default;hardcore;863802421545500;True
believe;default;hardcore;341377534965052;True
also;large biomes;spectator;171937752134365;False
full;single biome;adventure;753250530840212;True
fast;superflat;hardcore;171473911356253;True
good;single biome;survival;740847700577100;True
relate;single biome;hardcore;456733163914238;False
suffer;default;survival;839730658636594;True
finally;single biome;hardcore;956099684075983;True
Half;large biomes;survival;981981155269501;True
challenge;superflat;hardcore;704334568679606;True
hope;caves;creative;732770518201597;True
cover;caves;adventure;140528771916146;False
might;default;survival;439588988171633;False
enter;superflat;hardcore;695403936637064;True
class;default;creative;794151364923032;False
see;caves;creative;50191890549356;True
wrong;large biomes;adventure;991981436860576;True
at;default;hardcore;147148109810743;False
south;superflat;spectator;674909453178910;True
step;large biomes;hardcore;179807844865512;False
example;large biomes;spectator;88704616532791;False
Night;caves;survival;794519516962879;False
small;default;survival;244414162403970;True
Phone;single biome;survival;868380201860724;True
well;superflat;adventure;588927292429266;False
table;large biomes;survival;146925770821677;False
system;superflat;adventure;850153513320014;True
either;caves;spectator;737102301216090;False
rock;large biomes;survival;576891061779127;False
age;caves;creative;792707577228013;True
hit;superflat;survival;318459959417893;False
next;single biome;hardcore;895732450032569;True
to;caves;hardcore;91686604175524;False
Possible;single biome;spectator;324114064611099;True
media;large biomes;spectator;412005640887680;False
choice;default;hardcore;231307221022671;False
Everybody;large biomes;creative;889316509206385;True
interesting;large biomes;creative;569616218238104;False
Mrs;single biome;spectator;114034819861896;False
rich;superflat;survival;343452882847082;True
example;superflat;hardcore;941833678154583;True
find;caves;hardcore;96023320846181;True
future;superflat;spectator;693637690167328;True
parent;single biome;adventure;640514490864117;True
Range;large biomes;creative;566016887553256;True
successful;default;survival;548133863511167;False
True;default;survival;360964717503082;True
Indeed;default;survival;941899214663218;False
majority;superflat;creative;209587216681363;True
pull;large biomes;creative;277208643045365;True
never;caves;spectator;828717267459080;True
resource;single biome;hardcore;745513561096515;True
trade;large biomes;hardcore;49708948386896;False
big;single biome;spectator;936664033486752;False
Us;default;spectator;828012981027525;True
front;single biome;adventure;753217240456776;False
Market;single biome;survival;737782918688510;True
Fill;superflat;hardcore;233452389472781;False
poor;single biome;survival;381531458156097;True
Allow;caves;spectator;601368623713326;True
own;caves;adventure;176261189257689;False
across;single biome;survival;367520529936748;True
although;large biomes;survival;802590506599829;True
bank;caves;adventure;428682381834660;False
Trip;single biome;creative;517832456582745;True
present;default;survival;285634661001984;False
mention;caves;survival;949968516876112;True
Song;superflat;spectator;120750572011158;True
author;superflat;spectator;779525505779006;False
election;caves;adventure;410823360296511;False
about;single biome;survival;726590138277258;False
themselves;single biome;survival;406948429062161;True
alone;caves;hardcore;487692023881770;True
Simply;default;hardcore;215063265295385;False
resource;default;creative;798617011814558;True
unit;single biome;creative;684195790362255;True
stuff;large biomes;survival;434056329944867;False
defense;superflat;adventure;449513085487861;True
assume;single biome;hardcore;492833362738149;True
many;caves;creative;774398628260478;True
not;default;hardcore;490958769457926;False
Enough;single biome;adventure;664263605889719;False
board;caves;hardcore;658658561482018;True
environment;caves;hardcore;328726567363230;False
effect;caves;adventure;73222892136668;False
increase;large biomes;creative;712447094172285;False
actually;large biomes;hardcore;807488129594599;False
lot;single biome;creative;18501993307244;True
already;caves;creative;46626865120498;False
message;caves;creative;260179337029679;False
pattern;default;hardcore;361410230751935;False
Red;caves;creative;812069555604475;True
memory;large biomes;hardcore;426527055329531;True
water;default;hardcore;862395447914352;True
affect;large biomes;hardcore;638208468917474;False
Best;caves;hardcore;146515348636010;True
benefit;large biomes;spectator;833859163829728;False
anything;superflat;adventure;564325135421317;False
until;default;adventure;731159261593535;True
Seek;large biomes;creative;537804770438645;False
door;single biome;survival;515854356612364;True
soon;large biomes;spectator;178001891668769;False
get;large biomes;adventure;395810482728807;False
hand;caves;creative;398427561033794;False
son;large biomes;survival;906169157196745;True
together;superflat;spectator;589337643980555;False
staff;default;survival;86782729232370;True
draw;default;spectator;576324187089470;False
address;default;spectator;361026821463116;False
accept;large biomes;hardcore;19936828736245;True
system;single biome;creative;273882352800118;False
reason;superflat;survival;375528566175602;True
up;single biome;creative;201017197338938;True
Level;large biomes;creative;716045942047513;False
seat;large biomes;adventure;259536716469453;False
Continue;superflat;adventure;605230399974251;True
stuff;large biomes;creative;450792195065620;True
put;default;survival;777032904000037;True
drug;caves;spectator;29057428076212;False
price;default;creative;397745191752051;True
Especially;default;hardcore;598689480493839;False
man;caves;creative;267177322656993;True
Likely;single biome;spectator;779509621397395;True
now;superflat;adventure;134822676326002;False
site;large biomes;spectator;643653007463438;True
now;default;hardcore;631138884366798;True
data;caves;adventure;639674598812472;True
little;single biome;adventure;874061890331607;True
financial;single biome;hardcore;336252820771384;False
affect;superflat;survival;350694759881711;True
him;default;adventure;946106938901028;True
use;caves;survival;324301868404847;False
to;large biomes;spectator;683306467342588;False
sister;default;spectator;341951174397116;True
assume;single biome;adventure;217927902006644;True
Easy;default;survival;756570389732383;False
debate;single biome;hardcore;45006058051044;True
Town;default;adventure;556046140376919;True
out;default;spectator;772463291789485;False
smile;default;adventure;93459750572412;False
indeed;large biomes;adventure;708996695227536;False
police;single biome;creative;490948354455538;True
why;single biome;survival;347449422568541;False
fill;default;creative;833036350411405;False
Know;superflat;creative;377885413882219;False
hair;caves;adventure;316918589348451;True
author;large biomes;survival;609813384715124;False
tell;superflat;creative;776820998965903;True
sister;default;hardcore;237581179779343;True
young;superflat;spectator;741181895169928;False
analysis;large biomes;hardcore;81503363598727;True
Chance;default;creative;225561738386381;False
pretty;single biome;hardcore;480862688233728;True
north;caves;adventure;230400923802905;True
financial;caves;survival;557047308322738;False
same;default;creative;45208777918137;True
let;caves;survival;747218728344357;False
game;caves;adventure;656125629043870;False
care;default;creative;438108475055794;True
system;superflat;adventure;918300136402650;True
do;single biome;spectator;113347863456962;True
article;default;spectator;872202415028571;True
step;default;adventure;93986171707336;False
choice;large biomes;spectator;317148753129263;False
activity;large biomes;creative;377738766703345;True
Eat;large biomes;adventure;254995752966973;False
language;superflat;hardcore;932705673475793;False
toward;single biome;creative;114585621992671;False
others;large biomes;survival;713050671055306;False
live;large biomes;survival;160967783548580;False
which;superflat;hardcore;901171549041726;False
character;single biome;creative;550870682234613;True
Back;single biome;adventure;638199962490477;False
model;default;survival;676893030076208;False
television;superflat;creative;870324959306568;False
wish;single biome;creative;820714582764020;True
consumer;single biome;survival;115083109070818;True
produce;large biomes;survival;512518234988053;False
smile;single biome;hardcore;33465304419849;False
My;superflat;spectator;588238380282686;False
community;default;survival;438209222314197;True
maintain;single biome;hardcore;902568736727052;True
couple;default;hardcore;585641412286249;True
he;caves;creative;918110982222268;False
develop;single biome;hardcore;368270983037882;False
There;large biomes;hardcore;504523016791942;False
account;superflat;creative;186462102018160;False
buy;large biomes;creative;65094123853592;False
professor;default;adventure;271874742258893;False
Yard;large biomes;adventure;621678028653355;True
building;superflat;creative;211824675675117;False
section;large biomes;adventure;129139587782377;True
Page;large biomes;adventure;216675817088055;True
scene;default;hardcore;804022547894698;True
message;single biome;creative;666147429460079;False
later;superflat;adventure;619331675217397;False
although;default;survival;751845780747637;True
beat;superflat;creative;494644114384451;False
appear;superflat;creative;49020002135067;False
between;caves;adventure;963813794868530;True
right;large biomes;spectator;133803671930571;False
future;large biomes;creative;614207964987463;True
lead;single biome;hardcore;120310488229760;True
medical;caves;adventure;811636837169195;False
sure;large biomes;adventure;40279738256518;True
husband;superflat;creative;355070679083869;False
during;large biomes;survival;820790689237670;True
Also;superflat;spectator;825076835636620;False
also;superflat;spectator;756857512653999;True
By;superflat;spectator;888018448782946;False
body;single biome;creative;458450144371942;True
believe;single biome;survival;115221463216982;True
little;caves;creative;258577515567434;True
Point;superflat;creative;796817523228886;False
foot;default;adventure;702411479867926;True
allow;caves;adventure;563412821302603;False
watch;single biome;survival;651421028788919;False
visit;large biomes;spectator;473160593479876;False
Red;superflat;survival;935571049781130;True
front;single biome;creative;189032755416811;False
Various;single biome;survival;39471693927268;False
Story;superflat;adventure;321630474242002;False
apply;single biome;hardcore;712927177460337;False
program;large biomes;spectator;850765897402864;False
suggest;large biomes;spectator;633218503527091;False
Process;large biomes;creative;19365550918981;False
natural;caves;creative;53693070347455;True
country;superflat;creative;816548558166857;False
until;single biome;spectator;107200033836583;False
point;default;adventure;416854635660471;False
Financial;large biomes;survival;221969042665967;False
believe;large biomes;spectator;123637162673334;True
Game;default;hardcore;485450151042688;False
language;default;spectator;284366438492655;True
north;caves;spectator;110088634491595;True
increase;default;creative;820205091566501;False
list;caves;spectator;435588007259591;False
sound;superflat;adventure;67763972801608;True
Exactly;large biomes;spectator;590056262837;False
Organization;default;survival;314993717744512;True
what;caves;spectator;894793142178813;True
avoid;caves;hardcore;232878561597459;True
white;default;spectator;998014696361942;True
Win;default;adventure;165236513749369;True
hold;default;creative;371642542810147;False
art;superflat;spectator;76009891212068;False
the;caves;creative;735068872578673;False
then;default;survival;642738528996757;False
against;caves;hardcore;440496185517601;True
there;caves;survival;464794897208469;False
simply;large biomes;creative;186103227910275;True
strategy;default;hardcore;284260435480901;False
