edwardsmith;J#V9NErD5A;moder;42;fhebert@graves-wilson.com;66;True;244
robert34;S&4LP7Hjfx;vip;83;littleaudrey@garcia.biz;16;False;36
amandahaynes;aC7ZUzyd*$;player;66;mallorymitchell@yahoo.com;18;False;794
mahoneypeter;@6HPruvCo9;premiuim;83;cbishop@brooks.com;11;True;979
kathrynmurray;$9naSUusy3;owner;55;leelucas@williams.com;59;False;684
wilsonchristina;$oc0nCCgz2;moder;86;dianewhite@yahoo.com;25;True;718
dmason;$@L(P2Teu^;premiuim;13;garrettabigail@hotmail.com;54;False;107
fryjessica;#QmXz5hN1r;owner;52;mrobinson@hotmail.com;49;True;135
davidbentley;eZ(Ll9Rc2A;player;75;ethan84@mitchell.com;15;True;621
jonesstephen;5@5@MZDW6s;owner;18;jennifer02@yahoo.com;34;False;566
robertmedina;(G^YPGBrm4;player;44;nlynch@yahoo.com;10;False;627
brandon28;KLcB9Pfn(P;vip;55;christythomas@gmail.com;44;False;805
allison24;!$M#S7v948;moder;23;veronica73@gmail.com;35;False;103
redwards;@2$9hFtoJ0;premiuim;70;steven59@morrow.biz;54;False;413
walexander;p&85%Hfr_G;vip;11;coneal@morrison.org;68;False;741
joseph36;0R8aeCyG#H;player;37;justinthompson@yahoo.com;15;True;704
rzavala;Zy3^G34lK@;player;52;kayleeallen@yahoo.com;44;False;893
karenmay;M6DMPGcC&4;premiuim;89;woliver@bell.com;63;True;39
kevinhanson;!E5HE7NeUp;premiuim;8;thomasgreer@yahoo.com;67;False;568
paulleblanc;_%S3Bxyg%1;player;21;heatherperez@frederick.com;44;True;965
michael32;)5E9_x**Cf;vip;84;amyfoster@hotmail.com;59;False;657
janice67;#U6y&EClsT;player;10;alyssa74@yahoo.com;64;False;335
tommy51;lq74xFw9l#;player;87;alexandrawhite@yahoo.com;51;False;11
jenniferporter;vu&3fOwI&%;player;55;wkidd@walton.com;19;False;28
ztaylor;^9RFsXQf)O;player;26;amyevans@hotmail.com;55;False;968
james57;$soN2k$g13;moder;15;johnsonmarcus@yahoo.com;58;False;37
xsalinas;Z#nHd2ez)0;moder;83;wanda01@gmail.com;17;True;12
youngangela;eM)9PVDx%1;owner;57;teresamayer@collins-mills.info;38;True;918
robertvaldez;5(GL^5fv)1;player;40;ibutler@schwartz-strickland.com;36;True;10
catherinedavis;RZ#84Fj$Dx;vip;67;tgraves@carpenter.org;62;False;751
alannelson;qjt1LklnE(;vip;100;gilmorelauren@hotmail.com;59;True;315
melissa67;!8RTEhUK7m;premiuim;1;matapreston@huffman.net;19;False;467
james10;w10d3ZGz_V;vip;65;thart@wright.com;26;True;813
andrewowens;ZVMa_y6a@8;moder;36;thomas26@gmail.com;33;True;147
huberlindsay;+tT#Re!ar3;moder;63;grahamjustin@gmail.com;59;True;447
justincook;mJV8Ohpm^_;owner;2;lthomas@hotmail.com;25;False;721
lynn81;Fx1XE!fAg+;vip;3;landryamanda@lewis-spencer.com;13;True;605
princejody;2hy0GQJ4#+;premiuim;60;omoreno@petersen.com;19;False;658
laurahiggins;7dcYarQs@8;moder;32;hoffmanbryan@gmail.com;45;False;293
zdavis;vt965R7z5&;moder;48;chad70@lee.com;34;True;140
newmanchristina;Q18XUknm+3;premiuim;37;catherine74@marshall.org;34;False;914
gpadilla;r!&3VUnlA1;premiuim;5;cferguson@yahoo.com;61;False;122
daniel22;+L2zO0(cbs;player;85;ijones@yahoo.com;64;True;1000
davidgoodman;Rs8C$8MqF!;moder;24;ryansims@hotmail.com;63;True;389
kellyramsey;79HvVZ6!%n;player;44;josephshaw@gmail.com;28;False;725
jose20;^gC8xugP^5;moder;46;oedwards@johnson.com;46;False;348
christinenielsen;s%+1eMm#gd;vip;48;uriggs@gmail.com;32;False;487
amber93;hBP^7GqQe$;owner;47;michelle11@smith.com;61;False;999
janet72;%8(T!AfitM;vip;21;sosascott@martinez.com;16;True;663
williamduke;25J2VW9u%8;player;25;cdavis@hotmail.com;60;True;220
jgarcia;+9O$zAb9nL;player;63;rodriguezjennifer@hotmail.com;49;True;166
riosjohn;)ap38WKlM2;player;96;joneskim@miller-barker.com;40;True;234
mccartycharles;_5R22Caq6O;owner;22;robertbailey@gmail.com;11;False;491
preynolds;Jx4WpF@h+6;premiuim;85;batesrobert@hotmail.com;21;False;635
veronica30;E_8gnNB9px;premiuim;29;wilsonholly@cruz-nixon.com;15;False;748
logan09;F&*4BboloM;player;44;gordonjulie@nolan.com;43;True;807
steven14;!8Qro&^Oel;player;68;john03@maldonado-brown.com;15;False;962
fmayo;#vRH%e0vs1;owner;39;robert61@johnson.com;50;True;973
susancabrera;U8bM&_hQ!h;premiuim;10;simpsonmorgan@tucker.com;67;False;286
qrobinson;b_!0Iksz25;owner;8;brittanybailey@hotmail.com;46;True;520
troy31;WsR0Ihh6F);vip;32;robertgeorge@hotmail.com;41;True;195
ericschroeder;+1foQdt4k7;owner;23;campbellaaron@hotmail.com;37;False;399
loriholt;&7VCSs4K70;premiuim;29;kimberly42@hotmail.com;49;True;915
anthonyjordan;#B$j5ZuFO3;vip;34;gmata@hayden.com;12;False;660
pereznicole;_9YL9ebxwi;premiuim;23;zstevens@hotmail.com;60;False;840
tlewis;pA5OO$c#B^;premiuim;6;nguyenteresa@yahoo.com;31;False;737
kathrynnewman;+NO0pEIsf4;moder;41;david99@randolph.com;40;False;551
ayalajose;l*t+1Duat*;player;84;qjohnson@stewart.com;42;False;322
ihall;sJHP@*9g^1;moder;20;reynoldsshelley@hotmail.com;10;False;393
tgreen;bNV2tfDtg#;vip;75;parkerwendy@yahoo.com;53;True;901
john60;(9T+iBBl+I;player;76;mmalone@yahoo.com;40;True;424
barbara06;@4CONFyGMn;premiuim;1;stevenhanson@martin.info;69;True;409
kkeller;^Fwnf*Nw0V;owner;30;washingtonmichael@gmail.com;64;True;535
bakermelanie;tV*^7yjDe);player;91;gonzalesshannon@jarvis-fox.biz;49;True;307
haleamber;TG@nx3VjJ1;moder;8;nthomas@hotmail.com;48;True;339
brookerojas;PD81BAZdX);vip;63;lflowers@steele-brewer.biz;67;True;202
vedwards;q5u6Uqy_+8;premiuim;18;hensleychristopher@morse.org;49;True;797
ljackson;9gi(62MjZm;premiuim;43;andrevelazquez@hotmail.com;32;False;667
omccarty;xhlZH&fS)6;vip;43;ykennedy@booker.com;20;False;716
vgregory;iy1P1ZV8V@;moder;22;angelicacraig@hotmail.com;19;True;844
richard57;Txo7Uk_qo*;owner;83;courtney59@yahoo.com;21;False;158
ulittle;M0ZsibfP+(;premiuim;17;blevinsmark@gmail.com;25;True;333
gamblesandra;B$4kpVc9_J;owner;3;longdavid@mills.net;23;False;110
plopez;(Z4_f_PzCq;premiuim;39;jamesdeborah@turner.com;16;True;864
chelseamorales;^wUnIgzF4x;player;28;sspence@ochoa.com;35;False;866
deborah79;e@4eU%bnFI;vip;86;austinpamela@hotmail.com;14;True;732
cruzgregory;%RO&Sq&o3g;vip;43;kirkkristen@yahoo.com;66;True;862
davissarah;s7H2OXyz^E;owner;91;shawn91@miller.info;45;False;27
aaron17;@o6(16Cwp0;moder;84;nathan63@hotmail.com;50;False;347
elizabethjohnson;LR_5gFxA+F;moder;74;josephchan@gmail.com;68;False;926
vross;iqW0sCds4!;vip;41;jenkinseric@cobb-chan.com;34;True;444
hparsons;P9Ml67UT(d;moder;100;rhurst@yahoo.com;66;False;533
teresahowell;V*nn0Um1Oi;premiuim;3;edwardsleslie@hotmail.com;25;False;595
stevenmelton;6IDySG7U*g;moder;68;emilyperez@hotmail.com;10;False;312
osbornstephen;+#H(3@BRzs;player;1;melinda02@atkinson.org;45;False;296
steve61;*b!CUAsrz3;moder;8;jacobcollins@hotmail.com;56;False;680
brandonglover;@gJVhc@bk2;vip;28;andersonrobert@hotmail.com;64;False;570
ghoward;%5A@(IhOE7;owner;19;amy70@tucker.com;28;True;353
rodneytaylor;#W8XRtkv@*;player;7;timothy82@hotmail.com;49;True;752
emily89;@4uZT1WdJb;player;11;laura43@gmail.com;53;True;421
kelly35;D1TZhyR2)s;vip;46;uestes@gmail.com;14;True;731
woodstephanie;O6$Dfjtr+d;owner;90;mmoore@yahoo.com;69;False;502
james87;6_xE0ksD!c;vip;71;nolankathleen@thomas.net;50;True;592
stricklandwhitney;J85INj5h^N;premiuim;61;daviesmichelle@yahoo.com;67;False;275
dianacunningham;TAeI0HOs&r;moder;72;welchjimmy@gmail.com;10;False;896
susan74;vJ2C)wG9)6;moder;19;jennifer74@yahoo.com;17;False;52
yolsen;Dm&%A9Sg_N;owner;50;cassandra49@price-le.com;66;True;624
jmcintosh;a6BsXY+D#6;player;76;tammywhite@brown.com;14;False;210
espinozalaura;&4VXbESehr;vip;35;jason09@gmail.com;29;True;251
philliplogan;y%7AFLMd4y;moder;67;dustinharris@hotmail.com;63;True;565
daniel57;doToK@O9$3;owner;12;webbamber@hotmail.com;36;True;645
frodriguez;Z_^0CK&7nv;moder;41;robin05@yahoo.com;44;True;132
jordananthony;_@(YI%eU_9;player;94;priscilla11@shaw-cruz.com;35;True;783
rayvalerie;j(5+Kq2oiM;owner;53;williamcastro@hotmail.com;69;True;950
walkerrobert;#N!0ZIOu)5;vip;36;mcphersonstephanie@yahoo.com;64;False;346
diane98;)269@Tgujk;player;22;rhansen@fields-ross.info;69;True;865
sarahmcbride;%7z43_JlX5;vip;15;jlloyd@campbell-spencer.com;17;True;340
zrobles;9k2DYi*V&W;player;98;jeremy70@gmail.com;34;True;380
fowens;E)+3T2MuqX;owner;57;johnsonnancy@chen.com;12;False;782
zromero;#g_3!4MkI4;owner;53;ewest@gmail.com;57;False;152
michaelgonzalez;&tKb2XZu04;vip;30;darrell62@hotmail.com;66;False;770
brian74;@9K17uvTfZ;player;72;jeremy55@burnett.com;14;False;233
andrea11;Ay!84KhrE#;owner;21;jennifer84@hotmail.com;26;True;66
michelle83;kY8x5PrV$9;moder;38;billynelson@harris.com;17;False;420
higginsglenn;&1#6#W#a!@;vip;85;jonesmartin@hotmail.com;58;False;260
susan32;%M73)6RxW&;player;42;david90@yahoo.com;42;True;831
castroamy;d^a2TwZmp@;owner;100;markalvarez@hotmail.com;46;False;836
hobbsshannon;T0G&0xQJ#i;owner;41;patricia16@mendoza.com;25;True;458
mariahernandez;(cniTOR35%;vip;11;wendy56@rose.org;20;False;329
david29;#N2Ac0Ag%2;premiuim;14;cathyherman@gmail.com;32;False;631
odecker;6PpXij1P!9;player;55;fmckenzie@rodriguez.net;24;False;754
qpotts;^K3Bby0HWd;owner;23;kirstenwilkinson@yahoo.com;27;True;463
carterchristine;^A4b4CnrbZ;moder;92;rogersjacqueline@yahoo.com;40;False;757
benjaminthomas;Z$D2RKJJbb;moder;56;cmathews@cunningham.org;40;True;847
tlee;+A7UCGe$&5;premiuim;18;pday@johnson-dodson.com;24;True;878
wbrown;#@(^6ECiKp;moder;59;julie59@hotmail.com;39;False;550
oscott;wfYr(S7e^0;moder;4;joshuapruitt@gmail.com;48;True;464
briggssherri;%1FN9pnYrd;moder;45;kaitlin42@hotmail.com;28;True;632
ibarrasean;4px3GHOS^w;owner;1;mccarthysarah@yahoo.com;40;True;157
uschmidt;*KW&c(xT1a;vip;37;thomas04@hansen-torres.com;22;False;830
cdunn;E+A9cQ8zfc;vip;59;tammy73@yahoo.com;15;True;456
melissajenkins;^H+Ypys5R7;owner;90;robertscott@ingram-taylor.info;62;False;323
antonio37;&#(C6WbU$Z;owner;48;kreeves@gmail.com;38;False;497
qsanchez;7WG6YIlR&M;player;65;jennifer95@brady.info;69;False;128
victoria01;z+63ZzysTH;vip;35;jennifer77@gmail.com;24;False;591
kelliunderwood;*NR5a5bl9);owner;48;frank71@walters.com;61;False;615
dickersonsheila;i6uLeDmQ#A;premiuim;0;samanthahunt@hotmail.com;43;False;478
williamserica;+hBc)ibWs9;moder;65;pattonmatthew@yahoo.com;49;False;338
carlos74;LN2Kw6et&Z;owner;20;ricebrett@williams-smith.org;14;True;669
qchan;%PghLyz!40;moder;93;andradesamantha@baker.biz;39;False;253
amandarowe;i!RR6LfrT3;player;17;kimberly66@yahoo.com;33;True;644
fwiggins;dFc4!Yo+*f;owner;38;smithelizabeth@hotmail.com;39;True;486
caleb40;c77GULoF@j;moder;55;erik01@garcia.com;51;False;252
johnibarra;^1mxnYnQ#L;vip;7;bstephens@may-torres.com;41;False;105
gailhall;*tm$L#+ut5;player;50;campbelltodd@mcdonald.com;46;False;416
salazarian;C#X6BYc@DC;vip;27;kelseyfuller@gmail.com;51;False;617
katherinejensen;o5rYJgjq%c;player;30;simselizabeth@hotmail.com;68;False;451
tammy88;j%G9EjxbGL;player;45;caroline98@yahoo.com;24;True;490
johnsontimothy;8M!7CXFa!e;premiuim;75;barbara72@martin.net;15;True;14
brittanyacevedo;J2^!0(ObQf;vip;64;katie47@ruiz-yates.com;37;True;772
wsingh;!#3PjGzDc4;owner;99;whernandez@ross.info;51;True;766
jennifer13;)s6FBlI#x2;player;65;sotofrank@hotmail.com;60;False;423
sproctor;@UXib*Au@8;moder;16;santiagoashley@hamilton-walker.com;52;True;425
bbarron;%QL5KRnpCO;owner;70;veronicawhite@hughes.org;24;True;385
colleen32;2p66BVn_5!;moder;52;megan92@yahoo.com;10;False;997
bryantgregory;R1Y@PXHs#V;moder;47;anthonywright@gmail.com;23;True;728
nbailey;#ioW2Jrpd6;player;8;julie99@bruce.info;33;False;310
mark93;2SsCYWua+l;player;16;gonzalezjonathan@gmail.com;22;False;186
gailtaylor;_N07SoUsj$;premiuim;88;jonesmatthew@wood.com;46;False;559
zjenkins;+kRjRyel#7;moder;51;david05@perez.com;38;False;571
ramirezshannon;(YtYl03Z2I;owner;91;darren88@gmail.com;48;True;311
isanders;4kOMYzAI_K;owner;37;nwarren@miller-james.com;27;False;666
denise77;VK4L9MUb6+;owner;84;myersbrian@hotmail.com;17;False;697
christiandavis;T$9HUrY2sJ;vip;100;dennis09@parker-sanchez.com;66;True;277
tylerbaker;I1r%BdQ^)@;owner;13;jennifer35@erickson.com;68;True;400
umarshall;o0e0%Bx@@*;premiuim;60;wayneryan@warner.net;17;False;563
cortezdanielle;0RPei@VD$t;moder;39;debra53@salazar.biz;34;False;504
stephanierogers;!G9OjVNCTs;premiuim;61;andrewrobbins@gmail.com;39;False;141
ronaldcherry;^2DEn$NfQd;player;8;kendra52@hotmail.com;45;True;331
fellis;@8SsIqS7*9;owner;28;ambersherman@garza-smith.org;48;False;201
parkerkeith;O8*9IQEr_p;owner;95;nelsonjennifer@sanchez.net;57;False;699
hillkatie;#f$8QOTf2d;vip;82;gibbsjessica@leonard.org;67;True;988
terrylindsay;X8AEk)s1@M;moder;35;nnichols@yahoo.com;14;True;960
jellis;I2MqFw%Z+D;player;17;kevincrawford@gmail.com;53;False;350
xrose;1(k)79V9le;player;50;melissa33@hotmail.com;24;False;143
hughescurtis;q46OWBqKY&;vip;68;teresa16@yahoo.com;54;True;851
ericabrown;7OQXrp$w%9;vip;41;brenda77@gardner.com;15;True;619
aaronmalone;+MW5lXiq84;premiuim;32;brent38@green-chambers.net;46;True;262
wayneobrien;E_1GU0eO$@;owner;1;michaelraymond@meyer.com;69;True;343
aestrada;z&YKlN%&#3;moder;48;cynthia82@gmail.com;23;False;580
andersonrandy;(6CJC1wiLL;premiuim;62;amycrawford@mercer.info;13;True;775
paula78;&#3gHXiE$9;player;95;jacqueline97@martin.biz;21;True;966
wvalentine;g2qRQ^fh+l;moder;68;parkerlindsey@hotmail.com;49;True;702
kimberlymitchell;q3@I*elp+6;moder;23;uvalentine@hotmail.com;35;True;720
valerielopez;#p*Pe%BP&8;moder;56;sonya06@james.com;15;False;850
kathleen71;lE1g9C9y%$;vip;4;fmoon@hotmail.com;15;True;647
phyllis78;iz9QY@3y^1;owner;58;jacquelinefields@quinn-larson.org;38;False;723
lanekelly;&iw7NeY0vo;player;79;amy71@hotmail.com;57;False;375
davidjimenez;1WVMbl5y_e;moder;71;davisangela@kelly.com;52;False;228
erobinson;+*8iEl&f&F;premiuim;22;williamswayne@roberts.com;57;False;305
troy86;Xz4uk@Fg(j;premiuim;86;gwhite@huang.org;35;False;271
leedean;!76%bFUzj$;vip;12;billy85@hotmail.com;56;False;204
douglasritter;@@u50Pur%t;premiuim;79;ihill@gmail.com;13;True;38
lori65;a$4Z&Rydy5;vip;75;jeremy43@yahoo.com;41;False;955
ycook;JkEvA1Uu9+;premiuim;51;katherine10@bailey.org;42;False;722
matthewbell;@uFpiltA+6;player;99;bfoley@yahoo.com;18;True;508
snowvincent;u3LzMWEJ#5;premiuim;42;allisonowen@yahoo.com;39;False;992
petersonjesus;m(Z92IMf#b;premiuim;13;uharrison@robinson-bates.com;46;False;359
dawsonwendy;94DolZ%p@&;owner;64;joseph51@yahoo.com;25;False;403
maureenpacheco;UK!3LrVntp;moder;14;youngjoshua@bailey.com;66;False;455
stephanieaguilar;jul^)JE&)0;owner;41;freilly@gmail.com;58;False;707
crystal46;6GD)Skzc&y;owner;55;brooksbrooke@barr-hurley.net;47;False;181
jasonbrown;Z8Y3H!72)s;moder;7;pthompson@yahoo.com;46;True;871
josephgregory;8jsLmX^n(M;player;55;warrentammy@lopez-soto.info;26;True;682
nathan04;rM(3Dlg&6*;player;22;johnsonamy@wilkinson.com;69;True;900
brendavargas;z$3FYqnYKN;owner;60;maykurt@hotmail.com;55;True;743
jacksonrandall;m2$Z6Kc_(&;moder;36;brittanylewis@gmail.com;37;False;287
houstonandrea;8tmH^3Gxda;player;77;ambergreen@gmail.com;58;False;30
alyssa93;(O$4D2Lrdd;owner;70;johnsonhannah@reeves-lee.net;38;True;981
stephanie00;9hJJ!P3f^H;premiuim;68;robinstrickland@hickman.com;17;True;686
uhorton;_&#V^vrL+6;owner;16;cooperjonathan@gmail.com;64;True;443
christina28;e+0Mvya(7C;premiuim;37;bryan14@peterson.com;34;False;430
gcross;%+3Ev29fSY;premiuim;74;kstanley@gmail.com;14;False;909
john72;JP!06EsdB6;premiuim;15;lori78@gmail.com;53;True;150
jburns;$D2Pj$sDC2;vip;35;briantaylor@wood.com;46;True;481
erik65;W_XE7Cv+o!;premiuim;63;charleswilliams@gmail.com;58;False;838
zsimpson;412DyBxb^3;player;92;lindsey66@jones-carter.com;68;False;173
coreymatthews;VO%3OFbbU0;owner;49;anne69@yahoo.com;37;True;101
oliviaperez;I(1WImbL+C;vip;27;aperkins@marshall.com;44;False;655
amyrobertson;o)2IdFUwpO;vip;92;sarah10@yahoo.com;12;False;239
joseph43;hb5vJvmC!1;owner;69;ksmith@gmail.com;34;False;162
ppetty;sC6!YIdl#E;player;32;krista09@miller.com;40;False;207
shannonking;&3Z3Wm01IF;player;27;shelia69@morse.com;34;False;137
colliergina;^pFlxtWZ8o;vip;70;joel96@davis.net;51;False;86
blackwelljesus;_maM!HyIg6;owner;99;jasonfranklin@levy-lopez.com;15;True;76
luis81;^)578Jw6lL;owner;83;zhamilton@yahoo.com;11;False;289
christinecross;6rduR*Ff$B;premiuim;96;wigginsjames@hotmail.com;32;True;936
wattsjohnny;5X2lXgOG_^;premiuim;18;lramsey@hotmail.com;28;True;938
tammythomas;(uz7ISc3Li;premiuim;74;millersuzanne@yahoo.com;37;False;789
jennifer26;(*9lLdrEoZ;moder;55;jessica56@king.biz;48;True;90
alexandrarichardson;@N9Je$Blc4;owner;12;davidjohnson@hotmail.com;37;True;778
nicolelong;%49CsqsrKl;vip;96;heatherbrown@gmail.com;53;False;410
gregoryjones;r#6LrMgM_s;player;47;rodriguezadam@hotmail.com;31;False;668
andrewandrews;&F2UQXf4vm;player;52;victor74@bray.com;55;False;642
morgancollins;(n4Zft*W8s;vip;56;fbailey@cole-pollard.com;63;False;462
andreavillegas;I_%0PPpcFm;player;67;edwardskathryn@neal-shields.biz;48;False;758
knappamanda;Pxe0@Cg_C^;moder;16;blakehiggins@yahoo.com;12;True;151
joselong;)Y6nB!Ag&2;moder;52;rmercer@medina-walker.net;67;True;319
barbara60;nW75XpV31%;vip;72;rowlandmichael@hotmail.com;13;True;454
bbrown;(IxZ_LxI!3;premiuim;81;taylor95@hotmail.com;32;True;983
mariahstone;%&IvDq_k5d;owner;47;oballard@burnett-mullins.com;13;True;543
philip91;K)f$0Fc6_N;player;39;nturner@gmail.com;50;True;744
wramos;@YMcMSViU4;moder;15;jacquelinemcconnell@mitchell.biz;57;False;121
jorgefrye;Vp)8qBmqp^;player;86;ysellers@hotmail.com;69;False;625
kyle33;i@NSmm3L@2;moder;34;arobinson@gmail.com;60;False;33
zhoffman;@9sySG(1xk;owner;78;sydneygarcia@hotmail.com;31;False;358
john01;(+6DWdCxRD;player;27;julia52@gmail.com;41;True;120
adriananderson;)jwL2xyz29;player;43;jonathanhicks@mcintyre.biz;44;True;542
dmaxwell;u_^5prIoRx;owner;31;richard34@arnold.com;70;False;589
nbyrd;RM7oLszp#R;player;9;zburns@taylor.com;64;True;325
michael80;$#6fkVZJAf;moder;45;christopher32@gmail.com;26;True;823
dking;%uHGby_7&0;premiuim;11;ambermiller@gmail.com;63;True;590
vincentgomez;+Bw6^NhpAE;vip;5;sharondiaz@guzman.com;19;False;715
cunninghamleah;MD08CEx3));premiuim;96;gonzalezrobert@gmail.com;26;True;415
davidwilkinson;Q6SaO)Ih)V;owner;14;griffinpaige@yahoo.com;39;False;711
martinezmichael;*Kv1S9(bMc;premiuim;92;angelajohnson@butler.com;49;False;370
susan59;ggBiUiL5#6;vip;29;jessica62@hunter.biz;24;False;336
megan19;2)sDcOs6ZU;player;65;stephaniebrown@gmail.com;27;True;49
brenda94;%26YQAzW@6;player;11;jonathankelley@yahoo.com;46;True;1
karen55;@qVYuxiO2Y;moder;45;santiagojames@hotmail.com;65;True;185
danieldouglas;_6SF2rTmvt;moder;60;brenda41@gmail.com;36;False;556
heidireese;(!vMn^x4F5;player;44;nicholas93@ware.com;46;True;179
stephen24;r8CrndP9#U;moder;68;deborahfoster@zuniga.com;22;False;205
yburke;CDOM7n&m%4;owner;80;hdecker@gmail.com;35;False;912
cynthia14;8dGyXi9+@_;owner;49;langnancy@yahoo.com;55;True;407
whitneyryan;sZY$3Oq#U@;player;59;barronwesley@le-davis.com;55;True;142
milleremily;kkT9oyIuE$;player;23;lisa85@yahoo.com;46;True;650
bowmanclaudia;)c2aSD9rhn;premiuim;26;andersonlinda@gmail.com;63;False;156
danboyer;brAxKnUT!5;player;54;rcooke@rubio.com;16;False;957
sydney37;!D(MHnDH7f;owner;73;teresa85@gmail.com;28;True;165
michaelriggs;+uKabG04q0;premiuim;49;kimberlyphillips@frank.com;61;True;89
brandy97;E*7jfQl3Tt;vip;77;williamstara@hotmail.com;18;True;263
johnnydalton;@hrB(wTu)8;player;72;jrobinson@jones.info;52;True;5
lbrown;^9GiquWm&+;player;67;sherry86@yahoo.com;29;True;50
arianadavis;#zq3@HhX2x;player;24;fosterhaley@yahoo.com;10;False;730
schmidtcharles;W!)x0XQ2Jx;premiuim;3;delgadopatricia@harris-smith.com;61;True;888
williampowell;B5HFc@v7*3;owner;28;lopezdustin@hart.info;21;False;215
lararobert;(09Q7)z1y);vip;45;ballardpatrick@hotmail.com;57;False;870
anthonyperez;J&_9C(tc(L;vip;35;bonniemartin@johnson-padilla.org;69;True;16
michelledillon;Y+l9nL5d#f;owner;47;dclark@weaver.com;43;False;190
angela96;lnWiifVf&3;premiuim;76;yli@gmail.com;26;True;369
berryjared;2h+&k6Xy7T;player;24;ahall@yahoo.com;34;False;367
rodney09;P$F8E_nT$L;moder;43;sean92@yahoo.com;30;True;73
mortonjoseph;&9VtzjmTL_;moder;27;qsilva@johnson-joseph.com;47;False;935
kingsara;W4vZhOdn%d;vip;2;amunoz@yahoo.com;60;False;194
danieldominguez;(dJi5kZP&7;owner;35;aliciashannon@gmail.com;33;True;695
hendersonjudy;pUV0OZpBX%;moder;56;lori28@yahoo.com;40;False;288
xnixon;$6J#1KLgpY;owner;14;rhondakirk@cooper.com;56;False;58
ryan62;Vz%6XrI4IT;vip;14;laurenmata@hunter.com;32;False;886
alan95;%HJrXFSn9U;player;58;vdavis@gmail.com;65;True;773
erichards;f(5*La#Q_%;moder;38;richardguerrero@jones.com;56;True;984
christopherskinner;N!M9Owj6oB;moder;21;fullerangela@hotmail.com;64;False;816
erica48;ygr*1PvVJi;player;37;stacymiller@hotmail.com;24;False;582
lsmith;%9aNlya6PU;player;91;anthonyhardin@harris-vasquez.com;52;False;690
abigailmorgan;hFG@WHhO%5;owner;55;patriciagutierrez@porter-garcia.com;12;False;138
anthony14;)LsKZ4#i!*;premiuim;4;colleenwade@gmail.com;68;True;598
pfrey;w1GyLmeh&l;premiuim;79;robertomiller@hotmail.com;51;False;736
ggregory;+A^J5Sm&Lh;premiuim;12;devongalloway@wilson-taylor.biz;50;True;573
hamptonlisa;tA)7)RJoSS;vip;37;fhunter@hall.com;33;False;445
dawndean;Jr4NDx)(+!;vip;54;stewartjeremy@ramsey-brown.com;16;True;545
mosleynorman;)65Kok6)yW;moder;45;jeremy36@hotmail.com;38;False;869
rfoley;d8Bbaktu@2;player;21;cwilliams@hotmail.com;59;False;719
hector95;$N$AK6wW8s;premiuim;43;collinsjeffrey@torres-kennedy.com;69;True;250
ellisdeborah;)p9CNywe22;premiuim;37;hhunt@yahoo.com;40;False;842
sotogeorge;G*8E9rk8)f;premiuim;63;amiller@gmail.com;49;True;825
sharonbrown;LF5CPxy+$^;owner;22;veronica11@buck.com;67;False;245
jacob86;@rK)7YKe@h;moder;13;gloriadavis@allen.com;55;True;845
vallen;ODSQC1jq9#;premiuim;91;ole@yahoo.com;67;True;795
gcook;#$3L^Oxy0l;premiuim;85;brandyhaynes@gmail.com;67;True;800
jesse35;F52_YTo!(5;premiuim;91;jennifer68@gmail.com;27;True;672
jacob43;Z!2GiBwr$Y;premiuim;72;vcooper@hotmail.com;53;False;46
ashley83;3u2aNSh8_r;owner;1;jody04@hoffman.biz;39;True;290
whitejessica;H)J)Q9a)_6;owner;12;ymontgomery@hotmail.com;14;True;964
abigail72;(#1Vy84yLb;vip;69;joanna97@yahoo.com;47;False;276
william44;NN0Jliylt&;moder;35;diane29@hotmail.com;42;False;756
alectran;_&Y6nrXp%@;moder;61;alicesanchez@mcdonald.com;16;False;22
tjohnson;bv^5HNWcTV;moder;17;emilystevens@thompson-watson.com;59;True;189
laurenreyes;)5R!Iw6($t;premiuim;13;johnsonmegan@smith.com;29;True;265
michael67;$0#_9ZwdY1;vip;14;larryfox@murphy.com;68;True;79
wongtraci;^v7IwKW9C8;player;64;mmyers@gmail.com;16;False;640
rjones;&0Coyi)bqC;owner;67;saunderskeith@gmail.com;24;False;553
oconnellchloe;f3UWvLWt)q;vip;67;tbrady@gmail.com;61;False;611
todd59;B0!87TAll^;vip;43;nwilliams@hotmail.com;27;True;368
melanietucker;q^_L5*Qa@d;player;75;ian51@hotmail.com;30;False;579
joshuahorne;#Fv1R_ZfhA;vip;33;kevin62@hotmail.com;26;False;949
williamsbradley;p)Yv0rXc+V;moder;88;alisha90@gmail.com;49;False;161
cdiaz;#1UCy&Nq&Z;vip;42;daniel41@gmail.com;51;True;600
maxwellmichael;%(lU29ArGr;player;37;zsimmons@moyer.com;62;True;776
heathercisneros;br!y0MmEFl;premiuim;48;kimtorres@hanson.org;66;True;40
kellybrennan;nhWoDn8r)3;vip;32;victoriagregory@rich.biz;53;False;519
pearsonjeffery;UY4%5CKyMi;vip;98;wileyroger@gmail.com;64;True;925
skelly;&CXMnAfu04;moder;23;silvamelissa@brock.com;61;False;569
hruiz;P4(V)p1U%6;vip;84;dianasmith@berg-james.com;69;False;495
jennifer94;+vIhaKZC1J;owner;69;jacob61@wilson.com;57;False;833
salinascody;#3ZQndTjHk;moder;33;benjamin47@gmail.com;58;True;927
mackenzieknapp;RdP^8Zywe%;premiuim;91;rwest@pena.net;40;True;82
miguelhester;_1$D149v2S;premiuim;27;sheri34@wilson.biz;43;False;433
charlesmorris;^7C^bS0s&R;vip;90;hailey32@gmail.com;32;False;785
hillchristine;C4CKy&ab$0;moder;54;daniel60@hotmail.com;17;False;691
jennifermorton;61YJUNif@z;owner;73;laurie08@liu.net;11;True;653
chad96;hv_8cYwn_x;premiuim;11;bjordan@smith.com;18;False;342
tiffany02;_AYtZYXK0d;premiuim;49;melanie11@brooks.net;45;True;982
gmarshall;_#L2ITzdfE;premiuim;90;santiagoomar@mendoza.net;47;True;612
william02;(U9^qRIe3G;vip;13;jennifer31@davis.info;24;True;87
emilywilliams;9ifQ7!VbH+;vip;87;joshuaholland@gmail.com;44;True;72
rachelaustin;4PL6Kk*y+J;owner;27;matthewgreene@pruitt.biz;44;False;905
millerjohn;RLkKoR27$8;premiuim;64;joshuahood@marshall.com;17;False;129
barbara59;!@MAb!vJ%2;moder;49;ronald71@smith-elliott.biz;24;True;363
margaret38;t90Z)c0x3@;premiuim;32;griffincynthia@yahoo.com;22;True;75
katiehernandez;)A8SyWa)G8;premiuim;88;cschmidt@hotmail.com;22;False;876
dustin36;#0%_M5b!(8;moder;70;knelson@stevenson.org;19;False;537
leelindsey;@JNX1mwO5s;player;1;lrobinson@hardy.com;62;True;890
tiffanyreed;@2gvSlh*#l;player;33;jeffrey78@vega.org;47;True;93
perrycharles;W8HD5$dU&_;owner;69;michael36@juarez.com;26;True;822
ygardner;(gtArm!rZ8;owner;50;christophergreen@gmail.com;58;True;916
twagner;IP@FG$eX^7;player;78;kayla76@ali.com;33;False;733
gabrielabrown;+EV0aSJt0p;owner;16;christinesanchez@hotmail.com;11;True;223
elizabethroberts;#R4_Wq*BQ@;player;79;deannorris@jensen-hunt.com;63;False;283
brendaclements;_Z6Zrz^&Q(;moder;89;suzannemack@howell.com;30;True;811
haynesvictoria;3_&R*ipv)F;moder;19;casey25@glass-dillon.org;10;False;177
nicole30;h9CElNrm@2;vip;49;bethanypacheco@carlson.com;36;True;843
brandi75;R)4ChCVg%m;moder;36;pattersonjenna@graham-ingram.org;45;False;958
kevinlarsen;yB+b9Etu%c;vip;49;williamadams@yahoo.com;46;False;895
danielleyoung;!5xthfQSop;vip;52;bgaines@hotmail.com;31;False;574
timothy58;i&GS(NUV!6;moder;23;mgreer@miller-garcia.com;23;True;337
timothyallen;a5cZR75k^J;owner;8;mackenzieflores@smith-patterson.info;11;True;113
donald69;G$3+D+qq6M;moder;3;garciachristopher@patterson.org;57;False;846
john25;HP32Gq0g_S;player;18;elizabeth81@hotmail.com;43;True;240
mooremicheal;9YLqrZah!4;moder;13;joshua63@hotmail.com;50;False;206
rothcrystal;M%7tH0ZyU1;vip;19;tara50@simmons.com;53;False;92
rschroeder;@Lz^QKUj_4;player;37;scott05@campos.info;31;False;922
knguyen;0aNEl^Bs$n;owner;46;stephanie16@hotmail.com;39;True;184
jessicahall;5e1sNC1fH#;player;50;bmiller@murray.info;37;True;708
ryan16;l&i2EWKhuC;player;5;johnsonleah@hotmail.com;69;False;687
hollanddawn;QK2TF!Ai!5;premiuim;47;reedsuzanne@young.com;28;False;552
eddieroberson;*v*Ar8HbdF;vip;4;melvinmoore@atkinson.net;37;False;576
ashley87;e2RAQCnn*H;vip;31;george83@yahoo.com;16;True;232
robertwalls;7oL4VOVs^E;player;79;karenmcdowell@yahoo.com;66;False;774
randallrobin;f&&52#Ub6T;player;79;xhawkins@garcia.com;22;True;134
jessica09;MmUn&F4f_9;owner;58;morenothomas@coleman.org;39;False;548
allen52;k^27PhPr%r;moder;12;oconnormiguel@hotmail.com;37;False;989
pamelamiller;BV$8x@lx^+;premiuim;54;nwest@hotmail.com;14;False;779
cynthiahebert;86K3wv5P*g;player;45;annette59@gmail.com;59;True;64
treynolds;rv@lZx8c*7;owner;10;emma70@hotmail.com;12;True;434
james33;@b#FdA8yY3;premiuim;51;amanda47@yahoo.com;48;True;863
mbishop;7!AtD#og(d;vip;41;john61@gmail.com;19;False;986
xnewton;+6ZLMJUs!X;player;57;beardtracey@miller.com;21;False;77
brownjoseph;$D%8Cec#2a;player;37;rebecca17@yahoo.com;66;True;499
laura67;p!CFX6Ix1+;player;23;bkent@black-obrien.com;28;True;227
stephensjeremy;B!b7WdXaeT;vip;86;thomasclarke@yahoo.com;10;True;661
randall87;(T$XjCP(5_;vip;47;nsmith@parker.com;62;True;884
lopezregina;6gDgXbdG!X;player;61;stephanie95@hotmail.com;50;False;747
whughes;h8dBEPlw&B;premiuim;83;carolryan@pena.biz;30;False;567
nataliewhite;$S*3mYuZB4;vip;86;nallen@hotmail.com;30;True;646
shanebell;%4DXQk(o3^;player;47;antoniotrujillo@zamora.com;69;False;729
stephanie31;gy*u1IMd_$;vip;72;mossjohn@hotmail.com;60;False;763
iortega;L0oB2Ulo)I;premiuim;72;stephaniegill@perez.com;26;True;517
fmiller;kC50ODltu*;premiuim;24;christianbradshaw@perez.com;67;True;42
edwardrobbins;R$w2kNmheZ;player;60;hdurham@yahoo.com;37;False;975
castroedward;#@0DPH(26e;player;69;michael75@hotmail.com;60;True;15
aprilrobles;R$W5QaqEHj;vip;38;williamsbrandi@burns.info;25;True;56
johnny04;0$f8@j8v^V;moder;89;tbrown@ibarra-arnold.com;49;True;996
wleonard;%3(Etk^K8B;player;52;jillian12@garcia-james.com;13;True;877
michaelaustin;Xc72Cf*o_2;player;15;acohen@white.com;66;True;345
janice86;+4GskZXEi0;moder;86;myersdanielle@sanchez.org;58;False;709
cameronjay;(9bDKeE1o$;premiuim;34;jonathan65@yahoo.com;20;True;302
underwoodsteven;#5L$9Isv%4;owner;74;erinmorris@gmail.com;67;True;45
nhuff;+UOfgGrAB1;premiuim;5;karla82@hotmail.com;15;True;511
joseph77;&gm7TVsbdp;premiuim;91;rrobinson@douglas-mullins.com;31;True;817
julie00;OZ3hWcdt!v;player;64;coopersarah@yahoo.com;46;True;314
jeanne92;d6xK5WfN^7;owner;15;maryyoder@lawson.biz;61;False;727
ebell;F)9v+GhB^1;player;72;robert82@hotmail.com;55;True;387
salazarmelinda;b^5g8DysCM;vip;16;keith80@beasley.com;59;True;705
wilsonrachael;)YunXt^IS5;moder;26;lovecrystal@sandoval.net;48;False;357
scottmitchell;pW02KTl7H@;premiuim;34;bjohnson@golden.net;36;True;278
murphyjeffrey;pXeHP7Vo@%;premiuim;39;ztaylor@hotmail.com;62;True;634
zperez;*30*tN$i%3;premiuim;58;kruegermatthew@yahoo.com;26;False;344
mary58;i%u7yDgU4F;premiuim;93;smithnathan@schmidt.com;70;False;726
jacobbrown;Y$DS2L3ioA;moder;31;michaelpugh@gmail.com;54;True;406
zreilly;)3HRjNBq^a;player;83;melanieheath@hart.net;10;True;411
jamesruiz;p(F+9Vvu*O;premiuim;14;imolina@gmail.com;70;False;614
glenda12;Qy3+FJHvM(;vip;10;mjohnson@gmail.com;38;True;396
robert70;(R1Z+CbK$7;vip;42;johnsonkimberly@clark.net;43;True;192
richardmitchell;_iBOr1Gvo0;player;29;luiscarter@payne.net;51;False;426
chenjoseph;%J_TIcqx40;player;69;amberhanson@martinez-gallagher.com;38;False;308
qrodriguez;W98AKBzU)f;premiuim;65;kenneth68@webb.biz;10;False;856
sarahwarren;b&1CmOj7kv;vip;46;nobledonald@gmail.com;12;True;382
matthew41;@0MiUI8d8z;owner;92;havila@wilson.biz;63;True;193
sarahwalls;FRlKr0qH)7;owner;74;todd67@yahoo.com;13;False;351
hornrobert;e9LfV)_(^k;player;39;iford@hotmail.com;45;True;585
watsonlisa;H&O4Cix5L$;premiuim;60;mikecarpenter@davis.com;10;False;401
pcolon;(5Q#6kckJ);vip;24;campbellmargaret@yahoo.com;39;True;59
sespinoza;&F0LBc2s1X;premiuim;90;pateljoshua@rodriguez-arellano.info;39;True;268
chandlerkyle;X4ZLHSuo(f;premiuim;24;kevin11@garcia-smith.com;56;True;472
qstanley;8*8Al5d0Wm;moder;87;zrichardson@maldonado.com;30;True;514
mario72;_3@GO*bk#U;premiuim;21;deborahhernandez@taylor.biz;15;False;266
kjohnson;#8+kNigLG4;owner;94;patricia90@yahoo.com;60;True;436
smithdustin;9@%t1Wt4&I;owner;91;patriciapetersen@yahoo.com;64;True;80
griffinchris;k8rWLxia_);player;32;clarkpatrick@nguyen-turner.biz;63;True;498
manningsean;&%40Ul5)_M;moder;18;christophergonzales@yahoo.com;64;False;452
whiteandrew;38NaT#+!(v;vip;34;qtaylor@gmail.com;45;True;507
loganlisa;E(1%aQWnA+;owner;61;james93@fuller.com;12;True;465
corey82;l0YusqF!@5;moder;20;ortizelizabeth@hotmail.com;63;True;575
patrickchapman;Id0AJTjgc#;moder;45;jimenezkimberly@yahoo.com;66;False;759
jessicagould;56GMgYVc+(;owner;83;angela99@turner.biz;18;False;523
tanner47;Eo)3UOscar;moder;3;gabriellabrown@gmail.com;51;True;931
uhuynh;QN!5fDqmL9;moder;57;hcampbell@yahoo.com;70;True;254
manningderrick;Q*TOx74yvW;premiuim;29;josephlynch@jennings-myers.info;29;False;17
jaimewells;!r8Ywcg^57;player;71;william43@bradley.com;41;False;130
walkerscott;bV%2UNm1^o;vip;32;james85@mccormick.net;37;False;924
christopher23;_LP2b3vwv@;premiuim;99;rachelchen@hotmail.com;49;False;372
ashleyharrison;2_4IE_Vsg!;moder;28;gday@watts.net;22;True;145
warrenclaudia;&34_!(!fGX;premiuim;59;scottjackson@jones.com;32;True;641
brittanysimmons;4c2D)_Dvg^;vip;90;shannon85@yahoo.com;22;True;809
mccannrobin;i0%L3cWntV;owner;32;robin95@hotmail.com;56;True;509
terryjennifer;NuX66YITr@;player;20;alandeleon@yahoo.com;24;False;395
rosalesrachel;)3(1Ss&J5%;owner;74;hillchad@gmail.com;36;True;764
carrie02;K!l2RUoU+8;moder;49;evansheather@cardenas.org;37;True;3
ronald23;Qx7xwS1Au#;owner;8;bmays@jackson.com;62;False;316
perezhaley;fox9yVGoH%;moder;36;mmartin@frey.net;47;False;685
spencerjonathan;&4!Vk^ucK*;premiuim;33;phamchristina@gmail.com;44;False;762
jennifer18;&bGdLeFh0B;owner;55;ycollins@grant-crawford.com;64;True;23
hannahjacobson;*36&v0LbE*;owner;2;melissafischer@hotmail.com;14;False;471
jennifer48;)LIup0xmS6;player;58;williamsmargaret@williams.com;11;True;594
jill38;1y1wC4K0+9;moder;85;david22@brown.com;35;True;853
osalazar;t^dTC7w++5;owner;31;teresaanderson@sullivan.com;50;True;226
jonathan29;A4QIIao3#v;player;60;kdavis@allen.com;70;True;848
kimstewart;q#m*6dHo6f;premiuim;0;sawyerkathy@yahoo.com;13;False;532
shawn66;^sXHvhdkO8;owner;53;cjordan@johnson-young.biz;25;True;391
wheelereric;i!rG5PYz&2;premiuim;80;andrea60@yahoo.com;40;False;959
jodylane;l^A6BUJta$;vip;99;damon51@henderson-wiley.net;10;False;991
kevin07;@VHNvs@)6U;moder;71;holly02@hotmail.com;64;False;676
meadowsdanielle;(7qW*FJl&8;moder;48;zbarnett@fischer.org;15;False;920
melinda45;M@K5WS_o+W;moder;40;davisdavid@thompson-adams.info;29;True;450
lewisrobert;%2SVc$shes;owner;9;fraziershawn@yahoo.com;22;True;596
yroberts;X6JGEaxH*b;owner;64;vholt@gmail.com;36;True;581
aharrell;*WVZT$nx6&;player;61;vdougherty@hotmail.com;22;False;212
miacraig;+uw_Wlo35J;premiuim;8;susan25@schaefer.com;65;True;94
joshuagray;$B0m0DCltE;premiuim;88;lisagarza@yahoo.com;11;False;217
sharpchelsea;z+0eBE_j(E;player;56;gregory18@gmail.com;24;False;126
krystal99;tOUaF38W@3;owner;8;wilcoxjennifer@yahoo.com;65;True;995
vanessaherrera;+3YBhtthbN;player;81;lindsey88@hotmail.com;23;False;317
phillip45;*01UDca1w2;owner;1;donaldmartinez@gmail.com;56;True;993
pamelatorres;$5o$AO+y^#;owner;63;isanchez@gmail.com;18;False;628
garrettmatthew;2J839URg%e;premiuim;96;robin54@gomez.biz;22;True;493
dtorres;$HHHFa^x(5;moder;46;danielleweeks@yahoo.com;26;True;506
terrisimpson;)33RlZi8t*;owner;55;chaselawrence@richardson-keller.org;33;True;907
doconnell;hZy0UNVq&d;owner;55;cmartin@reed.info;67;True;547
isabelsmith;(b5K0XomE6;moder;82;jeffreystewart@jones.com;67;False;694
johnatkins;%1O@ZAKe%M;player;99;sanchezkathleen@oliver-hicks.com;50;False;361
brianna11;Q4bGLSjl!4;premiuim;75;burtonmeghan@flores.com;31;True;861
patrick64;%jeN5$UdB8;player;49;stevenmoore@garrison.com;29;False;670
bwalsh;@o+1EbGw1h;vip;99;ncardenas@lynn.com;26;True;474
brianhess;)tzqSFHhH9;owner;31;hgreen@yahoo.com;19;False;824
wrice;FcoPV@$J!8;player;20;nancyolson@hotmail.com;39;True;608
kimberlyrogers;LT_5FO9q)6;player;22;joseph52@ramirez.com;13;False;977
patrickfisher;g38GdTWX^f;moder;48;terrybaker@yahoo.com;13;False;656
justinmoore;1$CX146mTG;vip;21;ricky19@yahoo.com;27;True;987
michaelmiller;^6XFwoGbEu;premiuim;85;dylan54@gmail.com;63;False;610
dominguezchristopher;$32r4XMm&3;premiuim;58;alleneric@gmail.com;42;False;384
johnsonjulie;)4KjmQ7fVt;player;91;hollandleslie@orr.com;45;True;321
joshualarson;%zJnVpxT08;moder;44;mullenjames@gmail.com;31;False;35
scottlopez;T$@!3N3jqW;premiuim;78;taylormichele@yahoo.com;29;True;887
bryanross;5@0bISsDHv;player;93;philipserrano@gmail.com;19;True;405
zlopez;t%_9QUwzS&;owner;89;ericlarson@duffy-hutchinson.com;67;True;500
lgoodman;E_1lXPiU7f;moder;75;kristinahunter@hotmail.com;31;True;749
wallacejonathan;$9QMOigaoA;moder;35;gmckinney@ross.com;42;False;356
nicholasday;Wy7R1NK3I);vip;9;foleyjeffery@baker-pierce.net;67;True;804
misty26;1W%1hP9e(1;player;4;bclark@hammond.info;46;False;170
susan64;(^UL0EGdm7;moder;60;ashlee31@gmail.com;34;False;249
richardjohnson;j_&Ct0bqHX;owner;46;melissa56@washington-jackson.info;52;True;160
laura02;mk_9HcpZ2&;vip;13;stewartgina@yahoo.com;63;False;439
robinsonandrew;_6_Sq4GZJs;premiuim;82;anthonyparks@schmitt.com;54;True;131
bairddominique;6b&Ui_aU%@;player;55;ryan27@skinner-obrien.info;35;False;792
gomezmarissa;U#2%CtBdAX;player;81;itran@gmail.com;52;False;133
mariaroberts;Gj9Bo9%m!*;player;39;johnmartin@gmail.com;21;True;928
nicole85;1eZIJ9K5(%;moder;26;jclark@gmail.com;15;True;826
donnafarley;!64$ToCS9v;owner;31;stevenreilly@cook.biz;15;False;180
dennispatrick;#f(F&n&QV1;owner;52;lopezmadison@bauer-taylor.biz;30;False;868
melissasmith;^9gNUu9H#d;vip;41;brooksalexander@brown.info;56;False;593
michellehampton;z5Jhp!Qe!%;vip;56;grahamjulia@davis.com;40;True;829
georgedavid;A^5ZRvYaLH;player;67;angelicathomas@yahoo.com;23;False;55
kimberlygordon;*AZ8LWb%dr;vip;4;castillorebecca@ford.biz;38;False;503
davischristina;#m4U)0Xn6+;vip;13;tonireid@hotmail.com;17;True;921
cdavis;!d5P#^v)!!;vip;29;randy29@gmail.com;58;False;54
beasleychristina;Q6$(CjUH@9;moder;38;fduncan@hotmail.com;55;True;13
melissa72;hXV)u3nc)7;moder;90;ricemelissa@yahoo.com;37;False;630
melissa89;_9NdOwx*m8;vip;24;jennifer46@walsh-pacheco.com;34;True;597
lisa84;(kIjFRnC3%;player;47;josesmith@gmail.com;44;False;191
lmoyer;Bl(5tIs+(Q;vip;32;blopez@gmail.com;61;True;182
teresacontreras;$tGc5IBbX3;player;81;wallaceaaron@parker-chavez.com;29;True;300
christopherfinley;)LJ(dsTlu3;moder;22;vpatterson@hotmail.com;61;True;892
williamsronald;maGjOaWu#0;owner;7;teresa09@hotmail.com;16;False;352
kharris;5bs3HYcSC+;player;72;timothychristensen@yahoo.com;42;True;397
charleslynn;)WtlW*iiY1;player;37;michael88@campbell-zimmerman.com;25;False;175
kmcdonald;qaRSFTTv*8;player;6;plandry@gmail.com;47;False;742
abigail92;AQg4BpWyu#;vip;64;robertgonzales@hotmail.com;61;False;247
ilarson;oLqq*6Zoku;player;12;johncruz@gonzalez.info;65;False;651
austin51;Ouw_d1Fk*Z;player;37;dickersonbenjamin@terry-wells.com;17;True;97
simonjoseph;T5jG3J1e$k;owner;57;hcochran@fletcher.com;21;True;911
kweber;A&x0jGbruT;premiuim;65;gregory42@james.com;61;False;859
hjones;a7Hg^iDm&k;vip;21;blevinsmichael@kelly.org;49;True;872
danielbennett;+Gq%h7Wy#^;moder;64;ccook@griffin-jones.com;21;True;629
gproctor;+42@WbAn@B;premiuim;51;rmendoza@phillips-mendoza.com;63;False;398
mary09;fRCGug77&6;vip;48;maldonadojames@pham.com;39;False;402
kimberlybates;w0%E3hMm@F;vip;19;christine23@cruz-bernard.biz;30;False;44
matthew85;@@3I&WvMXR;premiuim;35;david81@yahoo.com;22;False;67
lawrencedawson;^3BY%j5LXn;moder;25;vskinner@hernandez.com;49;False;945
lriley;*ew1FM4Ib3;owner;47;hernandezsamuel@george.info;65;True;6
mary19;6CQ1h^ue@$;premiuim;37;wendykrause@gmail.com;61;False;638
timothy47;al7SOfy!N+;player;55;uhowell@gmail.com;17;False;211
cody21;(03HCGgO5k;premiuim;93;santanajoshua@hotmail.com;34;True;461
nanderson;C2Z0SA5j)p;premiuim;97;melissabrown@hotmail.com;42;False;659
kendra59;*6UTMhPno3;owner;11;carrie65@schwartz.info;10;False;799
bakerjamie;51)U4xQ!*l;moder;35;rdavidson@gmail.com;14;False;102
hpitts;+Vc4HAmoy6;moder;33;stephanietaylor@gmail.com;51;True;51
andraderyan;$Ll8yA5cju;vip;58;iburns@vasquez-roberts.com;32;True;970
ejackson;_w^MOAIHc5;moder;1;slopez@lopez-armstrong.info;41;False;221
pwaters;*VEoVEveR2;moder;55;knightjared@sullivan-shelton.net;30;True;43
phillipsryan;@81Tc5HDK6;owner;45;tjoseph@martin.org;37;True;834
ricestephanie;Q%w(5ZxvYr;vip;71;barnessteven@bradley.org;20;False;522
james64;A*7RamiA+b;moder;13;whitejohn@morgan.info;45;False;412
matthewoconnor;)4mR@qb_a4;player;29;emily74@jones-gordon.info;64;True;546
johnhall;88tIyTQi*V;premiuim;31;christopher38@yahoo.com;25;False;431
norma79;L+^d1DwqiX;moder;14;gardnerfelicia@nguyen.com;29;True;32
travisroberts;Q)LAY6EhFH;premiuim;63;ianderson@gmail.com;47;True;208
amy62;)k#Cb&nl&0;player;0;tchapman@hotmail.com;57;False;558
slarson;ld)4FgXW^0;player;90;sarahsmith@hotmail.com;33;True;873
jimenezbrittany;(0!6KKlng*;vip;6;etownsend@pena-robinson.com;44;False;904
connor59;@iz7JzCJuy;owner;9;johnsoncarol@hotmail.com;70;True;677
johnsonjose;$TDpk5uo2F;owner;22;lauren95@yahoo.com;70;True;476
melissaadams;(MXkGOuCi7;player;81;davislisa@yahoo.com;26;False;599
dianemercado;OaO0eDWY%7;vip;51;jarnold@hotmail.com;32;False;852
danielmay;(S5YqopbaQ;premiuim;52;murraygina@hotmail.com;57;False;438
eric01;4)09I(ov*d;player;94;johndickerson@daniels.com;50;False;255
cookcourtney;EA4RcQ2K+E;premiuim;16;waltersjames@king.com;21;True;473
mark13;Rf(ks0ZtoX;moder;13;xvillegas@yahoo.com;41;False;815
jerry41;5N)54EVhjd;moder;100;adam34@craig-jordan.biz;14;True;446
jared04;B$1epOTN4h;player;96;duncanrenee@yahoo.com;64;False;526
lindsey23;0&cA2hZq6U;owner;51;brittanywashington@gmail.com;16;False;326
meganschneider;+*ssAq9l^0;moder;22;bwolf@hotmail.com;64;False;414
chelseajackson;E#1Q)LnlOc;vip;19;vmcknight@yahoo.com;37;False;616
garrisonsharon;^#OM5u_f0Y;owner;50;teaton@hotmail.com;69;True;188
wilsonraymond;Z+6Tc1ywAg;player;8;kpatel@gmail.com;12;True;388
mark82;%n2hNZnpCG;moder;84;tsimpson@klein-adams.com;19;True;48
igregory;#l2NDQxYyh;player;40;daniellesmith@yahoo.com;60;False;304
ubrooks;ZP(@3UHh#o;moder;20;tammy19@brown-medina.com;30;True;652
dennisjennifer;Z^sPkgJQ!4;moder;16;ismith@higgins-jordan.net;24;False;149
psmith;^1X3lTJdwX;premiuim;78;uwaters@yahoo.com;31;True;437
candacemccarthy;8!y__I1s^Z;premiuim;82;hnewton@yahoo.com;19;False;603
ilewis;(ORJHgnD3C;moder;42;ruben25@miller.com;10;True;146
christopherbrown;+0Bkx^iBX6;vip;43;danielzuniga@hotmail.com;57;True;392
thoward;%J!8Ee5xvQ;moder;85;kevinmaxwell@kelly.biz;12;True;894
dfuller;sD5P25Id+x;vip;18;vbradley@yahoo.com;44;True;528
xrichards;49+)8R@g^R;vip;96;debbie95@gmail.com;31;True;765
hcarpenter;*7#tfDgs1x;owner;49;timothy24@ho-harmon.com;40;True;31
jmccarthy;)0bmE_MkYM;moder;57;dzuniga@hotmail.com;24;True;897
matthew02;MLXprpet(2;vip;43;rachelbrown@yahoo.com;19;True;453
mho;$@7z5YVc(Q;premiuim;57;millselizabeth@callahan.com;41;True;241
ithompson;k9$QgD1y(1;premiuim;0;theodore51@hall.biz;50;True;466
vanessaquinn;E*7xdIv^h!;vip;85;morgandavis@washington-garcia.com;59;True;990
ashley69;+4xrZ#noPh;vip;28;lopezjessica@nichols.com;14;False;700
cynthiasimmons;7^8#*VMkNp;owner;28;bennettemily@hotmail.com;10;False;480
rodriguezdeborah;*CCIy6)Bs6;vip;99;anthonyrocha@yahoo.com;44;True;303
daniel16;Lk@Sws&N_8;owner;92;cookcarla@yahoo.com;66;True;930
fibarra;*i8eoLkwS4;premiuim;50;kenneth16@dickerson-brown.biz;51;True;62
brian18;I1v1SZ%g$8;player;81;duanelane@watkins-benjamin.org;40;True;440
donaldstafford;Qt5+r^Lu&W;premiuim;85;abbottchristina@hotmail.com;36;True;394
ronaldmccarthy;yE!P9SrC2$;moder;27;brenda08@yahoo.com;50;False;100
kbrooks;AYj^26Ydz!;premiuim;46;cobberic@gmail.com;51;True;218
kmiller;I6KjvyfI*x;premiuim;18;robin25@yahoo.com;21;True;951
brownjoshua;q!&K$STm53;moder;11;steven88@gmail.com;60;False;70
sjames;qVdn39mgR*;player;30;collinsjohnny@walker-rivas.com;62;True;282
beverett;)(%4UJYoV#;player;78;kristine89@oneal.net;13;True;428
gordonkayla;R82&UeTb%0;premiuim;82;vasquezkatherine@gordon-tucker.info;15;False;429
davishayden;_QtFociz9s;player;32;zfields@hatfield.com;18;False;953
hpeterson;!5A_qI&V1R;player;73;dhernandez@cooper.com;22;False;689
joshua16;x^zm1Sa%BO;owner;29;wrios@chavez-chavez.com;28;False;586
martinezdavid;_ZSM4FlHm1;owner;65;gmcdowell@griffin.biz;30;False;264
rose09;%5Zd0v_%ac;player;37;ginazimmerman@roberts.biz;28;True;969
marcus12;6)5HMfB2KA;vip;25;shelby44@hotmail.com;48;False;327
jose76;T^64CPJuCq;vip;18;zburns@hotmail.com;42;True;21
melanie36;52Gqa15$*s;premiuim;93;brittany71@johnson.com;31;True;675
loganwoods;d13A7nDe)V;owner;62;shawn33@hotmail.com;14;True;98
wchristensen;Yh5J+jp$*8;vip;32;tony92@snyder.com;25;False;280
william29;fnZv4rJZ^7;vip;87;gregory79@montgomery.com;11;True;781
francischristopher;2t3D^oKkw);premiuim;92;fmorgan@baker.com;67;True;549
richardmartinez;555Agddl+^;premiuim;36;taylorcharles@hotmail.com;62;True;163
cwheeler;#4XRP2Mswa;player;87;casemicheal@yahoo.com;18;False;518
mmartinez;4cVj%6EnF&;player;18;amykelly@yahoo.com;21;True;609
vasquezrobert;q&1I(*fe!N;vip;36;nicole45@cohen.com;48;False;777
robert94;1yaOcks_+1;vip;74;janettorres@hotmail.com;65;False;745
lori13;I+1Xsva)1P;player;93;jessica62@yahoo.com;57;False;174
perezjeff;$T16Hzmnz(;vip;42;zdonaldson@gmail.com;36;True;29
barrjoseph;E)0qp6x!DS;player;36;tammysmith@yahoo.com;24;True;237
leah33;kM$93H+w1i;moder;34;csimpson@gmail.com;42;True;620
maryclark;@xKZqEyvs4;player;90;umurphy@kim.biz;64;True;525
micheleperry;+XS1S@k_J0;owner;80;floresdavid@hotmail.com;23;True;710
diazjoseph;$s56GQf#Mx;player;38;fergusonnathan@campbell.com;34;False;952
brettcole;3hfEzk8c#2;player;58;kristina41@gmail.com;32;False;512
singletonmichael;&8OtJjzt*I;player;15;shelby20@yahoo.com;32;True;767
tadkins;vPhi9ZPh)u;player;10;michellecampbell@white.com;12;False;116
christinawagner;8WXSXbNx%3;owner;84;mary37@owen.org;44;False;225
uhardin;@2CZGt(Bzs;premiuim;55;rmiddleton@burns.com;23;True;209
sherry20;^80%Vnx8R6;moder;61;georgeamanda@matthews.com;15;True;482
mmullins;+fy68BhG__;premiuim;61;melissa52@hotmail.com;30;False;169
stephen99;1L76Dj7aJ!;owner;78;hunttamara@gmail.com;10;True;998
kristine31;4(667sXlw^;vip;99;silvajonathan@lopez.net;64;False;818
danielle91;7S3#@ODhS+;premiuim;32;acole@yahoo.com;34;False;155
roberthodge;(9ofMiVLTd;owner;99;jayanderson@hotmail.com;31;False;222
mauricewoods;2vQu*Ow+&T;moder;1;jodimartin@sandoval.com;68;True;636
stewartluis;2Z*L#3Vul#;premiuim;41;perezkathryn@schroeder-cantrell.com;54;True;796
kevin76;*K2@8Ba$ui;player;0;leslieadams@yahoo.com;55;True;364
gschneider;(xZHb8+&2J;player;95;brianobrien@medina.info;16;False;858
rodriguezbrandon;W*d2PCtV^d;owner;55;ithomas@barrett-valenzuela.biz;51;False;604
marc00;S&3*TWWfdT;vip;72;robert15@gmail.com;36;False;19
rcarrillo;BC5PGDQo#Q;vip;80;sydneyanderson@gmail.com;38;False;639
theresasmith;_yozFC$tj0;moder;18;jennifer01@gmail.com;69;True;284
kimberly28;@AI_t7lQ69;player;15;wcampbell@hill.net;34;True;167
ellisjeffrey;+)hrXVebl6;player;49;jgarner@gmail.com;24;False;903
mlogan;%hYI3LYj$n;moder;82;russellwendy@hotmail.com;41;True;515
rdoyle;az*&2P0q35;moder;15;claytoncharlotte@hotmail.com;63;True;735
robert52;)35bBeWBk+;player;3;jwaller@hotmail.com;62;True;793
millerholly;)2TCaPwl$2;premiuim;77;williamsevan@hotmail.com;68;True;111
tyronecabrera;%5VNjXgCgq;owner;91;adrianpatterson@gonzales-avila.net;62;True;786
angelastewart;h1ScHMfb*p;moder;60;perezanthony@gmail.com;13;False;124
cindy03;O#4z7Z9jgf;player;73;vharrison@ellis.biz;35;False;332
caseyconnie;kNX3Wtfi_O;vip;16;nguyenalexis@wright.com;45;True;127
laurahays;EB*!T4Jqnj;premiuim;21;robertskathleen@colon.info;39;False;538
jimmybell;_$6VZvjzf2;player;59;hollyking@martin.biz;44;True;258
cassandra26;#2VD1!f_*+;owner;51;whitethomas@salazar.info;56;False;214
tcross;T^ct91Np&V;owner;22;csanders@murphy.com;14;True;738
carmenkaufman;&rkX49jH%9;owner;91;erinmartinez@hotmail.com;14;False;292
chadprice;P!8TyyhdC$;vip;31;dwayne07@gmail.com;41;False;588
dmoore;9qB$llbF(6;premiuim;3;mfrench@hotmail.com;44;True;536
rebecca58;0#DvWdqk#Z;owner;64;eatonkim@hotmail.com;25;True;91
khancharlene;y65DQUpW5(;premiuim;98;richardjohnson@allen.net;43;True;203
heatherhernandez;zL&33OzWeK;moder;84;qhernandez@perez.info;19;True;587
lewismelissa;Dv3F&wyk)$;moder;40;jennifertrujillo@charles.com;62;False;114
pprice;l^sW6Q)h(q;premiuim;74;dvang@vaughn.org;34;True;787
rmyers;*!3Ap3pcg&;vip;64;deborahpaul@hotmail.com;44;False;427
sullivanjerry;()4Rfi!s3m;vip;80;hilldebbie@lawrence.com;66;False;199
scotthunter;*@4wbDctUo;moder;46;acompton@hotmail.com;43;False;881
robert85;sU5V%@Rm^*;player;41;olivia19@gmail.com;29;False;835
reillykelly;^Jt6Yafte2;moder;64;paula38@martinez.com;58;True;880
kathryngarcia;U5EC6ll1^0;premiuim;77;brittany36@yahoo.com;29;False;63
wcampbell;6wkBQz3(+y;player;56;williamreid@hayes.biz;17;False;281
michelle66;fk0@LSPl^e;vip;76;jameshays@duffy.com;47;False;236
collinswilliam;E7A_0Ea(%W;premiuim;67;paulalopez@yahoo.com;21;True;18
matthewpatrick;i@F0T%Wt3Z;owner;50;ashley40@gmail.com;63;True;883
gaydavid;w8oRhrkw#@;player;83;samuel34@walker.net;32;True;875
kaiserkathleen;OfE#3IUxCL;player;11;ccooper@hotmail.com;20;False;117
lisa47;3I+j!0EdpA;vip;85;huffmandarlene@gmail.com;14;True;88
qthornton;E4WoFx3G)n;vip;82;brandi61@clark-pope.com;63;False;74
melinda73;MHQV2X^io);vip;59;dmiller@dixon-baker.com;45;True;324
omiller;0$wMhzGz!I;vip;57;joseph97@yahoo.com;68;True;123
kramerharold;4v05XRi)$w;premiuim;52;chayes@russell.com;69;False;118
williamsjill;2)8Phr4%@%;owner;85;snyderjeremy@wright.net;37;False;419
chelseybenson;j9aBvNbN^+;player;14;lynchanthony@hotmail.com;48;False;417
smithheather;K^0BzR*T(4;premiuim;22;lawrence34@gmail.com;18;True;432
brandondavis;_yh4SMtzr4;vip;4;travis80@gmail.com;10;False;561
frussell;%2(K@@a!fd;moder;65;mjohnson@hotmail.com;60;False;20
lewissara;@4kP%UQmqt;premiuim;4;danielmerritt@yahoo.com;29;False;681
thomasmarcus;^&YiD@nTq1;moder;68;mhernandez@yahoo.com;59;True;261
kimberlycole;3Bo3#Fn*!M;vip;17;tlopez@hotmail.com;67;True;898
donald55;jc8Mvz(k%);vip;61;mercermatthew@martinez.com;44;False;917
leejessica;RO*5Js+Ec9;moder;32;sarah52@hotmail.com;62;False;739
morriscourtney;b$$3TXPsgf;vip;70;jamesrodriguez@wong.info;39;False;934
moorebrett;f79NIne6_N;vip;24;thomas99@melendez.com;47;True;390
aprilmorrison;L%A2JFd6^f;owner;75;timothy60@yahoo.com;14;True;539
nicolecabrera;$0pNIFfL!8;vip;94;elizabeth78@yahoo.com;12;False;257
floresrobin;mc6YqtDV%%;moder;97;lisa09@fernandez.com;62;False;468
hhenderson;)vxIc#*B7e;owner;63;wlee@hotmail.com;19;True;318
beverly67;pG_G0PN1!4;premiuim;55;tuckertheodore@hotmail.com;19;True;946
scott45;%5^F&e*glr;owner;42;hjackson@conner-hicks.net;17;False;159
maryherrera;fr1XJqPeq);player;96;brent22@hotmail.com;20;True;81
kellymendoza;vW1e#9Cb$(;owner;52;richardhuber@hotmail.com;28;False;683
fvelez;30E4LPGwK);player;79;stephen55@hotmail.com;37;True;510
kellysimpson;!g41*tBg(@;moder;84;johnnelson@yahoo.com;58;False;692
brian51;EC5G2p^G$2;vip;42;coopereugene@crawford-esparza.com;38;True;295
joshuacox;_&7_$4Rl^Y;player;37;bvaughn@gmail.com;27;False;678
phunter;)YLwPh4Eh6;vip;8;wellspaul@pearson-johnson.net;70;True;362
melissaconner;(9J*64rYXK;player;30;michelle00@padilla.com;63;False;477
sandrade;!pzKAgxMN2;vip;76;david16@thornton-berry.com;48;False;53
xgarcia;4Fj7KTlo&H;moder;73;sandramoore@thompson-freeman.com;18;True;637
nwilliams;0x_B6Hnfh#;moder;31;morandennis@glass.biz;44;False;802
brian60;s9AgnQjE@t;owner;81;patricia92@yahoo.com;63;False;837
wfitzgerald;@pKL6MOB^9;vip;60;nguyencraig@gmail.com;53;True;378
mendozabilly;_sL0TAn+7r;premiuim;8;lunatimothy@king.net;70;False;820
maldonadoshane;@@V(K0PcA3;moder;24;fbarnes@meza.com;70;False;68
waltersvalerie;f+J6Ec8BZo;player;27;drakejulie@davis.com;11;True;521
fyoung;25sB3Y!t)o;vip;13;nwilliams@silva.com;23;True;294
fgibson;JdeO6uFL+9;premiuim;13;hammondbeth@fletcher-walker.biz;49;True;270
urhodes;bm%83G^Z+);owner;36;michael43@huynh.com;61;False;183
thorntoncolton;Dn_bl1PuvE;player;36;curtisdaniel@hotmail.com;13;True;557
laura27;v@a4h#Tp&4;vip;45;atkinsonadam@gmail.com;46;False;219
nicholasdaniel;(@(c8Xvudf;moder;15;wmunoz@johnson-levine.com;63;True;267
moorekathy;u!X2oHc1Rg;moder;79;foxlarry@harper.org;36;True;492
howardstacey;lNGqPyyQ)6;player;53;jenniferhines@hotmail.com;42;False;248
jblackwell;MF8MMbwYE@;moder;9;yherring@gill-garcia.com;12;True;61
schaeferangela;!5jZ2(c2E4;player;46;zgutierrez@yahoo.com;62;True;701
rebeccavincent;@9xdXq0nq$;player;4;hensonstephen@gmail.com;63;True;602
kirbymatthew;@M^7BF+vg!;premiuim;98;veronicalee@montgomery.com;36;True;242
morriszachary;keMJQN(2&2;player;81;kaitlynhowe@bartlett-chavez.info;11;True;449
nicholaswilliams;^657ZA#i_b;vip;93;halldonna@pratt.com;28;True;734
julia75;1%qQ5llnVC;premiuim;7;brucespence@johnson.org;50;True;855
zunigajohn;hl0MTSnJs_;moder;68;riveramegan@hotmail.com;27;False;259
richardsashley;&XvQMYRt30;vip;10;gregory73@chapman-duncan.com;61;False;740
christopher91;*c0Z04pN_H;moder;37;martinkeith@gmail.com;67;True;457
dianafischer;+2iSTP2r+d;player;92;gatesjesse@hill.com;20;False;213
wjohns;bSl+)8OlwP;player;65;mccoyjeffrey@smith-strickland.com;12;False;84
andersonzachary;BxC*_Je8*4;owner;17;dylan41@yahoo.com;53;False;780
gregoryyoung;S1SjH5i(^c;vip;13;laura39@brown-carson.org;15;True;109
david45;XDsS*8Wc4I;moder;65;xcook@gmail.com;64;True;459
jennifersutton;Y74C15ZqW*;player;77;linda89@trujillo.org;23;True;475
brandonlawrence;+RRXL$1ec1;player;80;stephanie36@may-williamson.com;43;False;2
richard18;hYcoAyhk%1;owner;87;rebecca79@key.com;28;True;633
zmitchell;z)8E!09d7x;vip;83;herreraanthony@davis.org;23;False;216
eosborne;H@0GrE7qqc;moder;42;kristopher47@parks-serrano.biz;34;False;540
nicole59;&H4hyxMl^v;vip;95;flemingstephen@yahoo.com;17;False;555
xhenderson;w6gTCYQb$l;vip;87;amberjoseph@baker-fields.biz;22;True;980
lisabyrd;QmJ8V*9l%W;player;18;fgonzalez@ramos.biz;12;False;96
jenniferjones;@3peL96l*D;player;70;staffordcurtis@scott.com;13;False;256
vincentking;I**gE4Fgjo;player;85;salasryan@gmail.com;62;False;230
billy91;G$i5PIwY*Y;owner;64;rhooper@barnes.biz;58;False;60
teresawalters;)_U3#SeiG2;owner;64;santosmichele@yahoo.com;56;False;366
karenclark;(4E1PZge^t;player;9;grimesalexander@arias.com;17;True;371
jpatel;+en7NFp(&7;owner;90;warnerjessica@mason.com;56;True;933
mnavarro;AE2RR7aLN_;player;26;edgarnoble@mcclain.com;14;False;674
andreablackwell;%YV0XgL9L1;vip;25;russell73@rangel.com;52;True;932
halllarry;)3J2EbQ+cl;premiuim;23;donnaolsen@johnson.org;41;True;679
gsmith;f$3zI(ek+K;vip;39;michaeldixon@hotmail.com;51;False;95
petersonkeith;8Q@Zulkq%3;owner;39;danadowns@yahoo.com;27;True;164
dalton69;mL6AiT%&E);moder;79;carrieperez@henry.com;21;True;849
jeffrey94;b+bj62Tz(@;vip;57;johnsonchristopher@hotmail.com;31;True;41
stevendickerson;q65TyTam+d;premiuim;75;aliciacole@yahoo.com;62;True;828
dhouse;a33R#a2d#Y;moder;47;watkinsbobby@levy-browning.com;15;False;712
danielthompson;(Y7GvvmJCK;vip;16;pgardner@yahoo.com;51;False;442
madisonmunoz;JdOK!8BDk@;owner;60;petersonangel@cain-jones.biz;51;True;381
johnmartin;g(s_V0RrdU;moder;71;arthur33@barnes.com;30;False;106
bushwalter;h$5X6gEBPK;premiuim;27;diana65@reed.com;25;False;269
brian97;%j!Z5!PC@0;vip;77;danielle84@hotmail.com;66;True;178
wardscott;ZG6X@wo3_u;vip;33;michaelbond@spence-guzman.com;55;True;923
sking;ez88RFmc+8;vip;36;heather25@hotmail.com;34;False;377
smalldustin;e$o2LlLmPr;moder;82;danielvaldez@green-lynch.org;58;True;7
listephanie;t_f5x9EG@b;moder;96;pfriedman@hotmail.com;54;True;808
lanejennifer;S#50KSVnF#;player;29;whuerta@yahoo.com;56;True;531
craigbrennan;^bK*to6U19;moder;89;michealswanson@hotmail.com;64;False;125
yclark;n0G7Pt%t$F;player;37;adamgray@hotmail.com;43;True;534
nmartin;%2lYc$9bJy;moder;42;wdavis@coleman.com;34;False;376
melissajohnston;@4n*Ewcr7@;moder;64;hsmith@hensley-estes.biz;30;False;489
joshuajordan;P)c2PIs+8H;owner;89;williamburns@hunter-moore.com;11;False;297
powellnicholas;)7ZRFz8nF4;player;83;karaallison@house.com;55;True;713
barrerachris;G$2dWN*u@M;moder;64;curtiscurtis@gmail.com;24;True;562
whitelaura;%QWTOuN(8$;moder;57;jameslaura@gmail.com;49;False;643
imoses;K(Iq9Faap+;owner;20;ashleywebb@hotmail.com;51;False;821
grahamgavin;aD5gfeKr!1;owner;59;swilliams@hotmail.com;59;True;85
brittany77;DHYzaCWa)1;moder;83;david98@smith.biz;18;True;349
ryan21;6j+5U$nALR;player;34;fmendez@gmail.com;35;False;115
frank60;_MHr9WIb&m;vip;18;leontodd@hancock.info;56;False;956
lindseywatson;u!$V)3NmT2;owner;17;zachary19@hotmail.com;58;True;200
caseyemma;*bo0My%V(_;owner;81;michaela11@morales.com;53;False;306
smithdavid;&3lFxshg(!;owner;43;acostabrandon@hotmail.com;10;False;806
morriscraig;I_1TxvMy^s;player;67;lisajones@hotmail.com;62;False;649
delacruzmichael;J%dF75Vjj0;moder;95;shawnayala@hotmail.com;25;False;108
elizabeth47;z4Ja8kou^r;moder;3;eric46@yahoo.com;45;False;298
zhurst;Kq%e$8Qt^0;vip;15;allenjennifer@yahoo.com;58;False;154
darrell38;e9C8R3^R@o;moder;0;natasha15@hotmail.com;59;True;771
nicholsbrittney;^+n2DJyc_^;moder;21;tparker@yates.net;63;True;832
ryan10;$7NLydTD@j;vip;39;wmatthews@yahoo.com;26;True;703
vickifloyd;19Krx^FE#*;player;34;amandamiller@yahoo.com;57;False;803
jgonzalez;#kb9fiGhaP;player;59;matthewthomas@bradley.com;50;False;144
meganroach;&+bL1SgKog;vip;8;sarahnewman@garcia.com;64;True;929
porterwendy;nMu$5eYi+o;vip;58;alicia13@jordan-wood.net;21;False;238
ariel91;mUIdPEnf&1;premiuim;83;bball@gmail.com;13;False;470
walkertyler;Q4d6)4Bti^;player;23;jessica01@wilson-barrera.com;63;False;484
christopherthomas;Tn1Q92Efu*;premiuim;1;lisabrady@hotmail.com;68;False;788
nwilson;)lE_nJbv2r;premiuim;92;kimberly82@hotmail.com;39;True;913
katherinesmith;Ebq4UHmq)(;player;6;ysmith@crosby.org;14;False;408
stephanie57;^i*vnEnex0;premiuim;2;jordanshane@velasquez.info;34;True;530
nataliemolina;*K3U!aWg#7;premiuim;79;vprice@ruiz.com;60;False;235
ucardenas;w2TUg!Gv+T;premiuim;68;gabrielorozco@hammond.info;15;False;943
maddenbrooke;qAtPA6eJ_@;player;67;browndakota@miller.biz;50;False;994
whanna;5^)u0Bz*Ls;moder;74;reynoldsnicole@hotmail.com;37;False;71
davistiffany;r0I4&XYz#j;owner;48;josephmcgrath@hotmail.com;23;True;9
bowersjennifer;@4fyMn+ISl;owner;5;wallaceangela@campbell-brown.com;12;False;654
gloria23;+YM#5DUcfG;player;61;zadams@hotmail.com;41;True;761
castromatthew;4CGbPvWM(1;player;100;zmcgee@yahoo.com;14;True;272
davisjorge;tn7JAf+xN%;premiuim;34;stephaniegraves@gmail.com;43;False;328
ryan82;)d@wNC52r0;vip;59;heathpeter@gmail.com;54;True;485
dixontony;$34xNjskyK;player;75;qmyers@kennedy-phillips.info;18;True;383
dianafoster;7aH3OYuY&+;moder;25;matthewbowen@watson-long.com;32;False;187
twong;+4g8PsZX(@;owner;0;tcolon@gmail.com;33;True;505
parkssonya;(9m9XqXdk_;moder;26;bettyduran@hotmail.com;21;False;664
henryamy;@%P!PsOzL9;player;6;melissa79@knight.com;26;False;601
ashley15;9(XA+DcZ&0;vip;37;smithangel@dodson.com;62;True;671
jennifer24;h+!5k@QZhb;player;67;matthew42@yahoo.com;25;True;967
johntaylor;u*zw63Dmmx;owner;93;brian06@gmail.com;53;True;618
gentryvictor;$pQvUBkP86;player;81;charlesburgess@gmail.com;56;True;790
gibsonmelissa;_cF%6e+AQ6;premiuim;1;rbrock@hotmail.com;12;True;78
perezchristina;*k2HqW7X_$;player;69;mitchell47@jones-matthews.net;49;True;360
campbellabigail;yN6U%Snt8*;player;46;lcruz@hotmail.com;10;True;554
amywade;4G9m@Omqw^;player;16;erinjenkins@yahoo.com;45;False;974
patrickwise;8_%G8T4z7i;premiuim;60;taradaniels@russell.com;64;True;83
ebenson;Wy4uBG^eb@;premiuim;56;rmartin@hotmail.com;31;False;961
justinwatts;q!Rkj7Pp#7;player;47;ngill@hotmail.com;13;True;365
dpearson;nhecSOwf_7;vip;81;curtis77@gmail.com;59;False;483
rickyperez;XYy11)Txk+;premiuim;81;cheryl89@salazar.com;49;True;527
juliaconner;#y3I#jAdr7;owner;98;fschwartz@frank.net;50;True;355
erinaustin;qNaWaL2R)6;owner;79;eheath@daniels.net;39;True;404
ndeleon;+H35Hy$eq7;moder;40;markgonzales@gmail.com;40;True;320
amber36;Zx4rAxbrz@;premiuim;77;bbooker@gmail.com;28;False;583
reynoldsmichelle;&2!D#QUksT;moder;77;xaguirre@gmail.com;33;True;34
marialuna;#B6RxHm0S0;owner;42;pjackson@anderson.biz;46;False;941
deannaknox;!5ev@5IsWX;vip;89;ljohnson@flynn-graves.org;14;True;889
charlesfrazier;*TfJsE3zP2;moder;27;aspencer@gmail.com;64;False;246
johnreid;TFdm4HczU&;owner;1;vbennett@brown.com;55;True;379
theodorebanks;QP6Ztj7cg$;moder;62;johnsonmark@mcdowell-li.com;52;True;119
woodwardjennifer;JmEd8$BfE!;vip;67;qyoung@dunn-ashley.com;18;False;243
smithdana;3f*0MZho();moder;89;pearsonjason@lucas-king.info;55;True;139
imay;&qRI7CcNx!;player;2;xjenkins@yahoo.com;36;True;488
joseph29;!Q122X^wW!;player;0;randysmith@mcdaniel.org;52;True;665
mharper;@DEsEG0cq7;player;25;perezjesse@avila-gibson.com;12;False;942
valerie67;p_t6WDLiH^;owner;90;kristi16@gmail.com;48;False;274
brandon84;&nOiL2Hw$n;owner;15;michael82@esparza.net;34;True;976
hawkinsterri;MW#4^8Fm^Q;vip;81;amberbrown@hotmail.com;48;True;47
rmoon;(685YUgX3a;moder;2;wilsonstacy@gmail.com;35;True;441
samantha37;%Yw6vBjiO9;moder;96;hlopez@wright-adkins.com;25;False;910
denisesantiago;r&0E#NwQX3;premiuim;28;steven73@villanueva.com;16;True;460
meganstrong;&vFnzZEj6B;moder;61;maria37@yahoo.com;69;False;494
morganchristian;@w$6M%&^24;moder;23;ronald18@yahoo.com;52;True;153
abigailroberts;CB9)5RDuvC;vip;100;bnunez@jenkins.com;16;False;577
margaret31;@7YZMnZoya;player;5;brooksadam@potts.com;63;True;513
shane62;!54JU3xoXZ;premiuim;31;megan66@taylor.org;60;False;714
juliantaylor;)gP7IChG+!;moder;15;smathis@hotmail.com;25;True;171
matthew68;E@M8zNWqR4;owner;15;vthompson@hotmail.com;42;False;939
cynthiamay;7sf1U*7c$N;premiuim;72;uwilkerson@gmail.com;31;True;524
mariomartinez;!$9KOKxWf&;vip;50;gary65@hotmail.com;24;True;906
sheltonsamuel;q&6bGYZgjZ;owner;34;rushmark@shaw-taylor.com;50;True;198
rcurry;#WQnGpxi_1;player;83;clarklisa@douglas.com;64;True;496
jromero;i1(6MvnXvv;moder;9;sestrada@yahoo.com;21;True;798
bradleykatherine;ya^I0LKa5H;vip;65;gyoung@stanley-stanton.info;58;False;784
fallen;15$2KDiaH(;owner;44;alexis44@anderson.com;29;True;24
brad08;$3_)89XaIp;premiuim;63;cdiaz@yahoo.com;37;True;985
schmidtgeorge;8(33FcC5i#;player;25;walterskristen@gmail.com;11;True;373
jasonmorales;qUKgMHU$_8;premiuim;12;pachecomatthew@gmail.com;11;True;810
brendathomas;h!3TrvI!$7;owner;17;gabriellarobbins@hotmail.com;24;False;724
palexander;iFlg0Km9^w;premiuim;25;heather83@yahoo.com;40;False;947
charleswheeler;!9rTTiEtH^;premiuim;44;adamswendy@ortega.org;70;False;626
wilcoxconnor;1o&2AwLW@#;moder;94;mjones@thomas-barrett.com;16;True;229
scottjoshua;@%4F@fNn#Z;player;56;jacobssamantha@yahoo.com;53;False;801
lisa11;t43WWNpp_a;premiuim;35;kylecollins@rodriguez.net;56;True;698
jamievaldez;5yxaCNCo#t;player;55;kelly01@hotmail.com;44;True;176
eyoung;(9mfGuh7bp;premiuim;78;iwarner@gmail.com;43;False;148
eringuerra;#@0MS9jV(%;moder;56;christine47@gmail.com;58;False;560
janice50;!Y88Dptfg);premiuim;37;jeffrey49@ortega.com;13;True;841
andrewhicks;#EC6wSQj_1;owner;13;yobrien@blake.info;37;False;231
nicole67;_zO!FVau7(;player;43;xgarcia@compton.net;19;True;541
tanderson;(1B(PGfl4);owner;42;hernandezdeanna@brooks-smith.com;10;False;607
yunderwood;!PXgjcQp0j;premiuim;66;zpatterson@leonard-abbott.biz;69;True;902
andersonjohn;kEuo_4Pb#9;owner;59;sramos@ramos.org;58;True;572
jhughes;hl3KxY7p%9;premiuim;22;kemprebecca@hotmail.com;66;True;4
william23;(w1D%$*h^b;owner;56;jason54@williams-williams.com;65;True;606
allenroberto;1UWMS)e!%q;premiuim;51;daniel11@lopez.info;39;False;374
kathleen14;G8mZg8Cq!L;owner;74;mcarr@page.com;44;True;693
perezellen;wEa2eq0rH_;premiuim;76;millerlouis@norman-mason.com;29;True;309
kevin74;K1MESI0d##;premiuim;73;breanna76@shields-jones.com;53;False;814
timothynguyen;u8L9LBza)9;owner;43;alexander51@gmail.com;53;True;874
parkchristopher;n5JMx6ju$0;vip;0;russellkenneth@yahoo.com;61;True;696
vgonzales;+M81HDMgfu;vip;96;meganphillips@hotmail.com;18;True;197
vtravis;V1Sf80CU!d;owner;54;leevalerie@king-padilla.info;23;False;313
james50;6x6Gi9kaB!;premiuim;65;stephen07@gmail.com;48;False;891
xsmith;^6wDH(x2V4;owner;67;ayoung@hotmail.com;41;False;717
jimmy76;#PoAWX5h8n;premiuim;98;goodwinraymond@hernandez-williams.com;28;False;224
rowegregory;jT^3PXiL9&;player;75;hufflinda@gmail.com;15;True;291
grose;((S*kAf739;premiuim;37;krystal27@hotmail.com;55;True;623
chenmatthew;(mOzqTtmw1;moder;71;elizabeth73@hotmail.com;10;True;386
barbarakoch;s0qmZxQz!0;vip;16;hudsonbrittany@davis-white.org;54;False;948
tmaxwell;@3y(IO6f^v;vip;63;danielprice@baker-lopez.com;11;False;196
xallen;b0#7@CIc*H;owner;62;poolebenjamin@marquez.com;39;False;769
moorecarl;%yD54SaPh5;owner;42;mary99@gmail.com;18;True;954
erin87;^_0S*dP2wP;owner;78;byrdashley@hotmail.com;66;False;857
davidbell;u_l4vD3d(g;vip;36;karensmith@yahoo.com;57;False;104
perezamy;*a5XL8ts0$;vip;80;rodrigueztracy@myers-stuart.com;50;True;341
leslie17;T&3q5!Yo_t;owner;35;melissa36@gray.com;63;False;501
frances80;)bSnop7!^8;owner;84;rickycooper@bernard.com;23;False;613
sandra41;%1DWrytoSt;vip;94;qhebert@graham.com;69;True;963
christopher00;^4JpDWHtPS;vip;32;randall70@hotmail.com;22;True;919
ojohnson;@E1LW_ascp;premiuim;33;brianshea@yahoo.com;36;True;673
angelarogers;#lMpJqdh2%;player;20;holmesandrea@gmail.com;54;True;354
thompsonjohn;8&L^wYm**p;vip;7;uchung@edwards.info;62;False;885
mwashington;fRLHM5Aqn&;vip;18;martinmosley@powell-herrera.biz;55;True;706
tyler15;$7HSX*PoWt;owner;58;garciajulian@reed.com;26;False;827
shaundiaz;3JyGrCoj$g;premiuim;46;trandall@foley.biz;36;True;940
ryanshaw;_o4Ik*dy^i;premiuim;64;grich@phillips-arroyo.com;46;False;435
matthewmiller;$JE4foee_5;vip;29;wilsonrebecca@davis.org;33;False;172
tammy64;Y6Vtlbyw(N;owner;87;ramirezjasmine@yahoo.com;12;True;791
angelajackson;3lQZkUgb%*;moder;89;david18@chapman-alvarez.net;34;False;753
scott96;ZT*oDV(h_9;premiuim;40;wholloway@gmail.com;34;True;648
rosalesjulie;J84*I_L_*e;owner;57;smithmichael@riley.com;36;False;755
jonesholly;X(7_*pCgcs;premiuim;58;courtneyjones@gmail.com;48;True;867
boydalexander;M395HWzci*;player;38;pamelamartinez@marks-downs.com;44;False;516
christina37;W^!u2wStUp;premiuim;38;monica47@gmail.com;12;False;448
stephanie65;vj2nHlPGR!;player;96;amandacurtis@hotmail.com;47;False;750
matthewrichard;aIMF1IBx)@;player;62;dphillips@garcia.com;35;False;972
jaywhitaker;OD3Y42Txp$;vip;54;tylerhall@yahoo.com;66;False;112
egray;*XB1mK*eZL;premiuim;92;james17@gmail.com;45;True;422
ufisher;o#r2&KRf&_;owner;35;conniemccoy@garcia.com;68;True;899
ronaldchavez;0h0p0HwSa@;player;71;bennettcraig@sims-koch.com;33;False;99
sawyerjorge;$1WQawoE79;owner;85;ocarney@yahoo.com;36;True;479
susanroberts;+Z(ldKYls3;premiuim;23;ohudson@yahoo.com;10;True;937
carolvilla;+wR6FP*wLd;owner;25;laura69@ryan-evans.com;14;True;8
jvasquez;__x2MyJtHw;owner;71;ewong@gardner-andrews.info;57;False;25
matthew32;(d*o7NunE7;owner;88;kwilkerson@harper.com;35;True;819
tracy38;uFj)8U1x7J;premiuim;2;valerie04@gmail.com;67;False;299
michelle38;qKmL4XEj*v;moder;87;joseparrish@morales-pitts.com;65;False;688
gconley;hyt1VcYv&t;owner;62;awilson@hotmail.com;15;True;26
steven96;$eEMWDPnc6;owner;34;michellereese@sutton-pace.biz;60;True;301
mooretraci;%ZMTrsQ1c8;owner;100;natalie50@miller.com;56;False;273
debralambert;2UXMEm^r(6;vip;85;jamie41@gmail.com;44;False;279
wvazquez;M%4OsiiboE;premiuim;75;davidpadilla@hotmail.com;10;True;584
vbaldwin;MB#j75DruB;moder;91;laurapacheco@gmail.com;70;False;662
karen05;^*6NfoxdyP;owner;97;cheryl46@mercer-potter.biz;27;True;978
dianawright;Pi02GauZ7_;vip;74;pmckay@lewis.net;38;False;285
wanda30;n@7KVeaF%V;owner;100;courtneyrobinson@johnson-jenkins.net;39;True;944
carterchristopher;a^S7AGvo$u;owner;29;wrightstephen@smith-allen.info;57;False;768
michelleclark;jZi87Z2o%!;premiuim;73;nicole16@hotmail.com;39;True;69
baldwinian;!iyhLsK(3I;player;51;jjackson@hotmail.com;54;False;971
annelewis;E^5kZsq6$c;premiuim;66;zbarry@hotmail.com;28;False;746
theresa93;ac&zErco+9;vip;65;lisajordan@mendez.com;42;True;136
brian45;lwE@8Bz+Fc;moder;73;dryan@hotmail.com;61;True;860
cruznicholas;i)f2mQI+ip;vip;74;meghan90@smith-williams.net;44;False;330
karen75;+xZwx%*Ih9;moder;88;mwallace@gmail.com;50;False;879
vaughanvictoria;(i4cC9y3%2;player;46;gkline@hughes.com;38;True;839
kchavez;@b&5IxYB#k;owner;93;elizabeth97@yahoo.com;24;True;544
bryannavarro;_%n+U6VnRn;moder;5;trevor17@snyder-preston.net;19;False;882
sophia54;a)7_8XhfVw;owner;71;shayes@gonzalez.com;45;False;469
gregorymills;q16fXWmh!&;premiuim;47;john38@hoffman.com;31;False;418
lewisjade;4R+!cEDk@8;vip;29;robertmason@yahoo.com;54;True;57
megangray;H!lI7U+kUZ;vip;97;carmen15@goodman.info;67;True;760
craig29;slSqagGS(8;player;73;laura19@yahoo.com;19;True;578
jason80;&8F6AghZ@^;player;53;halllori@hess.biz;65;False;334
rodriguezpatricia;dd5OBu$rk@;moder;22;jennifer28@yahoo.com;68;True;854
coreycrawford;+7Xag^Uv*L;premiuim;49;alexandraferguson@gmail.com;34;False;564
sheryl41;g5+XD6NG*_;owner;9;victoriagibson@mcdaniel.com;41;True;908
maria15;^m071Zfq*6;player;38;curtisbryan@stuart-jones.com;28;True;65
mwilliams;@vRv0Ekw6q;vip;71;beardkathleen@hotmail.com;63;False;812
christopherchavez;0XqdARyB)O;vip;37;nichole25@gmail.com;24;True;529
kristinemorales;$&q%0GQa9f;vip;63;robertslatasha@johnson-thomas.com;34;False;622
bjackson;%duZcXxw+0;vip;89;stacy69@cruz.com;62;False;168
