Mullins-Rice;pmiller;144.9.210.244;310;1.18.0;2019-03-26
Greer-Martin;cynthia17;25.154.109.72;760;1.17.3;2021-01-30
Crosby, English and Clark;valerie51;22.179.139.204;980;1.10.0;2016-11-26
Stout, Graves and Jimenez;frankbrown;31.5.79.209;10;1.10.3;2015-03-26
Steele-Jimenez;anita50;122.148.209.0;200;1.13.7;2018-06-30
Miller LLC;brian15;56.74.244.222;970;1.12.1;2016-02-24
Reed-Walters;marylevine;39.40.13.36;690;1.17.3;2014-10-22
Scott-Maddox;gpeters;93.178.244.137;910;1.18.1;2019-05-09
Weaver, Watts and Mcpherson;jobrien;63.239.91.25;280;1.19.3;2021-07-19
Chandler-Murphy;emilywhite;64.35.46.88;660;1.15.5;2014-02-09
Richardson-Pham;josephroberts;210.75.245.3;200;1.13.0;2013-06-25
Ho Inc;moonalyssa;112.241.208.139;670;1.15.6;2014-10-17
Richardson, Reed and Bates;michael56;87.6.249.239;320;1.13.9;2022-05-10
Aguirre, Daniel and Khan;taylorderek;200.216.210.248;760;1.13.3;2017-11-18
Lynch, Mosley and Perez;williamsmelissa;121.2.142.85;10;1.13.6;2013-05-12
Jones Inc;lindseydiaz;132.138.232.47;490;1.14.1;2021-12-25
Le, Johns and Baker;lroberts;63.116.36.162;550;1.10.8;2020-07-07
Adams, Waters and Webb;vincent06;99.171.141.251;940;1.14.6;2021-08-01
Stewart PLC;brianna97;30.231.151.160;220;1.13.6;2022-02-09
Duffy-Mcdaniel;mfrank;100.22.44.196;690;1.17.2;2019-09-06
Lewis, Fox and Sanchez;rmontoya;166.204.231.90;290;1.10.5;2021-10-05
Adams-Carter;ryanstokes;25.105.238.62;680;1.10.0;2021-11-28
Nguyen LLC;johnwalker;161.223.172.105;180;1.17.5;2022-07-23
Roberts-Johnson;stephen58;79.20.245.209;420;1.14.6;2018-03-02
Jackson, Bell and Burke;ygreen;24.104.104.143;80;1.19.2;2020-06-24
Dillon, Barnes and Jackson;marybush;36.85.13.145;670;1.15.9;2021-07-20
Huang-Bird;phenderson;217.206.222.134;510;1.19.0;2016-08-05
Smith Ltd;csanchez;162.108.194.232;990;1.15.5;2017-10-11
Huber-Smith;wrightbrandy;150.110.85.128;300;1.18.3;2021-10-15
Williams-Anderson;johnsonmark;108.14.6.111;770;1.15.1;2017-12-25
Martin-Bruce;buckpeggy;4.51.6.91;540;1.19.1;2019-11-07
Thomas, Hughes and Smith;youngnicholas;129.82.218.120;520;1.19.2;2021-03-25
Jones-Roberts;plynch;109.141.41.230;980;1.12.0;2021-12-26
Anderson Ltd;perkinscourtney;16.55.190.43;510;1.17.1;2015-06-03
Dixon, Johnson and Howard;robinsonannette;50.16.53.62;880;1.19.2;2022-02-24
Ingram-Lucas;smithoscar;140.54.52.82;70;1.18.7;2018-06-16
Perez Group;melinda58;212.2.83.233;560;1.13.1;2018-06-21
Preston, Bryan and West;patriciahunt;189.194.62.154;520;1.11.4;2019-03-24
Fernandez Ltd;robertroberts;133.162.18.75;170;1.12.2;2013-11-01
Henderson Ltd;loneill;153.29.172.231;850;1.19.8;2016-01-29
Johnson Ltd;gary74;87.153.179.216;470;1.13.9;2016-11-24
Murray PLC;debra32;19.65.16.187;580;1.10.4;2016-09-23
Johnson, French and Reese;evance;36.216.48.109;180;1.10.9;2020-06-03
Lee PLC;charleswilliams;46.214.238.36;380;1.19.0;2015-11-02
Hubbard, Gardner and Moody;brookecompton;176.44.240.250;740;1.16.2;2017-07-07
Austin PLC;kwatson;165.101.225.67;630;1.16.9;2013-06-28
Ellison, Hall and Abbott;sparkslarry;122.63.51.215;660;1.12.1;2013-08-26
Smith Inc;gardnermarissa;165.45.248.118;170;1.10.4;2012-12-01
Simpson-Garrett;dbrock;203.67.126.219;220;1.13.7;2015-06-09
Diaz-Rodriguez;marshallyolanda;219.57.168.123;670;1.10.9;2021-11-29
Singh, Bradley and Jimenez;matthew00;93.136.4.107;510;1.11.3;2019-04-10
Powell, Mcmillan and Rodriguez;catherine52;195.120.30.54;580;1.18.7;2019-01-16
Schroeder-Mclean;nobrien;17.231.112.241;370;1.10.4;2018-06-21
Allen, Martinez and Holloway;debra96;20.44.79.247;370;1.16.9;2021-12-01
Long Ltd;veronica66;219.231.22.125;330;1.17.5;2014-09-17
Reed and Sons;aguzman;187.85.146.200;490;1.11.0;2022-03-11
Lee, Waller and Williams;jacqueline60;113.245.155.84;270;1.15.9;2014-10-25
Williams, Ingram and Saunders;nperez;174.156.53.85;100;1.15.2;2019-06-02
Reed, Harris and Jones;michelle14;19.38.187.103;430;1.19.4;2021-04-28
Byrd-Trevino;johnrodriguez;177.190.19.179;380;1.14.5;2016-05-11
Mitchell, Phelps and Greer;james19;46.3.196.5;180;1.14.5;2020-02-28
Chapman-Taylor;kendraowens;116.83.130.161;990;1.17.0;2022-05-15
Lynch, West and Church;matthewhernandez;46.136.27.244;970;1.12.6;2015-04-02
Salinas Ltd;jhudson;190.76.34.50;50;1.13.9;2022-03-24
Stewart, Shaffer and Ford;brianespinoza;158.129.126.88;110;1.19.5;2015-09-17
White-Stafford;warrendeborah;209.113.23.95;840;1.12.0;2019-06-22
Lucas, White and Ross;uwalker;174.51.235.205;790;1.11.4;2017-03-20
Aguirre, Ramirez and Krueger;clifford08;98.85.37.121;510;1.11.2;2017-09-02
Osborne PLC;jlee;120.33.52.46;20;1.17.0;2020-10-19
Ross-Jackson;terryleah;98.213.147.118;120;1.18.7;2016-07-25
Bowen-Frazier;nlawrence;103.32.196.162;440;1.15.3;2018-12-25
Reyes LLC;davidray;4.126.168.254;270;1.19.8;2019-04-28
Tucker and Sons;jbrown;101.138.110.59;890;1.12.4;2021-04-24
Thompson, Davis and Oconnor;lisamcconnell;121.110.157.67;580;1.16.4;2017-02-10
Brown, Adams and West;benjaminmeredith;217.144.27.4;90;1.15.0;2022-05-26
Johnson-Campbell;stevenbryan;74.20.143.189;130;1.15.2;2022-03-11
Macdonald, Burch and Rodriguez;whitemichael;173.111.21.83;290;1.15.6;2021-08-16
Morris, Morrison and Tyler;meadowsstephanie;201.50.243.72;830;1.14.9;2015-08-25
Moore, White and Sutton;colleenwilson;27.0.8.115;290;1.16.7;2019-07-06
Sanchez-Clark;snowjacob;185.16.188.147;550;1.17.4;2013-05-13
Andrews, Robinson and Sanchez;pbraun;6.154.70.121;460;1.18.5;2022-04-06
Moss-Spencer;smithcarlos;32.38.205.223;880;1.15.4;2021-12-13
Burch and Sons;vpage;186.25.54.229;600;1.12.9;2014-04-20
Bennett-Jones;slucas;201.214.211.199;120;1.15.6;2019-12-28
Gibson-Nichols;landrymartha;25.39.35.193;140;1.14.5;2020-07-07
Davis-Webster;wilsonkeith;11.32.207.149;300;1.13.2;2016-11-23
Howard PLC;melissaswanson;207.212.71.215;100;1.14.8;2017-01-09
Hines, Vincent and Newton;alvarezamy;112.211.45.157;110;1.12.6;2016-07-21
Martin Ltd;briansmith;169.244.64.34;630;1.11.1;2017-10-26
Palmer-Hoffman;nelsonashley;26.231.43.149;850;1.14.9;2020-09-15
Clark and Sons;greeneric;174.155.25.193;530;1.10.6;2019-08-09
Ross-White;jeremyanderson;153.71.219.25;910;1.19.7;2016-08-06
Fritz, Parker and Mack;josephmills;48.217.64.106;580;1.18.9;2018-04-26
Gordon, Ramos and Wolf;samanthalittle;57.218.16.222;410;1.13.6;2021-09-10
Nielsen Ltd;stevensonanthony;13.93.192.224;330;1.13.7;2015-04-17
Rose PLC;kennethmendoza;213.239.109.190;900;1.10.0;2021-07-27
Hernandez LLC;monica53;106.32.117.53;400;1.19.4;2018-11-13
Benson-Rivera;kmcintyre;39.251.14.121;290;1.16.9;2016-06-08
Sanchez LLC;damon91;103.254.9.203;70;1.16.0;2016-07-11
Burton-Mitchell;probinson;135.83.75.60;820;1.19.2;2018-09-14
Walker-Rosales;wrussell;14.132.102.76;990;1.15.0;2020-01-21
Lopez, Carter and Porter;vwoods;23.54.74.28;440;1.17.8;2013-07-21
Meyer, Lee and Hamilton;rparker;212.65.222.197;950;1.18.4;2016-07-23
Johnson, Williams and Stevens;lfreeman;43.228.68.216;600;1.16.1;2015-04-03
Cox-Robbins;shieldslance;64.78.255.9;460;1.10.3;2020-06-21
Wilson Group;middletonkara;211.162.85.51;930;1.14.0;2022-06-19
Espinoza-Santiago;john98;129.171.70.61;560;1.11.0;2014-11-27
Harper, Gray and Hardin;kristin74;130.187.37.9;240;1.17.6;2017-08-24
Lawrence LLC;greenrachel;35.243.252.195;20;1.15.7;2017-12-25
Taylor LLC;gnelson;198.73.159.238;770;1.19.0;2022-08-18
Trevino Group;tiffanywilson;89.245.18.157;950;1.11.5;2020-02-15
Morrison-Stephenson;rpotter;37.136.138.104;120;1.16.9;2013-11-24
Lewis and Sons;emilyhenry;181.139.72.102;790;1.11.7;2021-06-17
Evans, Lewis and Bradley;sking;70.238.42.244;230;1.14.7;2020-09-11
Joyce, Dudley and Bates;ogross;133.50.7.187;830;1.10.3;2019-08-21
Myers PLC;brandon99;135.230.83.17;970;1.12.4;2019-06-18
Boone LLC;nwebster;121.9.229.56;540;1.14.2;2022-08-24
Green, Rogers and Brown;michelle20;210.184.72.41;460;1.14.4;2016-05-07
Hoffman, Curry and Wright;rperez;221.71.159.58;550;1.14.4;2016-09-14
Farmer, Williamson and Jones;laura34;150.218.92.87;290;1.12.3;2015-03-14
Edwards and Sons;candice57;148.102.216.125;970;1.11.6;2021-12-14
Norris and Sons;yeseniafitzgerald;102.79.236.74;640;1.15.8;2020-06-11
Carr, Curry and Brown;david34;24.213.237.116;430;1.18.2;2016-07-30
Wallace-Nichols;abaker;96.64.150.122;610;1.19.3;2017-02-21
Shannon-Carey;mthomas;93.60.157.216;750;1.10.8;2014-12-24
Reyes-Brown;james08;70.127.242.136;780;1.14.4;2021-03-09
Perry Group;jamesbailey;58.94.83.17;120;1.16.5;2017-12-17
House and Sons;stevenclarke;196.103.2.220;700;1.19.0;2013-03-13
Steele and Sons;barkerricky;77.182.158.84;880;1.19.1;2014-09-12
Reyes PLC;marc74;99.179.165.125;740;1.17.3;2018-09-25
Brooks Ltd;henryapril;51.216.20.141;600;1.16.0;2013-10-27
Harper-Luna;anthonytucker;108.66.198.129;880;1.14.2;2020-06-27
Bautista-Lucas;kenneth56;131.40.50.253;260;1.15.7;2020-09-04
Henry, Carrillo and Simon;justinolsen;57.154.24.28;640;1.18.9;2020-09-01
Jones-Jones;edward36;158.65.89.93;610;1.17.9;2013-01-01
Fuller, Thomas and Johnson;charles50;129.70.65.94;300;1.15.8;2022-01-05
Hill, Carlson and Bruce;cassiewalker;89.20.83.225;730;1.15.4;2013-05-25
Hill, Williams and Long;angela74;118.110.227.254;430;1.16.8;2017-10-04
Lane-Campbell;pwhite;106.47.14.99;420;1.15.5;2021-01-17
Young PLC;suttondaniel;74.149.177.176;590;1.13.0;2021-07-21
Logan-Jones;ethan52;119.155.113.50;340;1.11.6;2020-08-02
Smith PLC;fergusonjessica;44.222.61.168;580;1.11.2;2018-12-31
Taylor, Simon and Davis;josephbrown;31.103.85.183;260;1.11.2;2013-10-23
Williamson-Smith;ashley46;222.220.49.99;370;1.15.5;2021-06-12
Powell, Shah and Hill;mhernandez;98.93.135.2;890;1.15.5;2020-04-25
Clay Inc;fwilliams;29.150.235.251;470;1.14.0;2018-10-17
Holland PLC;mcleankaitlyn;64.193.67.130;320;1.10.8;2020-04-07
Yu-Bailey;qperez;118.36.40.236;100;1.12.3;2015-08-26
Martin-Mendez;zproctor;130.27.116.59;700;1.17.4;2014-09-14
Ryan-Meyer;chasejennifer;66.57.29.156;310;1.17.3;2021-08-24
Lucas Ltd;wadekristy;2.140.182.5;430;1.13.5;2021-08-19
Donaldson-Morris;brandon00;182.47.207.149;350;1.10.2;2015-02-14
Hernandez Inc;yscott;18.8.113.132;940;1.17.5;2020-05-17
Davis-Carrillo;bethlucas;102.83.80.170;720;1.13.1;2015-02-09
Lamb PLC;david33;68.223.12.96;710;1.12.2;2020-07-11
Curry-Randall;rpratt;137.150.80.138;770;1.15.0;2013-10-31
Warren Group;craigriley;27.236.250.50;220;1.11.8;2018-06-10
Cuevas, Coleman and Jones;lbarajas;31.199.209.125;860;1.18.1;2021-01-15
Lee, Hill and Hensley;dustin60;220.253.107.148;280;1.12.8;2014-01-14
Young-Lane;barbara01;93.135.228.25;70;1.11.0;2014-06-17
Santiago, Williams and Rodriguez;sarahholmes;117.7.148.166;570;1.16.0;2019-02-05
Foster, Johnson and Moore;millerjason;219.33.76.205;310;1.18.8;2014-09-20
Sutton-Doyle;asalas;100.130.158.193;430;1.14.5;2020-06-16
Duncan-Houston;frank79;139.11.225.72;580;1.14.4;2013-06-30
Bruce-Edwards;jmoore;109.10.103.34;270;1.11.7;2013-12-21
Armstrong, Price and Green;jesselopez;96.87.164.157;370;1.14.2;2013-12-03
Yoder-Lawson;julie94;99.83.45.58;40;1.19.2;2013-11-17
Ibarra-Henderson;higginsalyssa;39.87.136.94;220;1.15.4;2014-12-30
Hamilton PLC;thomas90;141.32.146.40;780;1.18.4;2020-05-30
Mann, Padilla and Brady;nicholasodom;17.66.98.237;130;1.16.0;2012-10-02
Green and Sons;blakeallison;62.57.133.118;140;1.17.8;2017-12-31
Contreras Ltd;jenniferburns;186.180.117.14;580;1.12.5;2018-11-23
Rogers-Harmon;camerondaugherty;91.62.217.133;80;1.11.7;2012-12-14
Parks-Vaughn;thorntoncynthia;21.185.122.35;570;1.17.3;2019-12-27
Gonzalez, Smith and Knight;scott78;152.146.239.166;290;1.17.0;2017-08-11
Bailey Group;brownjustin;168.83.198.117;930;1.14.6;2020-03-27
Rhodes Ltd;bradleyfernandez;105.157.36.222;700;1.18.8;2021-09-28
Cummings and Sons;nicholasrangel;205.205.225.103;340;1.16.8;2014-09-11
Morrow, Williams and Nelson;yguerrero;192.77.126.250;120;1.18.4;2020-09-28
Miller, Cook and Williamson;nicholas48;87.81.48.168;250;1.11.5;2014-01-17
Alvarado-Munoz;robert14;140.235.47.46;70;1.14.1;2018-06-15
Gonzales-Campbell;dguerrero;131.191.91.22;330;1.19.3;2021-08-07
Shelton-Jones;xmorrison;88.62.131.14;260;1.11.2;2015-04-14
Pacheco Group;ianreynolds;26.227.19.229;630;1.12.5;2019-08-15
Cooper LLC;kylechen;72.167.198.70;740;1.11.6;2020-10-29
Curtis, Raymond and Glover;crystalwilliams;90.56.117.158;520;1.17.3;2016-10-15
Green-Gordon;robinbartlett;210.103.8.89;50;1.16.7;2016-09-30
Robinson, Graham and Hanson;joseph76;48.250.250.187;710;1.17.8;2016-02-20
Garrett, Cole and Patel;john80;162.213.121.26;90;1.15.8;2019-05-07
Wood-Kennedy;maria54;23.185.178.208;350;1.16.7;2021-07-08
Hughes, Lane and Spencer;susanturner;134.153.70.144;160;1.18.5;2013-12-20
Martinez-Woodard;danielallen;141.244.125.231;910;1.19.1;2017-07-18
Gregory Group;hannah41;217.239.215.127;840;1.16.9;2012-11-25
Craig, Fox and Anderson;amandajones;204.7.225.64;930;1.12.5;2020-10-09
Rosales, Marsh and Gonzales;juliahanson;47.142.71.251;330;1.14.6;2017-04-22
Cross, Torres and Hull;brobinson;194.14.143.193;370;1.14.3;2018-01-10
Smith-Day;maryrodriguez;46.87.20.199;180;1.10.9;2013-09-10
Leon, Smith and Olson;molinakristin;93.87.123.19;950;1.13.2;2017-03-21
Allen PLC;zperez;21.206.247.254;740;1.16.1;2017-11-10
Holmes Inc;christopheralexander;75.217.255.27;860;1.15.0;2020-09-12
Meza LLC;tmurray;216.205.150.127;380;1.14.1;2016-09-01
Ramirez-Garcia;shanson;15.26.32.255;110;1.15.5;2018-02-22
Lowe, Bennett and Moody;dylanmiller;33.130.241.253;880;1.12.2;2014-06-07
Williams, Simpson and Torres;allison99;66.54.215.49;850;1.15.2;2013-07-30
Spence-Hale;allison59;220.213.198.236;70;1.11.4;2017-09-08
Avila, Brown and Lawson;tgarcia;165.23.27.14;540;1.17.8;2022-02-26
Richardson Inc;danielle74;90.57.72.144;860;1.13.1;2012-10-19
Shah and Sons;izhang;50.240.32.26;610;1.13.1;2018-08-07
Taylor PLC;adampowers;88.98.222.207;570;1.14.9;2019-01-15
Moody-Johnson;heatheranderson;189.187.59.95;370;1.11.9;2018-06-06
Oliver Inc;dustindavis;114.60.36.15;540;1.18.8;2018-06-15
Sherman Group;anthony39;191.26.175.154;530;1.11.7;2015-03-08
Meyer LLC;sanchezaaron;38.189.94.216;700;1.12.1;2013-07-12
Stewart Inc;beverlycollins;20.255.241.46;100;1.14.4;2013-10-01
Hartman, Barker and Hill;james94;49.2.221.17;110;1.15.0;2020-11-17
Barr, Prince and Bautista;dixonerica;6.96.229.170;710;1.17.8;2022-03-01
Mayer, Swanson and Thompson;flane;167.56.211.222;830;1.12.3;2021-07-15
Jimenez, Hale and Cummings;harperkelly;185.183.189.154;700;1.13.4;2018-11-02
Lawson, Davis and Ballard;wendylittle;104.28.209.174;200;1.14.5;2019-03-31
Conner LLC;xflowers;205.193.27.217;50;1.13.8;2016-05-30
Richards LLC;ericacarter;143.32.111.116;330;1.11.7;2021-04-18
Flores Ltd;flynnolivia;171.145.96.156;970;1.18.4;2017-02-07
Freeman, Saunders and Aguilar;moorechristine;172.186.29.98;10;1.17.4;2016-12-02
Adams, Medina and Rodriguez;robert19;3.108.156.199;250;1.16.8;2016-02-27
Rivas, Johnson and Torres;twilkinson;65.179.0.43;180;1.13.4;2021-09-25
Martin, Morse and Curry;tyler26;158.120.39.76;640;1.13.1;2013-11-11
Ware, Sanchez and Welch;chaneyvictor;62.18.81.47;760;1.15.2;2022-03-21
Baker-Jones;morgankaren;140.62.59.2;790;1.17.2;2015-04-21
Jacobs, Patterson and Stewart;charlesstevens;134.22.23.246;700;1.15.0;2020-05-13
Ayala, Lopez and Jones;gonzalesjonathan;42.227.55.80;780;1.10.4;2020-12-12
Copeland, Cooper and Jackson;wallacenicole;22.57.195.147;400;1.10.8;2015-07-09
Long-Simmons;lauren89;9.211.75.180;190;1.15.6;2014-04-24
Erickson-Ali;xgreen;206.131.228.121;770;1.10.7;2014-06-03
Johnson, Mueller and Hughes;jamie48;114.80.187.22;340;1.19.7;2017-08-03
Phillips-King;charles52;187.142.230.214;160;1.14.0;2015-12-10
Flores, Byrd and Hoover;perryrichard;26.107.126.0;790;1.12.8;2019-09-25
Donaldson, York and Cervantes;millerjennifer;186.40.181.3;60;1.14.0;2013-06-02
Williams-Anderson;orozcojoshua;79.14.132.77;200;1.16.5;2016-02-03
Bradshaw, Gilbert and Roth;nancy82;162.94.14.120;470;1.19.9;2022-07-13
Spencer-Flores;qhull;76.251.65.206;550;1.12.6;2016-04-17
Skinner, Lewis and Bennett;lucaslambert;200.220.48.219;380;1.15.5;2013-09-24
Wilson, Clark and Chavez;john27;217.74.47.171;920;1.11.5;2014-03-21
Stewart-Martinez;robertjohnson;19.63.125.78;500;1.13.2;2021-07-24
Wilson PLC;lisahenry;168.81.171.92;910;1.17.3;2015-12-08
Barrett Inc;mellison;22.200.100.232;370;1.11.2;2019-04-23
Carter, Patel and Davis;andersonolivia;67.114.193.199;320;1.17.1;2016-04-30
Blake, Jones and Michael;victoria58;176.164.18.148;160;1.17.2;2014-11-04
Hall, Ortiz and Brown;kevin01;194.212.108.143;910;1.16.8;2019-10-29
Watson LLC;mark44;125.2.213.3;820;1.15.3;2020-02-10
Davis, Vazquez and Valenzuela;rosemelanie;173.16.137.14;10;1.15.6;2020-12-29
Smith, Alexander and Nichols;kyle59;133.14.39.61;770;1.17.3;2019-09-24
Robinson Group;hsandoval;161.56.189.89;340;1.19.7;2018-05-10
Stone, Hawkins and Morales;dvillegas;162.159.123.228;530;1.19.5;2013-04-29
Schmidt, Burke and Beasley;julie96;20.131.8.78;510;1.18.0;2019-03-24
Gilmore, Hampton and Daniels;xsmith;157.45.186.143;260;1.16.8;2012-10-27
Carpenter-Burns;erik87;83.209.94.89;500;1.18.6;2019-03-02
Cooper-Carroll;dwilliams;173.65.226.189;610;1.12.6;2018-08-22
Graham-Young;lamconnor;126.148.145.107;960;1.15.5;2021-11-05
Rodgers-Oneill;kochbrandy;83.96.197.252;700;1.12.5;2022-04-03
Munoz, Woodward and Dawson;william47;220.193.120.214;510;1.11.7;2020-11-25
Gonzalez, Brown and Barr;vsimpson;203.143.134.30;630;1.16.5;2019-12-01
Barr Group;houstondenise;102.30.62.24;880;1.13.0;2015-03-11
Wells, Faulkner and Jones;mark73;183.70.202.56;40;1.18.3;2016-07-10
Durham Group;davisamy;54.31.174.160;490;1.17.2;2013-05-30
Hampton, Ponce and Brady;cameronvelazquez;16.232.67.71;430;1.12.2;2022-08-24
Thomas, Nelson and Mcclure;bballard;88.77.154.217;890;1.18.7;2019-04-18
Wilson, Ford and Gutierrez;zmcdonald;18.156.58.145;610;1.14.0;2022-07-18
Carter, Ramos and Hamilton;amy68;142.71.132.14;760;1.11.4;2020-02-26
Turner-French;stephaniemcdonald;138.150.114.58;110;1.17.5;2014-11-16
Pratt, Burnett and Fitzgerald;davidcolon;222.251.27.110;470;1.16.8;2020-12-23
Bennett-Webb;leejeffery;12.204.43.9;20;1.17.3;2014-03-14
Carter and Sons;tracy25;65.214.109.54;530;1.14.5;2019-11-14
Orr LLC;xbrown;50.132.75.45;730;1.13.2;2014-07-14
Dawson-Johnson;torresbrian;207.129.65.72;480;1.14.8;2019-06-17
Benjamin-Washington;wgreen;144.131.245.34;630;1.19.5;2020-06-21
Herrera, Terry and Howell;curtisjudy;115.231.158.43;540;1.13.7;2019-02-16
Cruz PLC;marshalljeffrey;58.215.41.187;170;1.14.2;2020-03-13
Allen-Spencer;brandonlester;203.28.134.104;520;1.11.9;2022-05-14
Hunt, Harrison and Holden;amber04;115.45.10.172;570;1.14.6;2013-07-18
Norman LLC;ryan26;50.224.240.130;880;1.11.9;2021-09-23
Brock-Stein;jackhorn;209.181.124.227;160;1.15.6;2020-04-07
Bender-Bailey;christinaparker;37.222.46.233;780;1.11.3;2012-10-05
Rodriguez PLC;crystal04;162.194.185.143;450;1.19.4;2013-03-12
Mckay-Peterson;brianna90;214.91.66.4;750;1.19.3;2012-11-19
Richardson-Barton;mmay;186.113.210.254;520;1.17.3;2016-09-09
Valenzuela and Sons;ngarcia;60.110.254.78;930;1.12.2;2021-07-07
Sullivan-Peters;carriecollins;191.212.228.44;100;1.18.0;2013-04-13
Choi-Williams;jason86;43.214.251.185;340;1.11.3;2014-02-14
Barnett, Vaughn and Rollins;laura14;53.169.102.55;860;1.14.7;2018-06-30
Bell Group;michael84;176.138.88.207;450;1.12.2;2021-09-06
Nelson, Smith and Ingram;qcastillo;135.193.219.95;210;1.18.1;2016-11-14
Ferguson, Parks and Thomas;juliehopkins;123.32.73.128;870;1.10.8;2017-04-14
Yang PLC;armstrongamanda;97.70.33.130;540;1.16.6;2020-12-06
Daniels LLC;slong;110.229.2.77;420;1.12.6;2019-02-27
Rodriguez-Jones;rachelbonilla;140.195.92.9;720;1.12.5;2017-06-01
Henderson-Bennett;kimberlymoore;199.65.217.33;800;1.17.6;2021-06-20
Park-Mcbride;amanda71;42.182.50.85;540;1.19.0;2016-07-15
Jackson, Moreno and Obrien;jjackson;194.124.30.192;110;1.15.6;2017-10-02
Cox, Martin and Haynes;alexanderwilliam;67.115.148.115;730;1.10.1;2020-06-16
Richard Group;douglas35;44.64.250.54;780;1.18.2;2013-11-15
Moore PLC;robertphelps;66.144.54.135;460;1.15.5;2019-08-01
Thompson, Green and Nash;ljones;94.102.111.28;450;1.17.0;2018-04-29
Price PLC;garciadavid;44.69.0.105;440;1.12.8;2019-12-31
Williams Group;stevensnyder;148.143.213.150;80;1.13.3;2016-02-07
Ramirez, Zuniga and Li;sierra95;58.175.47.193;20;1.19.3;2016-04-02
Allen-Hughes;katherinerivera;11.63.194.127;90;1.13.4;2018-12-09
Harris Inc;fgordon;174.85.36.52;230;1.12.0;2017-01-25
Collier-Ramirez;jameswright;201.218.155.133;590;1.11.9;2016-03-10
Brennan, Hendrix and Walker;logan58;147.126.190.194;750;1.11.8;2016-11-29
Wilson Group;walkerpatricia;62.242.162.65;750;1.11.6;2017-11-18
Shelton, Figueroa and Morgan;sarahalvarez;80.199.160.217;180;1.16.2;2016-10-20
Buckley, Bowman and Gray;elizabethwood;2.203.119.40;830;1.19.0;2015-08-05
Brown, Knight and Thomas;wyattgibson;28.199.169.185;120;1.18.6;2021-03-04
Walker-Martinez;vwilson;55.255.113.55;260;1.10.9;2013-09-11
Powell, Jones and Salazar;michelle23;209.171.185.28;360;1.17.1;2019-06-14
Ross, Hill and Rivera;steven00;196.147.50.144;160;1.10.8;2013-02-27
Cooper, Osborne and Thompson;diane11;28.245.45.118;190;1.11.9;2018-12-24
Smith Inc;apriljackson;182.119.104.55;190;1.18.5;2019-04-29
Robinson PLC;kennethwelch;2.244.9.69;140;1.10.3;2020-07-31
Ward, Wilkinson and Brown;bryanperez;123.37.148.9;810;1.10.6;2015-12-10
Rose and Sons;aguilarmicheal;119.235.35.38;890;1.16.5;2015-10-26
Ingram-Williamson;williamsjonathan;192.204.86.183;810;1.11.2;2020-12-15
Keller, Wade and Hawkins;wpatterson;68.93.252.143;960;1.14.7;2020-07-14
Mercado-Kennedy;egibbs;76.220.145.26;330;1.10.2;2014-02-27
Richardson Inc;iscott;132.163.116.80;790;1.13.3;2019-06-24
Brown and Sons;margaret34;148.124.18.165;280;1.16.3;2019-04-02
Mosley, Castro and Reyes;ralphjones;149.25.74.220;680;1.18.6;2013-11-13
Jones Group;kyle54;88.181.0.89;120;1.11.0;2021-05-27
Collins-Taylor;garzamichael;45.220.43.180;410;1.19.5;2020-09-01
Moore, Gamble and Horton;melissacarson;108.236.150.225;810;1.16.8;2020-02-03
Robertson-Fowler;reyeskimberly;15.155.235.114;130;1.12.7;2022-01-05
Long LLC;kimberlyking;160.166.128.191;430;1.12.5;2021-07-24
Ruiz Ltd;brandon81;93.227.124.228;700;1.10.8;2020-02-05
Lowery Inc;qleon;215.254.110.151;210;1.13.3;2016-11-18
Ayers Ltd;mitchellchristina;134.53.142.7;780;1.19.0;2019-03-30
Martinez Group;bherrera;157.161.12.240;300;1.15.8;2019-12-27
Miller-Gill;gibsonjames;114.250.62.68;310;1.11.3;2020-12-04
Morrison, Campbell and Lopez;arroyoalan;219.237.61.111;170;1.10.5;2013-03-10
Howard LLC;stacy11;149.249.6.53;830;1.13.3;2019-07-10
Stanton-Edwards;rhonda15;152.149.119.134;710;1.13.0;2013-12-16
Greer Group;joshua93;44.218.35.194;830;1.14.2;2013-02-28
Davis Inc;tsims;214.23.11.51;290;1.11.4;2015-01-26
Jones-Garcia;ebooth;190.142.3.238;200;1.14.5;2019-07-17
Smith Ltd;shaun03;90.233.137.11;690;1.17.6;2021-11-06
Mayo-Owens;wesleyadams;114.152.173.31;730;1.17.9;2015-08-20
Jones Inc;rebeccasmith;118.122.108.48;570;1.14.8;2017-12-05
Houston LLC;smithlisa;178.164.159.214;670;1.11.1;2020-09-12
Brown-Pena;gordonalan;31.224.43.80;530;1.17.2;2022-05-25
Cruz PLC;salinaslisa;190.24.150.205;520;1.15.9;2016-01-05
Gray Group;scottsarah;37.149.247.16;830;1.17.3;2022-08-28
Weber-King;angela20;215.94.103.171;280;1.12.7;2013-12-02
Davis, Lin and Welch;jamie79;101.27.102.30;10;1.14.0;2018-12-14
Trevino and Sons;richard30;119.125.255.171;340;1.19.3;2014-12-18
Lopez, Contreras and Ford;bmiddleton;43.25.155.18;870;1.13.4;2014-09-24
Morrison Inc;michaelpeterson;72.216.202.126;760;1.12.6;2014-03-16
Watson-Beasley;william22;26.177.242.168;510;1.19.9;2017-04-18
Duarte, Jones and Thornton;eallen;165.96.193.33;530;1.14.0;2016-03-06
Cole LLC;mreyes;86.69.170.127;310;1.15.2;2019-11-07
Silva Inc;thompsontracy;49.159.128.240;770;1.12.1;2017-09-04
Peterson-Griffith;howardjeremy;221.190.211.218;670;1.12.0;2018-12-26
Young, Mccarty and Gonzales;sheri22;169.145.74.24;400;1.12.2;2021-08-03
Blanchard, Richardson and Lang;cindy65;24.81.125.28;980;1.19.8;2019-12-11
Rodriguez-Garrett;lopezjodi;213.166.221.210;210;1.10.5;2018-02-04
Reyes-Freeman;lpowell;153.155.255.145;100;1.16.8;2012-12-28
Flores-Hoffman;davidcarson;6.207.53.249;670;1.18.9;2021-02-23
Edwards LLC;sylvia13;81.242.216.124;390;1.14.9;2020-03-23
Robinson and Sons;kristenrose;83.120.9.44;130;1.19.2;2015-09-28
Howard Ltd;martha64;114.65.209.63;930;1.14.5;2015-08-14
Ellison, Clark and Bowman;coxcraig;69.100.63.15;380;1.17.0;2017-07-11
Richardson LLC;xbeasley;142.0.203.251;310;1.19.0;2018-09-16
Sawyer, Willis and Valentine;chriswilliams;164.47.180.104;920;1.13.2;2022-07-20
Howe, Wagner and Gallagher;robinsontracy;216.143.24.92;450;1.10.3;2015-07-03
Lawson and Sons;maryfreeman;41.30.43.242;550;1.17.3;2016-05-17
Johnston, Watson and Reed;bradleymarsh;50.31.202.238;260;1.18.6;2014-02-10
Coleman-Stanley;christopher99;46.149.94.97;550;1.15.5;2016-09-04
Diaz PLC;spencerdeborah;122.194.63.206;20;1.10.9;2020-06-14
Ellis-Kelly;douglasrebecca;161.178.234.10;280;1.12.6;2019-10-18
Powell-Figueroa;tyleravila;202.80.80.26;790;1.19.8;2022-05-17
Baker-Jones;obrienvincent;6.157.167.219;610;1.13.4;2019-04-16
Abbott, Rowland and Wilkinson;hmartinez;48.172.161.156;10;1.13.2;2021-01-10
Williams PLC;lauradickerson;58.242.158.226;510;1.18.8;2021-07-09
Mckenzie, Bates and Hahn;stephenrobles;193.13.148.225;460;1.15.5;2020-11-27
Baker-Butler;holdermeagan;210.90.185.190;90;1.10.5;2013-06-20
Key-Johnson;john01;120.72.184.50;380;1.11.1;2021-11-08
Sherman, Herring and Miller;kleinmichael;162.59.231.147;590;1.10.0;2022-08-30
Dodson Ltd;lozanobryan;104.248.40.115;30;1.19.5;2014-02-13
Farrell, Green and Mason;brendahowe;65.128.152.162;390;1.12.2;2022-06-14
Poole-White;allisonwagner;162.12.160.64;910;1.18.6;2015-03-08
Jones, Andrews and Smith;allenklein;84.171.110.255;380;1.17.9;2016-09-23
Davis-Reynolds;dthornton;188.237.177.122;400;1.19.5;2012-11-13
Ball Ltd;michelecaldwell;130.214.237.87;220;1.19.1;2019-09-21
Garcia-Reeves;victoriagomez;23.74.220.8;980;1.10.9;2016-06-14
Robinson, Phillips and Nolan;ariggs;141.106.56.168;450;1.16.7;2020-04-17
Wilson Inc;larajustin;63.108.9.65;970;1.15.4;2013-11-24
Cameron, Brown and Hill;mfleming;126.239.73.144;280;1.13.5;2016-10-28
Adams Inc;cassandrahahn;55.90.8.152;210;1.19.8;2019-11-06
Norris Group;evanjones;195.67.188.239;870;1.13.0;2019-04-09
Fuller, Turner and Taylor;cynthiawalters;28.8.103.127;330;1.15.9;2020-10-25
Valencia, Davis and Bray;stanleynewman;92.97.167.210;470;1.17.7;2022-08-02
Berg-Schwartz;harrisonchristopher;146.111.142.166;250;1.15.1;2019-07-09
Davis-Sloan;ericphillips;7.80.171.255;310;1.11.8;2019-03-18
Rivas-Black;manderson;159.77.74.173;300;1.16.3;2020-04-26
Knapp-Mcknight;davidcarney;20.222.253.33;70;1.17.2;2013-08-20
Hall, Robinson and Aguirre;gene33;134.147.228.93;860;1.12.8;2017-02-21
Austin, Richards and Carroll;heatherharris;59.174.85.164;450;1.18.6;2013-12-10
Jackson, Burns and Bennett;xrodriguez;14.173.246.106;10;1.10.2;2016-07-20
Armstrong-Cooper;dmcdonald;62.142.94.193;760;1.16.3;2014-02-02
Johnson, Sullivan and Walters;rshaw;144.175.150.233;120;1.17.3;2012-11-24
Schroeder, Long and Kim;rhonda64;117.69.117.140;830;1.19.7;2018-04-30
Rivers LLC;daniel46;39.243.179.47;730;1.13.1;2012-10-23
Hahn-Bowen;zachary00;63.42.42.124;770;1.15.5;2017-03-18
Ortiz, Montoya and Torres;greenjoe;208.71.189.255;920;1.18.5;2018-12-22
English, Gomez and Lucas;jonesrose;165.206.124.13;900;1.17.3;2022-08-23
Banks-Frey;jeffrey08;202.165.234.194;500;1.17.2;2013-08-07
Anderson-Williams;turnerstephen;206.223.172.137;970;1.15.0;2017-10-15
Lloyd Group;tmitchell;26.199.122.229;50;1.10.3;2014-05-31
Butler Group;dawnhaynes;220.231.75.173;210;1.14.8;2017-10-26
Bryant, Huynh and Larsen;rthornton;65.250.105.67;760;1.12.5;2020-03-28
Gomez-White;robertmckee;132.181.47.77;120;1.19.5;2020-10-12
Gibson-Russo;phillipsmichael;144.214.211.63;760;1.18.3;2020-08-20
Buckley-Brady;george72;47.173.105.22;140;1.16.9;2021-07-21
Fowler-Zamora;william88;145.17.4.54;930;1.12.6;2020-10-01
Taylor, Peck and Fowler;frank23;55.154.71.173;450;1.17.6;2021-07-01
Dunn-Silva;wmurray;138.130.213.121;590;1.16.0;2016-03-28
Garcia, Sullivan and Francis;smorgan;93.169.128.223;370;1.16.8;2013-10-16
Sanchez-Davis;phamfelicia;194.42.109.66;390;1.16.9;2020-08-31
Hall-Dalton;margaret75;121.78.16.123;290;1.13.9;2017-05-11
Young-Evans;nlindsey;48.15.24.236;570;1.17.3;2020-09-08
Cervantes, Meadows and Gray;tracyford;71.247.108.138;940;1.15.1;2012-09-26
Madden-Chavez;mary93;71.97.175.177;210;1.18.8;2021-03-07
Baker-Griffin;johnsonjustin;160.55.249.84;160;1.17.3;2021-04-04
Andrews-Sanchez;jose46;137.57.103.53;900;1.14.8;2014-07-06
Rodriguez Ltd;hbrooks;208.79.213.232;730;1.15.5;2017-12-03
Taylor Ltd;austinmorales;168.88.208.64;710;1.15.1;2016-01-20
Green, Gomez and Hill;carpentershirley;106.195.91.74;510;1.10.0;2013-09-02
Anderson, Butler and Simon;icisneros;188.82.181.120;870;1.11.1;2017-12-12
Olsen-Vaughn;wendypineda;11.124.118.196;400;1.19.1;2016-05-16
Sanchez-Whitney;ltorres;54.46.163.188;750;1.19.1;2020-04-18
Stevens PLC;quinncynthia;114.207.248.100;300;1.17.4;2012-12-19
Harding LLC;vincent41;99.121.8.107;330;1.13.7;2021-07-16
Powell-Hill;eric58;22.143.92.251;880;1.10.6;2014-05-10
Farrell Group;frazierjennifer;89.196.244.170;440;1.15.9;2013-10-28
Benjamin, Dalton and Harris;croach;96.57.253.249;330;1.10.5;2019-10-12
Walker-Johnson;agilbert;122.65.158.96;310;1.10.7;2013-08-13
Smith, Reed and Williams;enewman;45.250.238.1;360;1.10.5;2019-04-28
Davis-Moore;david56;99.6.21.10;970;1.12.5;2014-04-23
Rose Ltd;esims;161.6.111.212;590;1.14.5;2019-01-27
Morris Inc;courtneywalton;145.17.93.179;100;1.11.9;2015-10-25
Mahoney-House;williamssteven;193.55.211.10;720;1.14.9;2013-04-09
Martinez, Bryan and Merritt;lisathomas;104.7.251.246;360;1.12.9;2012-11-12
Martinez PLC;marc64;165.207.194.105;630;1.15.7;2012-12-28
Burnett, Nichols and Torres;cobbgabriela;141.169.220.68;290;1.16.7;2021-02-05
Acevedo Group;robertblair;64.226.161.104;390;1.14.0;2015-03-23
Howard Inc;parkermolly;86.189.81.170;140;1.12.4;2021-03-22
Ellis Ltd;mitchellrichard;51.128.203.78;260;1.14.8;2017-01-16
Williams-Shannon;ericaevans;25.254.241.74;80;1.12.4;2017-12-01
Fisher, Randolph and Cooper;briannahughes;77.42.68.223;430;1.14.5;2015-12-11
Ramos-Ray;ysandoval;88.55.150.75;370;1.11.2;2020-07-15
Freeman Group;charlesholt;197.250.197.147;680;1.10.7;2013-07-05
Cervantes, Smith and Brown;markmiles;174.188.61.10;80;1.13.1;2014-07-23
Lewis, Torres and Johnson;javierhunter;162.70.6.184;140;1.10.4;2013-02-22
Mills, Campbell and Patterson;amymorrison;205.204.102.1;320;1.17.0;2021-03-14
Gonzalez-Shea;johnfreeman;31.101.235.4;180;1.13.6;2013-08-21
Morris LLC;urivera;3.6.191.142;270;1.19.7;2021-02-27
Ramirez-Fernandez;sarah87;42.147.56.71;760;1.14.4;2013-01-17
Stewart, Mcpherson and Brown;fpace;196.20.113.192;760;1.12.1;2022-05-22
Wolfe Ltd;danderson;100.151.75.73;390;1.12.9;2016-02-08
Vaughan Group;gmoran;165.43.203.38;760;1.16.8;2013-03-04
Lopez and Sons;hlarson;189.120.166.208;360;1.19.4;2022-01-30
Woodard, Gardner and Farmer;murphyheather;25.134.81.26;790;1.12.1;2018-03-21
Simpson Group;stephenlopez;10.251.151.20;670;1.18.1;2019-02-14
Robinson-Hunt;james25;118.170.144.117;50;1.16.2;2019-12-13
Barton-Gonzalez;rickyreed;161.158.250.111;740;1.16.0;2013-09-26
Jackson-Miller;ashleysanders;201.66.67.244;380;1.18.9;2018-10-01
Davis, Hall and Taylor;vincentgross;84.137.166.109;990;1.17.3;2015-10-29
Cole-Bean;sparker;98.22.61.191;910;1.12.0;2021-04-26
Whitehead, Morgan and Wood;ryanbailey;31.26.120.134;190;1.15.4;2015-10-28
King-Jackson;kenneth31;79.1.114.247;180;1.17.2;2013-03-17
Jackson, Diaz and Daniels;kestrada;5.90.106.108;490;1.19.1;2021-08-02
Crawford Inc;matthewtran;221.29.220.67;570;1.12.1;2019-01-22
Thomas-Collins;gcox;133.113.50.159;900;1.17.9;2017-03-25
Chavez Ltd;bradypaul;8.235.49.17;370;1.13.0;2019-11-19
Baker, Hunt and Parker;robert44;106.191.96.164;250;1.14.4;2018-07-22
Gutierrez, Nelson and Wright;gstewart;217.244.154.209;920;1.12.2;2019-02-20
Mendez, Mckay and Li;rmata;40.223.229.0;610;1.11.6;2019-11-05
Burton PLC;lmartinez;120.40.131.167;440;1.10.3;2016-04-27
David-Ross;tfranklin;189.198.187.141;360;1.12.0;2017-12-13
Jones Inc;xwoods;165.113.72.137;760;1.13.4;2019-08-17
Fuentes-Nguyen;amiller;119.51.164.4;500;1.16.9;2014-03-02
Harvey and Sons;ymunoz;95.219.3.114;980;1.16.0;2013-07-11
Neal-Acosta;latoyamarshall;21.178.171.127;680;1.12.4;2019-06-27
Soto Ltd;leslie06;169.118.55.52;410;1.15.4;2013-11-11
Gates LLC;andrea39;194.208.248.160;450;1.19.1;2015-10-29
Vega-Silva;michael78;179.202.182.180;550;1.18.1;2019-05-18
Daniels Group;hernandezbrandi;216.38.153.56;470;1.17.4;2019-03-28
Lozano Group;brandy03;152.68.62.69;520;1.13.9;2014-08-30
Walker and Sons;davisevelyn;102.242.16.34;140;1.13.5;2013-03-18
Abbott, Moore and Thompson;stephaniewilliams;98.240.74.3;400;1.19.0;2018-05-09
Johnson-Miller;gcain;35.55.74.252;570;1.19.2;2018-05-31
Daniels, Bennett and Griffin;tyler17;164.192.213.207;360;1.14.4;2017-11-17
Johnson-Osborne;claudia28;80.13.234.106;790;1.11.1;2018-05-31
Castaneda Group;erika75;61.87.62.140;240;1.16.6;2021-07-03
Thompson-Nunez;gbates;29.231.230.204;640;1.12.9;2013-05-03
Lane PLC;stevenmcbride;145.143.78.157;340;1.17.6;2019-03-25
Lyons and Sons;mark45;187.53.80.98;780;1.11.5;2019-02-17
Donaldson-Sutton;zwebb;4.163.1.81;210;1.12.9;2021-06-16
Wallace, Garcia and Stewart;wenglish;39.39.210.199;10;1.15.4;2019-10-21
Herrera-Smith;dawsonnicole;189.208.48.108;640;1.15.6;2022-04-26
Rivas-Harrison;waltersgregory;199.182.225.188;620;1.10.5;2014-02-02
Williams Inc;kvasquez;74.3.170.161;810;1.11.5;2020-06-09
Sutton-Coleman;jlester;168.135.65.160;390;1.14.3;2020-06-16
Meyers Group;tanya41;191.126.71.120;470;1.10.6;2016-04-18
Stevens PLC;emily89;194.166.53.88;630;1.17.2;2013-01-12
Whitehead LLC;laurie35;104.222.205.2;340;1.11.5;2019-02-18
Martinez, Mccormick and Bowers;reyeseric;160.138.210.172;530;1.19.7;2020-03-12
Cantrell, Ward and Evans;courtney75;13.207.62.13;790;1.15.5;2013-09-20
Webster-Wilson;foneal;197.175.114.177;500;1.14.3;2012-10-28
Strickland Ltd;sandra09;73.14.211.22;220;1.14.9;2017-06-25
Jones, Jones and Smith;aliciagilbert;148.229.16.166;870;1.14.6;2014-07-08
Shaw-Rivera;brooksrebecca;57.254.104.137;850;1.15.9;2017-07-31
Hamilton PLC;crystaljoyce;59.186.255.56;380;1.10.1;2013-10-07
Hughes-Fox;garciaconnie;212.80.3.254;910;1.18.1;2016-11-02
Roberts, Sanders and Tran;wallaceemily;101.132.168.57;450;1.12.3;2015-07-27
Perez and Sons;sanchezryan;211.147.249.184;550;1.11.5;2018-04-18
Nelson, Contreras and Willis;kelli81;44.175.175.198;110;1.19.1;2019-11-13
Alvarez-Townsend;sheppardchristopher;176.113.22.239;700;1.13.4;2012-12-26
Rodriguez PLC;lindseyanna;44.46.68.146;780;1.15.5;2018-07-07
Lewis-Lopez;igonzalez;109.147.186.142;960;1.14.1;2015-12-09
Hinton Inc;brownbrittany;117.95.154.253;450;1.15.2;2013-01-30
Mendez-Jones;kimberly61;112.242.60.85;900;1.12.8;2016-08-23
Vasquez, Robinson and Ellis;mosespaige;172.56.93.137;330;1.12.6;2019-01-09
Brown and Sons;brownaudrey;21.83.247.140;350;1.17.9;2018-02-05
Scott-Sims;fwilson;85.204.237.92;640;1.11.3;2019-04-21
Carter-Smith;cramirez;75.63.9.63;790;1.13.3;2016-02-01
Larson Group;icruz;155.98.71.87;230;1.11.9;2021-11-08
Beck, Garcia and Harrison;michael71;173.34.19.89;480;1.10.4;2020-04-09
Pierce-Morrison;joseph45;90.112.192.76;230;1.11.8;2016-06-30
Leonard-Malone;christopherjohnson;151.36.118.240;420;1.12.7;2020-11-08
Davis-Smith;williamsjoshua;59.145.66.73;710;1.10.1;2017-09-07
Jones Ltd;robinbruce;188.73.61.43;690;1.16.4;2020-01-11
Morton, Cohen and Atkins;kevin78;140.92.17.105;860;1.19.8;2019-07-14
Brown Inc;coreywalsh;154.165.225.119;440;1.10.9;2018-04-08
Brock LLC;kristina27;172.200.201.193;50;1.10.0;2014-02-17
Hudson-Clark;tcooley;210.239.206.84;280;1.16.2;2013-05-05
Watson Ltd;douglasjohnson;37.224.112.30;360;1.13.7;2016-10-01
Martin-House;burtonjeremy;87.212.138.161;590;1.18.8;2015-10-15
Lawson-Martinez;parkerjessica;110.224.112.152;750;1.14.6;2020-10-12
Beck-Harris;hnielsen;193.1.46.233;390;1.11.2;2018-08-03
Small and Sons;mcbridevalerie;163.215.228.128;760;1.14.0;2012-11-30
Austin, Dunn and Carter;ogray;16.71.114.215;910;1.18.9;2020-04-19
Williams, Herring and Lopez;sporter;17.157.147.10;200;1.14.2;2018-11-04
Lewis LLC;martinmegan;64.130.37.112;370;1.13.9;2022-09-12
Norris-Chapman;rdavis;208.43.41.237;70;1.12.6;2019-10-26
Ramirez-Eaton;paynejames;94.112.44.112;280;1.14.4;2020-09-20
Wells Ltd;crystalsmith;75.79.145.84;920;1.14.0;2012-11-01
Salazar LLC;donald42;142.19.71.174;390;1.17.5;2020-06-21
Rodriguez, Hopkins and Russo;timothyfields;94.198.105.113;80;1.14.8;2017-01-08
Phillips LLC;ricemaria;90.191.6.157;150;1.10.5;2014-06-18
Taylor, Massey and Lee;qroberts;157.106.183.144;990;1.18.2;2018-02-04
Thompson-Mitchell;watsoneric;1.132.219.80;160;1.13.6;2016-11-16
Kramer and Sons;brenda49;59.81.48.145;60;1.11.0;2020-01-22
Boyd, Salazar and Gonzalez;joy29;43.218.78.169;900;1.15.2;2021-06-20
Hernandez-Espinoza;pmcfarland;172.18.55.87;130;1.17.2;2014-07-10
Grant PLC;ucampbell;62.82.140.228;150;1.16.7;2018-10-01
Kirby, Ford and Rose;fallen;182.3.31.195;880;1.11.6;2022-06-24
Griffin-Miller;johnsonamber;185.76.48.75;380;1.17.5;2016-02-20
Massey Inc;karen04;51.58.236.124;570;1.10.0;2015-11-09
Coleman PLC;lucasferrell;208.89.147.201;920;1.13.4;2014-05-24
Schultz-West;snelson;51.68.111.73;410;1.10.4;2013-01-21
Martinez-Price;irivera;94.58.42.173;940;1.11.3;2020-11-02
Hunt and Sons;bellamy;169.166.227.127;140;1.10.1;2022-01-14
Morrison Inc;dylan72;54.131.137.136;300;1.11.1;2015-01-30
Hardy-Brown;owenstristan;59.69.250.197;770;1.15.8;2022-03-17
Munoz PLC;natashasmith;105.177.44.104;740;1.17.9;2015-05-20
Sims-Whitaker;jennifer78;155.16.222.130;640;1.11.7;2016-07-09
Burton PLC;belljoshua;178.245.3.148;600;1.19.9;2018-06-29
Williams Ltd;graydiana;144.117.6.247;150;1.12.2;2019-10-16
Dunn-Wilkins;jessica14;166.8.5.250;180;1.19.2;2020-11-07
Smith, Williams and Jones;vjohnson;62.200.106.248;320;1.19.4;2017-12-05
Allen-Thornton;suzanne48;215.28.21.63;980;1.13.8;2014-04-16
Reyes-Gray;jallen;8.202.204.9;120;1.18.7;2020-09-27
Turner-Torres;stewartshawn;62.118.177.250;370;1.16.8;2014-05-01
Barker LLC;ryanmendez;211.197.179.36;510;1.11.9;2019-03-03
Deleon PLC;hammondjames;20.93.168.188;970;1.19.1;2018-03-10
Duran Ltd;terryedward;132.203.56.116;920;1.17.2;2014-08-23
Greer-Moses;paigehood;78.170.249.123;730;1.12.1;2016-03-05
Arnold-Hamilton;owebb;39.2.8.207;990;1.10.9;2021-08-09
Brown-Williams;josephgregory;108.63.151.202;240;1.16.2;2013-12-10
Holt-Burgess;lhenderson;143.226.179.141;30;1.10.9;2019-11-08
Rush, Davis and Thompson;jason17;21.16.135.64;570;1.11.5;2022-04-28
Thompson Ltd;herreramelvin;216.21.152.135;60;1.16.1;2015-12-06
Hurst-Estrada;ypeters;40.68.205.60;580;1.13.5;2017-05-25
Wright, Kim and Harper;rebecca10;179.33.172.169;920;1.11.2;2021-03-11
Lewis-Stewart;hernandezjohn;121.217.249.137;540;1.12.0;2018-02-16
Baldwin and Sons;erin17;28.170.90.148;140;1.14.3;2019-09-12
Mason, Adams and Curtis;avalencia;111.47.249.163;720;1.14.9;2022-03-21
Taylor, Garrison and Parker;traceynewton;184.17.56.255;440;1.19.7;2018-03-27
Colon, Blevins and Rose;fmiller;25.60.52.207;630;1.16.6;2018-01-24
Day-Freeman;shawn73;129.38.215.190;480;1.13.8;2022-08-02
Allison-Buchanan;stephanie17;172.83.217.97;370;1.14.4;2014-02-21
Moore-Dickerson;snyderjoseph;14.244.155.191;710;1.14.7;2016-06-09
Greene, Hernandez and Sawyer;laguirre;41.77.83.37;930;1.18.5;2018-04-20
Cameron PLC;dickersonlinda;145.157.175.133;460;1.15.1;2017-04-25
Reyes, Fleming and Shepard;steven87;22.164.49.66;450;1.14.3;2022-07-09
Bell-Kelly;floresterrence;13.223.90.57;670;1.13.0;2012-12-31
Wu Group;shawnfox;63.73.114.192;680;1.14.5;2012-10-11
Clark Ltd;khankeith;165.101.215.109;60;1.14.1;2014-03-01
Mcintosh and Sons;adam70;159.231.43.106;80;1.16.0;2013-10-22
Moore PLC;danielthompson;31.193.22.154;640;1.10.6;2016-12-27
Castillo, Greene and Banks;nicholasboyd;119.172.175.21;790;1.16.7;2014-12-22
Rose, Wright and Silva;dustinlambert;148.66.165.110;570;1.11.9;2013-11-17
Saunders, Foley and Rogers;richard87;116.11.189.124;860;1.15.4;2018-07-05
Baker, Gonzales and Bass;osbornesamuel;87.250.9.155;610;1.13.9;2016-12-14
Craig Ltd;dhughes;119.77.147.9;100;1.16.8;2013-01-11
Parsons, Hamilton and Martinez;antonio73;192.208.64.251;940;1.15.1;2020-12-19
Hinton-Thompson;thomasclark;149.194.189.141;540;1.10.0;2022-06-03
Reed, James and Johnson;crystal27;14.64.241.150;170;1.17.0;2014-05-01
Alexander, Young and Johnson;thomastodd;46.175.16.244;230;1.13.1;2022-06-22
Davis-Nolan;mlarsen;62.162.0.19;230;1.15.3;2013-03-07
Robertson LLC;kbrewer;156.72.9.45;620;1.12.7;2013-07-13
Manning-Gomez;andreagarcia;184.196.37.40;840;1.19.4;2019-12-25
Bishop Inc;adamallison;53.15.11.162;890;1.12.0;2021-09-14
Wright-Marsh;amanda36;68.63.250.121;110;1.17.1;2017-09-18
Edwards PLC;justin94;19.78.119.103;470;1.12.6;2020-05-14
Taylor, Turner and Herrera;zsmith;34.163.36.47;490;1.10.8;2015-03-13
Boyer, Anderson and Miranda;beckyaustin;32.151.158.230;660;1.10.4;2019-01-13
Erickson-Smith;jonathanwilliams;121.246.196.235;430;1.10.4;2014-10-27
Martin Group;ghernandez;57.2.93.91;900;1.12.5;2017-11-08
Lyons Inc;crystal94;51.141.246.93;60;1.15.7;2021-12-08
George, Hicks and Gordon;pamelabaird;60.218.128.255;820;1.12.7;2017-10-01
Simon and Sons;thomas48;1.210.111.93;820;1.16.8;2020-09-17
Rivera, Robertson and Donovan;samantha40;69.49.5.96;780;1.13.0;2016-09-13
Randall, Pace and Jackson;fdominguez;15.253.47.24;810;1.16.2;2021-12-10
Smith, Jones and Sullivan;morancody;151.35.234.157;340;1.18.9;2018-07-12
Gomez-Hess;torrescindy;68.29.174.15;910;1.16.7;2015-07-22
Barnes Inc;nathanbrown;47.82.175.85;900;1.16.6;2021-02-16
Pierce-Wolfe;harrisonalexander;12.183.177.238;650;1.16.5;2017-03-27
Phillips LLC;tina62;57.88.53.139;980;1.10.5;2013-10-01
Walker-Avila;jonesanthony;2.156.60.196;860;1.19.6;2019-10-28
Nicholson-Foster;kempphillip;137.237.59.148;10;1.16.2;2014-02-12
Lara-Garza;jason02;219.177.153.59;150;1.18.2;2013-07-30
Jones-Hampton;roblesrhonda;51.30.225.126;410;1.18.7;2017-03-19
Armstrong and Sons;jonesamanda;145.193.67.202;240;1.15.9;2014-04-20
Garcia Group;ydeleon;208.30.13.198;780;1.10.8;2014-06-19
Gonzalez Ltd;angela46;85.151.108.250;720;1.16.2;2018-09-10
Campbell Inc;nancyfisher;151.168.212.23;660;1.13.3;2013-09-02
Kelley-Osborne;stacy93;169.143.53.85;80;1.13.7;2013-04-23
Cabrera, Hernandez and Walker;georgecarlson;1.106.241.156;640;1.13.0;2015-03-27
Snyder, Meyer and Cross;icrawford;55.226.190.74;400;1.17.0;2016-09-06
Martinez Inc;mbrown;153.250.193.97;520;1.14.2;2020-04-22
Ray-Douglas;mbriggs;215.40.203.142;770;1.19.2;2020-02-18
Perez Inc;victoria84;193.7.95.5;270;1.10.1;2019-06-27
Sherman, Perry and White;mary29;100.253.154.123;780;1.12.8;2013-03-16
Mendoza, Rose and Schultz;nmccoy;59.234.163.75;780;1.18.0;2018-09-16
Kelly Inc;richardbyrd;195.215.150.230;520;1.15.1;2012-11-16
Potter, Jones and Smith;robertcraig;14.190.124.242;160;1.14.0;2019-06-04
Stephens, Rodriguez and Nguyen;april88;188.154.65.35;520;1.15.7;2019-04-25
Haas, Black and Ramsey;brandon33;102.221.146.206;170;1.19.6;2022-03-03
Harris-Porter;fwebster;11.179.211.169;120;1.14.7;2017-12-01
Cruz Group;kristen25;42.150.255.181;170;1.10.7;2015-01-03
Campbell-Pineda;smithmaureen;8.33.207.137;710;1.11.3;2018-03-07
Little, Johns and Jackson;gregory38;59.208.164.85;370;1.10.9;2018-01-30
Hicks-Estrada;wagneralyssa;26.50.37.52;390;1.13.2;2013-02-12
Olson, Pruitt and Fowler;matthewlee;35.161.249.183;720;1.10.6;2015-10-04
Olson, Ramos and Williams;bradleysimmons;86.123.48.252;380;1.11.2;2020-06-13
Martinez-Ellis;tgardner;98.169.134.76;640;1.11.0;2021-01-14
Weiss-Ellison;erichardson;104.213.200.6;450;1.17.1;2019-03-31
Mueller, Alexander and Fisher;nharris;190.201.199.108;990;1.11.3;2013-08-07
Cordova, Walters and Wilcox;dean02;142.105.209.133;170;1.16.8;2017-08-06
Richardson-Hall;dennis77;31.97.219.43;450;1.16.9;2020-01-04
Smith and Sons;hannah07;162.97.151.161;280;1.11.9;2018-04-21
Arellano, Banks and Vincent;tyler70;44.163.112.221;260;1.14.2;2017-04-27
Barnes, Carrillo and Murray;ysmith;133.165.186.182;870;1.17.2;2015-12-08
Dyer and Sons;kristin06;90.130.95.178;350;1.14.9;2022-08-17
Mosley, Frazier and York;jonesjane;117.38.188.101;800;1.16.3;2014-06-07
Holder-Matthews;tim04;137.177.138.193;560;1.10.0;2020-05-18
Davis, Myers and Wright;mwells;45.4.131.44;10;1.11.1;2018-05-08
Ward, Malone and Colon;justin74;111.0.222.60;330;1.11.1;2015-11-03
Mason-Spears;welchkrystal;99.189.142.197;990;1.16.4;2020-08-18
Andrade Ltd;sarahmartin;112.72.58.248;650;1.10.7;2015-12-14
Harrison, Ball and Doyle;ritterjonathan;109.237.65.131;450;1.17.3;2019-10-24
Serrano-Joseph;ericksonsarah;54.66.62.0;820;1.13.9;2014-02-18
Morales, Russell and Diaz;heather20;192.241.172.108;500;1.11.1;2014-04-28
Nguyen LLC;smithashley;78.247.130.185;970;1.17.0;2018-11-05
Robinson, Campbell and Lyons;anthonywright;110.214.96.3;240;1.16.8;2018-08-04
Erickson and Sons;alicia89;223.223.100.110;190;1.18.9;2012-10-12
Lee and Sons;stephenhoward;68.184.194.22;730;1.11.7;2016-10-15
Orozco-Collier;rgutierrez;23.208.188.115;760;1.11.1;2019-11-05
Mcdonald Group;jennyjordan;30.119.142.153;900;1.13.7;2019-06-22
King-Stewart;tsimpson;159.110.202.33;200;1.14.2;2022-01-09
Jones-Wilcox;luismatthews;158.37.31.130;340;1.18.6;2015-08-08
Wright PLC;apage;113.118.84.144;720;1.16.4;2016-11-18
Thompson-Arias;deborah22;94.187.36.50;620;1.18.7;2012-12-20
Decker, Allen and Moore;acarter;36.66.20.209;310;1.10.1;2019-04-02
Lowe, Haynes and Page;danny73;94.201.21.206;950;1.13.1;2018-10-26
Smith-Allen;noblekimberly;153.80.1.60;30;1.18.7;2018-11-27
Ellison-Schwartz;youngnathan;136.179.205.241;600;1.15.5;2021-12-07
Robles-Montgomery;gmorgan;200.216.146.173;780;1.12.0;2014-01-31
Riggs-Carrillo;bbowers;162.165.88.152;260;1.10.0;2016-10-17
Johnson-Fuller;theresafuller;219.16.32.232;860;1.18.3;2020-07-30
White and Sons;omeyer;65.231.123.119;370;1.16.4;2018-02-17
Garrett PLC;ayalamatthew;47.74.223.146;120;1.10.1;2017-09-23
Fox PLC;carolyn39;155.173.238.214;940;1.12.1;2014-04-13
Conway-Martinez;edwardbrown;41.131.57.73;860;1.12.4;2014-01-28
Young Inc;william09;46.136.85.75;360;1.11.8;2022-02-07
Green-Boyd;mrogers;221.112.174.71;450;1.13.1;2014-12-11
Martin-Watson;tranandrea;220.110.195.176;810;1.12.1;2017-12-07
Bennett and Sons;knoxkathleen;193.27.69.117;590;1.15.8;2013-12-19
Thompson, Howell and Cummings;amandaburke;98.184.132.128;400;1.17.8;2017-04-18
Ortega, Armstrong and Ross;daviskristy;79.191.0.56;300;1.18.2;2022-05-17
Riley PLC;mclark;112.123.56.235;890;1.10.9;2014-12-15
Anderson, Frye and Snyder;perezfred;210.237.27.240;970;1.14.5;2013-09-27
Nolan-Bowen;robert89;197.161.60.180;310;1.12.0;2016-07-07
Powell Group;uchristian;184.63.36.207;590;1.12.8;2016-06-25
Garcia, Cole and Hale;mgamble;33.226.5.52;160;1.13.6;2022-07-02
Hodges and Sons;sarahbrown;150.123.17.176;30;1.14.2;2022-04-05
Freeman-Hamilton;rachel60;52.27.183.193;890;1.11.2;2020-01-18
Doyle, Blackwell and Jones;jamie46;159.162.61.193;30;1.11.7;2015-12-08
Johnson Ltd;jacob23;151.96.150.230;780;1.18.5;2014-02-07
Gilmore, Berg and Bass;kkennedy;66.223.221.194;230;1.18.7;2017-11-09
Mullins-Bennett;elizabeth91;128.76.208.199;660;1.10.6;2022-06-10
Reyes Group;rclark;154.128.235.90;220;1.14.0;2016-11-25
Richards PLC;haley26;220.54.15.1;810;1.17.9;2013-04-14
Hernandez-Ponce;lee73;11.148.25.43;970;1.11.6;2013-04-27
Yang PLC;mmorris;159.112.110.185;940;1.10.2;2022-04-27
Fernandez, Dunn and Perez;stacyrivera;38.163.76.58;110;1.19.0;2012-10-13
Webb, Rodriguez and Dunn;davidharvey;81.34.171.215;940;1.16.3;2018-10-09
Jones and Sons;bramsey;15.154.211.137;920;1.18.4;2022-08-12
Mata, Hudson and Floyd;michaelchen;182.18.10.73;80;1.18.8;2018-09-14
Mccarty and Sons;gsmith;214.233.99.117;820;1.14.0;2017-05-31
Keller, Wade and Henry;burnsjames;16.86.24.205;310;1.14.5;2019-12-27
Morales LLC;allen21;26.22.147.80;590;1.12.5;2018-12-06
Leonard and Sons;eperez;128.143.60.183;920;1.19.2;2015-04-05
Watkins, Jensen and Rogers;alisonscott;198.152.140.47;840;1.16.9;2013-09-11
Mccall, Ray and Hopkins;ojarvis;6.134.139.145;40;1.17.9;2016-12-01
Stanley-Deleon;wbailey;149.193.58.113;370;1.12.4;2016-10-10
Oneill, Ritter and Mckenzie;mariapage;117.5.62.38;290;1.14.6;2020-05-01
Johnson-Ramsey;edwardsjorge;136.162.188.176;370;1.19.9;2020-09-17
Curtis-Estrada;quinnheather;53.230.204.248;810;1.17.5;2021-10-06
Smith Inc;brendaclark;170.30.26.82;500;1.14.5;2017-06-21
Smith-Henderson;trevinoaaron;168.2.246.21;80;1.19.9;2016-01-19
Wright, Pineda and Hughes;evansvalerie;162.10.17.73;180;1.10.6;2018-07-07
Johnston, Bonilla and Jackson;housejay;16.15.67.17;980;1.13.1;2016-04-11
Ford LLC;wperez;68.27.26.170;470;1.18.7;2016-06-01
Ware-Roberts;barronian;203.175.3.15;810;1.15.0;2017-12-08
Moody-Flores;wparker;20.1.196.232;980;1.19.9;2020-04-13
White, Wise and Wolfe;edwardrasmussen;184.55.230.102;630;1.13.6;2021-04-13
Bennett-Herrera;blucas;195.20.21.215;700;1.18.6;2013-06-27
Price-Riley;macdonaldjeremiah;206.17.58.202;400;1.19.1;2021-10-08
Tran-Hicks;mooremaurice;103.94.136.174;740;1.11.8;2021-07-25
Spencer, Fitzgerald and Wilson;garciaamanda;69.78.128.193;670;1.14.3;2021-10-19
Atkinson, Davies and Harris;kjames;94.26.16.166;60;1.18.4;2017-12-20
Jones, Schultz and Williams;michael26;216.82.142.66;600;1.17.8;2021-12-02
Perez, Thomas and Norman;abigail50;173.156.144.12;900;1.14.1;2019-04-16
Ross-Rogers;dsanchez;204.53.55.106;420;1.13.9;2019-11-10
Terry, James and Peterson;gallegoscarl;113.211.130.62;590;1.18.0;2013-09-02
Rodgers-Taylor;maria61;81.126.231.38;40;1.12.1;2016-08-29
Harris Inc;jaredbolton;125.217.155.168;160;1.15.8;2018-04-30
Carter-Simpson;danielpope;104.160.152.143;580;1.13.1;2017-01-11
Mcdowell Group;sara99;174.181.191.85;660;1.18.4;2014-12-31
Murphy and Sons;hernandezdebbie;192.227.88.41;30;1.10.7;2017-02-01
Cooke, Fuller and Gibson;jamie47;42.119.89.39;250;1.11.0;2016-08-02
Baker Inc;ogould;18.244.127.213;170;1.12.8;2020-02-05
Ward, Frank and Lambert;lisalyons;121.76.191.10;800;1.19.1;2017-09-01
Clark PLC;eatonchristine;187.32.152.169;80;1.14.8;2015-05-10
Shaw Inc;silvacraig;49.93.95.196;330;1.13.8;2022-05-31
Bennett LLC;ltaylor;183.228.193.49;240;1.19.4;2016-09-09
Cunningham Group;hilljohn;67.155.99.194;530;1.12.1;2017-05-13
Wolfe, Zuniga and Davis;julia78;162.183.87.204;60;1.14.6;2016-01-30
Robinson LLC;james46;9.152.209.40;800;1.11.2;2015-01-11
Garcia, Wilson and Brown;ymason;208.70.81.231;370;1.16.5;2016-05-12
Padilla and Sons;john12;14.60.216.77;350;1.17.1;2018-08-11
Hensley, Kennedy and Cobb;phillipsweeney;143.215.11.20;280;1.10.6;2018-11-24
Johnson and Sons;jillianlucero;161.65.175.15;880;1.12.1;2018-11-28
Smith, Lang and Ruiz;melanie31;159.201.174.232;370;1.11.6;2020-03-09
Andersen Group;shawjeffrey;194.227.108.93;660;1.16.4;2015-11-21
Cooper, Mcfarland and Roberts;julia71;101.151.140.173;480;1.19.1;2012-10-27
Martin and Sons;amycasey;190.229.66.18;510;1.17.7;2020-10-01
Sullivan-Miller;cguerrero;22.253.225.15;220;1.17.1;2017-07-11
Miller Ltd;zimmermanlori;135.97.199.38;280;1.10.1;2019-10-08
Barton Ltd;sboone;14.48.22.52;390;1.18.6;2014-01-16
Sanchez, Mendoza and Curtis;jonesscott;184.143.171.226;60;1.19.9;2018-07-16
Chase Ltd;bowmancindy;88.50.242.220;590;1.13.2;2014-05-02
Barnes Ltd;hhoward;58.131.120.242;870;1.17.5;2020-12-04
Brown-Morris;charles17;102.19.55.252;960;1.11.0;2017-11-21
Martinez LLC;michael31;2.227.54.192;960;1.11.4;2018-08-24
Barr, Bright and Phillips;cindyallen;156.185.169.41;560;1.19.8;2019-01-12
Gray, Russo and Johnson;hannah44;151.186.220.57;960;1.19.3;2021-06-27
Velasquez, Sutton and Spears;nwalsh;69.18.52.246;360;1.17.4;2016-10-25
Moreno-Tucker;williamsjoe;17.7.178.141;60;1.19.5;2022-06-08
Wong, Hayes and Baker;mary56;134.103.12.81;920;1.18.3;2022-08-18
Ross Group;rosshoward;8.183.150.133;960;1.10.0;2017-07-20
Leonard, Stewart and Malone;cunninghamlindsey;14.235.149.153;340;1.17.7;2016-09-13
Larson Inc;shannon19;82.121.163.107;270;1.16.2;2012-11-02
Wheeler-Sloan;rebecca40;212.190.245.177;50;1.11.3;2018-08-24
Bird, Moore and Ryan;brittney72;134.233.109.191;380;1.17.2;2013-11-20
Ramsey-Diaz;autumn28;88.69.46.228;290;1.12.8;2019-01-30
Spears-Schmidt;kennethlee;88.124.150.128;100;1.14.9;2016-11-15
Coleman-Long;sclark;86.35.231.12;590;1.14.6;2013-10-02
Phillips-Harris;millerjenny;214.74.11.89;500;1.10.5;2015-10-23
Campbell, Taylor and Graham;billy66;196.125.206.162;810;1.11.6;2020-09-13
Baldwin, Klein and Baxter;zwilson;40.79.171.40;180;1.15.7;2014-03-10
Dunn, Hamilton and Holt;riggsnorman;43.52.125.51;100;1.12.0;2018-11-29
Cantu Ltd;harrisstephanie;116.242.239.183;470;1.17.9;2016-03-23
Stephens Inc;hcurtis;45.237.45.64;840;1.11.9;2017-07-06
Miller Inc;bartonfrances;185.156.0.221;780;1.11.3;2013-01-01
Huerta Inc;kimberly47;11.36.117.115;160;1.16.0;2015-11-20
Brewer Group;rebecca63;216.129.66.188;960;1.15.3;2014-10-26
Dalton Inc;flynch;154.80.164.146;170;1.12.7;2019-06-24
Miller PLC;charles75;162.111.156.215;670;1.15.1;2015-09-03
Pham-Lara;sylviasmith;11.10.34.66;490;1.10.9;2021-01-09
Wood-Rodriguez;isabella45;17.182.188.192;560;1.19.7;2018-08-31
Tran-Williams;pamelamiller;7.121.173.9;120;1.19.2;2018-12-28
Gibbs-Cisneros;matthewfrancis;163.43.235.143;230;1.11.1;2016-11-23
Mitchell Ltd;jon77;119.188.210.153;970;1.15.6;2014-06-05
Delgado PLC;dianawilliams;40.166.218.212;90;1.15.0;2017-05-13
Schroeder-Griffith;graysteven;193.91.222.128;410;1.18.5;2018-05-10
Mercer Group;floressherry;83.222.69.204;130;1.13.6;2020-04-12
Adams-Watson;cwilliams;203.207.190.242;610;1.17.3;2013-08-18
Roberson, Henry and Hunt;shawn75;126.122.242.58;410;1.15.8;2015-08-04
Reynolds-Garner;perezkim;96.14.136.166;800;1.18.8;2021-03-06
Martin LLC;swilson;18.211.11.241;40;1.15.6;2022-09-06
Dickerson, Gomez and Boyd;jill21;7.1.1.40;620;1.16.1;2015-09-17
Smith Inc;ayoung;104.210.175.49;830;1.10.4;2018-04-12
Walls Ltd;zcurry;90.70.181.247;210;1.18.0;2016-12-18
Johnson Inc;kyle46;176.77.30.55;110;1.19.2;2014-09-11
Bryant Ltd;adam05;60.224.61.44;750;1.10.7;2020-07-18
Young, Bailey and Rice;nancy26;67.99.19.54;280;1.19.3;2020-02-20
Stark, Frank and Young;kathryn25;213.94.176.78;210;1.17.0;2020-03-22
Strong, Brooks and Fowler;rhondajones;103.246.237.59;890;1.18.0;2020-08-09
Miller-Jackson;krista04;214.231.88.157;800;1.13.6;2019-07-07
Estrada-Martin;pstephenson;134.79.186.126;570;1.19.0;2018-12-24
Jackson, Roberts and James;peter99;124.87.35.251;240;1.16.2;2013-03-08
Roberts-Turner;tyler28;201.3.129.72;400;1.11.8;2013-06-07
Lee Inc;phillip77;100.166.159.64;520;1.10.4;2016-02-14
Evans, Rowe and Huynh;rgreen;18.96.43.245;810;1.14.6;2019-01-05
Ho, Yoder and Archer;jonathan85;112.84.123.79;920;1.16.7;2013-04-24
Lynch-Johnson;frenchjennifer;68.19.199.241;360;1.11.0;2018-11-21
Wilson PLC;hclark;81.252.50.201;490;1.12.5;2013-05-19
Brown Group;gharvey;72.160.44.200;80;1.19.2;2017-03-30
Burton PLC;betty56;176.182.97.244;520;1.19.0;2013-12-26
Freeman, Campbell and Patel;scottpena;48.249.2.141;100;1.11.7;2017-03-08
Brooks Inc;julievelazquez;111.133.15.33;960;1.17.3;2016-09-23
Flynn-Johnson;isabella85;51.237.100.155;450;1.16.5;2017-02-18
Lutz-Martin;ikaiser;112.249.34.125;540;1.14.8;2017-05-09
Serrano, Stephens and Cantu;sandrahull;186.66.174.71;640;1.18.4;2017-06-05
Miller Inc;lindsayjones;1.39.243.174;390;1.10.8;2014-01-09
Macdonald LLC;cdiaz;75.14.12.10;540;1.16.2;2020-11-27
Santiago-Hutchinson;ndavis;211.40.172.40;60;1.17.4;2012-10-17
Bailey, Hicks and Wilson;denise37;63.162.48.158;570;1.17.3;2012-10-24
Gonzalez-Vargas;lisa51;39.130.71.134;990;1.13.0;2017-01-17
Wilkins-Collins;sevans;168.13.27.100;470;1.10.7;2013-10-17
Collins-Hughes;danielbaldwin;172.103.172.40;940;1.16.5;2018-01-28
Coleman, Wilkins and Vincent;tarabrock;4.187.111.223;100;1.17.1;2017-04-10
Hernandez-Reyes;thomas29;22.165.175.220;520;1.19.1;2022-09-09
James Ltd;summer89;168.52.92.108;160;1.12.8;2019-06-11
Brown-Hendrix;prosales;12.29.56.135;740;1.10.2;2022-01-18
Oliver LLC;rlang;191.243.91.12;940;1.19.9;2020-02-27
Robinson Inc;cassandragilbert;154.201.157.93;680;1.19.3;2014-06-01
Cruz-Terry;randolphrichard;125.126.109.133;140;1.14.3;2013-02-04
Castro-Smith;mary21;195.10.114.4;870;1.12.6;2022-03-20
Watkins-Robertson;criggs;87.119.227.82;170;1.10.7;2017-11-12
Gutierrez and Sons;kristenblanchard;189.5.202.190;500;1.13.8;2020-01-16
Wood-Sanders;fbrown;115.7.97.127;50;1.12.3;2021-09-25
Rice, Smith and Wilson;maryhuff;173.223.119.115;170;1.16.3;2019-08-30
Dickerson-Gates;gvasquez;164.127.2.137;540;1.16.4;2022-08-09
Hanson, Morgan and Morton;christine04;111.126.63.165;110;1.13.1;2022-08-22
Fields-Matthews;inorton;12.153.94.96;470;1.10.9;2014-08-02
Villarreal-Nichols;prichard;220.5.90.67;870;1.19.7;2015-08-20
Cox Ltd;englishandrew;95.167.101.103;30;1.19.4;2019-03-02
Nguyen, Dawson and Collins;agarcia;87.69.245.250;500;1.18.8;2015-11-04
Petersen, Francis and Pollard;hunterjohn;219.224.157.42;460;1.11.1;2014-10-08
Alexander, Zamora and Delgado;fpage;131.237.150.218;420;1.16.4;2013-11-24
Dunlap, White and George;thomas15;27.172.36.193;920;1.16.3;2018-05-08
Walker, Webb and Norman;wbowers;155.173.255.169;150;1.16.3;2014-04-29
Schaefer, Davis and Johnson;erin15;9.6.107.70;910;1.14.6;2014-12-18
Lang-Taylor;dcampbell;199.134.194.123;750;1.16.3;2016-10-09
Smith Inc;foleybrandon;197.158.35.59;770;1.13.7;2016-12-22
Nielsen, Johnson and Bender;tpowers;49.51.217.98;680;1.12.3;2021-05-02
Russell-Zamora;foxjoseph;46.7.120.185;950;1.19.1;2014-04-29
Moore, Johnson and Tyler;natalie84;9.212.120.200;500;1.13.1;2016-11-04
Osborne-Wagner;egreen;64.67.84.78;920;1.19.1;2013-07-06
Carlson Group;henryjoyce;48.175.45.211;950;1.14.4;2019-12-13
Wright, Dominguez and Peck;darren46;75.80.196.173;10;1.16.6;2020-05-31
Banks, Perkins and Taylor;jeffrey19;106.160.245.144;450;1.14.8;2014-02-02
Mclean LLC;twarren;41.13.229.15;450;1.11.4;2022-01-27
Myers-French;rebekahreeves;151.91.190.84;90;1.18.9;2014-12-14
Davis LLC;robert66;56.130.132.174;500;1.19.2;2015-01-24
Brown, Smith and Williams;mlyons;163.60.162.21;750;1.10.9;2021-07-16
Spencer-Mullins;derrick52;148.175.163.108;40;1.10.6;2016-03-30
Navarro, Burgess and Conway;nicoleharris;138.31.47.161;550;1.19.6;2020-07-20
Smith, Caldwell and Perez;berrymatthew;1.126.85.5;580;1.14.2;2016-07-17
White-Williams;danielmatthews;27.40.100.125;270;1.14.6;2017-04-12
Johnson, Sullivan and Garcia;zacharymontgomery;163.238.93.84;480;1.19.0;2021-11-17
Fuentes PLC;hannahclark;136.243.148.68;790;1.12.0;2017-09-11
Richards, Bryant and Conner;janetnoble;17.44.39.231;370;1.16.4;2014-01-23
Ward, Townsend and Boyle;hamiltonphillip;12.92.196.213;630;1.12.5;2018-08-09
Elliott, Johnson and Williams;sdean;201.35.249.195;740;1.19.0;2018-02-08
Campbell, Evans and Wyatt;rmyers;156.104.217.137;310;1.12.1;2022-09-04
Allen, Stout and Ward;tsnow;179.239.145.97;660;1.11.9;2021-10-27
Harris Ltd;anitabates;70.201.249.242;30;1.14.7;2017-10-09
Miller, Fuller and Green;jennifer18;82.171.200.253;960;1.12.6;2016-05-31
Hammond LLC;crystaljones;213.157.67.219;290;1.17.1;2013-04-23
Evans, Pruitt and Shaffer;ikane;143.220.42.8;270;1.15.5;2020-01-11
Morales-Jones;sdominguez;218.102.71.217;540;1.17.9;2013-05-28
Carpenter LLC;xcarpenter;156.89.182.249;100;1.15.5;2016-04-11
Rhodes, Huber and Lee;brownjoshua;222.58.108.180;380;1.12.8;2013-06-12
Simmons-Wolfe;wongholly;202.135.160.52;140;1.19.9;2018-05-06
Simmons-Baker;kwilliams;155.32.97.11;960;1.18.2;2016-11-23
Salas, Barnes and Mack;wthornton;35.156.91.58;720;1.13.0;2020-01-09
Moss-House;barrettadam;32.228.218.202;310;1.17.9;2017-12-25
Smith-Webster;adkinsjason;116.225.3.252;570;1.19.2;2015-04-11
Manning, Munoz and Hernandez;aaronnavarro;119.42.76.132;590;1.12.2;2015-08-24
Malone-Mclean;samantha87;177.192.33.111;150;1.12.1;2019-11-28
Schultz, Hayes and King;seanhamilton;121.228.79.58;230;1.13.9;2022-02-05
Miller-Barker;wwilliams;171.63.146.98;850;1.11.9;2016-02-17
Cameron-Henderson;laurendelgado;137.197.134.116;310;1.14.1;2021-04-08
Neal-Flores;ymurphy;108.144.91.192;800;1.15.6;2016-08-01
Fowler, Cherry and Hernandez;rose35;151.203.198.33;700;1.13.5;2015-12-27
Rogers, Lewis and Ross;brian76;209.48.98.178;260;1.18.3;2016-01-07
Holland Ltd;ericfranklin;165.140.87.143;100;1.16.2;2012-10-09
Olson, Pineda and Cook;williamserica;146.82.158.98;930;1.13.1;2019-01-04
Powers Ltd;richard52;171.72.217.121;720;1.10.5;2014-08-29
Sharp LLC;davidsmith;105.193.132.243;940;1.11.2;2016-03-31
Walton, Gentry and Singh;andersonkevin;28.103.84.231;210;1.14.4;2022-04-22
Cox, Miller and Butler;erobinson;176.164.89.210;870;1.12.0;2017-06-05
Little-Estes;karenibarra;107.5.166.107;990;1.13.8;2017-10-12
Alvarez LLC;katrina21;146.212.153.108;350;1.11.0;2015-02-08
Jones Ltd;redwards;28.96.51.247;950;1.18.4;2017-12-06
Sanchez, Archer and Lyons;qkeith;66.12.165.72;330;1.18.8;2014-05-02
Adams, Frazier and Moody;pscott;175.174.32.127;870;1.11.5;2015-09-16
Wall, Martin and Mitchell;greggwelch;23.80.170.141;300;1.19.0;2019-12-16
Hunt-Kirby;kevin23;31.108.17.130;530;1.18.6;2015-04-17
Walton-Walsh;travistaylor;172.114.116.160;270;1.16.6;2017-08-30
Taylor-Pena;ohull;126.120.78.53;430;1.12.6;2022-09-15
Jones-Wells;smithjesus;23.82.120.243;470;1.18.0;2021-12-28
Romero-Wang;deborah29;154.5.3.167;970;1.11.6;2020-10-01
Gamble and Sons;fergusonherbert;221.142.151.28;120;1.11.1;2018-08-15
Williams, Small and Carpenter;wallaceluis;89.79.29.62;50;1.17.7;2016-03-05
Lucas Group;brenda35;19.208.252.64;990;1.10.3;2022-03-08
Prince Group;awhite;9.146.211.35;540;1.10.5;2022-04-30
Floyd Ltd;smithadrian;148.153.81.130;330;1.10.2;2017-10-06
Martin, Summers and Kim;gregory92;122.69.56.205;540;1.17.6;2017-11-24
Weber Ltd;josecampbell;30.249.23.201;130;1.12.6;2019-03-03
Roman-Gregory;christopheraguirre;79.212.25.19;400;1.12.2;2018-02-03
Johnson Ltd;stephanie44;55.138.73.49;90;1.16.4;2017-07-24
Jones-Abbott;wheelerjulia;198.55.11.249;930;1.13.3;2017-03-26
Wright, Knapp and Wright;craig13;221.234.89.123;710;1.15.9;2022-07-06
Thompson and Sons;aguilarwilliam;149.151.80.139;510;1.14.3;2012-12-13
Moore-Flores;michael16;9.82.31.225;240;1.13.7;2022-08-05
Yoder PLC;morrischad;133.91.42.200;310;1.19.8;2015-07-15
Scott PLC;ricardogarner;106.188.19.171;470;1.11.6;2021-12-30
Dyer Inc;johnsonjames;25.90.8.174;780;1.14.2;2021-02-03
Strickland-Ruiz;robinjenkins;9.71.235.69;940;1.13.6;2017-10-29
Ward Ltd;zcline;165.238.23.196;430;1.18.3;2015-06-28
Kirk, Valentine and Elliott;velasquezlauren;75.91.24.158;280;1.13.7;2015-11-06
Newman and Sons;adean;118.13.90.240;800;1.18.9;2018-06-29
Mcdaniel, Jordan and Dawson;mdavis;35.154.122.19;600;1.16.6;2013-05-05
Lambert Group;pereznancy;15.243.127.229;690;1.11.2;2014-03-28
Wright-Manning;wdorsey;112.251.179.80;890;1.16.1;2014-03-19
Chambers PLC;rebecca24;77.172.197.240;410;1.15.7;2015-11-29
Gutierrez and Sons;lutzclaudia;204.78.70.48;820;1.10.3;2020-11-14
Carter, Gibson and Dean;kennethvelez;100.31.89.34;990;1.14.1;2019-08-15
Miller-Rodriguez;wscott;131.252.1.236;290;1.12.3;2012-11-06
Mendoza, Mendoza and Rivera;karla40;200.140.45.234;140;1.18.5;2013-05-25
Davis, Lloyd and Bradley;austin96;24.31.35.187;210;1.19.4;2021-08-29
Ross-Anderson;victoria02;8.114.142.70;880;1.13.4;2019-06-29
Riley-Scott;jeremyadkins;72.200.193.83;700;1.14.1;2020-02-06
Johnson, Murphy and Reyes;xbaker;96.156.20.88;740;1.15.9;2017-12-09
Gallagher-Hernandez;gmason;69.223.97.232;460;1.16.8;2015-03-01
Little Ltd;hillpatrick;145.62.225.213;500;1.11.6;2017-06-20
Lindsey-Williams;michelleperez;51.152.237.118;830;1.10.7;2019-01-29
Burns Group;fergusonethan;134.159.88.128;210;1.12.9;2022-03-29
Crawford Ltd;williamclayton;37.25.53.151;760;1.11.5;2019-07-10
Rodriguez PLC;travisoneal;135.5.73.3;490;1.13.1;2020-05-28
Ward-Hancock;vsummers;67.21.178.219;530;1.10.4;2016-08-11
Lewis-Estes;scott47;110.67.216.246;510;1.10.2;2016-01-12
Taylor, Roberts and Morales;ejenkins;88.155.162.161;790;1.16.5;2018-02-19
Miller LLC;melissaortega;205.102.24.27;40;1.11.7;2015-12-26
Graham-Garcia;bakertimothy;41.42.17.168;410;1.17.6;2016-05-04
Bonilla Inc;yfitzgerald;184.0.102.220;970;1.13.8;2017-10-21
Ellis-Guzman;brewerjames;59.227.32.5;960;1.10.6;2019-12-16
Hayden-Chavez;jonathanhughes;14.240.33.20;800;1.15.2;2022-08-24
Jordan-Watkins;ricardo19;193.42.215.160;710;1.19.7;2015-07-16
Lee-Jackson;lmorrow;211.144.165.126;270;1.14.6;2021-10-15
Willis-Booth;craig84;82.184.150.18;120;1.14.4;2018-09-20
Johnson PLC;aliu;29.255.68.200;450;1.13.0;2018-03-19
White-Summers;saragray;28.56.21.130;640;1.15.1;2016-01-25
Stanton and Sons;patriciarivera;215.214.99.34;850;1.12.0;2021-07-21
Moon, Barnes and Williams;contrerasscott;211.207.78.100;80;1.19.1;2017-04-16
Ho, Nunez and Bishop;david15;110.50.71.111;980;1.16.6;2019-12-17
Goodwin LLC;nbyrd;75.38.155.7;920;1.19.8;2016-08-07
Sosa Ltd;richard37;172.218.183.170;910;1.19.4;2021-10-12
Lee-Harris;hernandezcharles;1.43.94.248;260;1.14.7;2013-04-21
Salinas, Arnold and Castillo;michellephillips;66.68.111.152;270;1.19.5;2016-03-27
Kirk PLC;tmartinez;152.63.195.20;130;1.16.1;2019-10-27
Villarreal-Kaufman;michael67;106.238.23.63;30;1.19.7;2017-04-14
Campbell-Hardy;mccarthywilliam;56.245.128.97;200;1.11.3;2020-09-08
Browning-Church;suzannewilliams;25.108.219.107;860;1.17.0;2014-02-12
Lewis-Carpenter;qmoore;123.136.251.221;980;1.10.9;2013-03-09
