likely;default;hardcore;484700389754826;True
around;single biome;spectator;194311524678112;True
peace;large biomes;spectator;236387350923081;False
east;default;adventure;589764955117104;True
price;superflat;spectator;804136543645776;False
Star;superflat;hardcore;48731555705497;True
yourself;superflat;hardcore;522201334221986;False
Happy;superflat;hardcore;54719541154811;True
As;default;hardcore;390495749601909;False
chance;caves;hardcore;211704789435187;False
no;large biomes;hardcore;603847179541937;False
right;superflat;spectator;104267128006922;True
Lose;large biomes;spectator;458647862271896;True
large;superflat;hardcore;679475882993349;False
well;superflat;spectator;458373734831863;True
cover;single biome;creative;28816190471619;True
manage;single biome;adventure;437640193664838;False
compare;large biomes;adventure;752432210669612;True
Book;single biome;spectator;398160431535134;True
receive;superflat;survival;707739689668835;True
which;single biome;survival;925951162264354;False
space;default;adventure;541306384919644;True
receive;single biome;hardcore;394464920991818;True
also;caves;creative;622142463813036;False
away;single biome;survival;105582107478238;True
late;default;hardcore;979012304766498;True
Whose;caves;survival;5948058008241;True
as;default;spectator;986190942965249;True
chair;caves;hardcore;610841041527169;True
fast;caves;spectator;443122284770973;True
hit;default;creative;852054193510678;True
Ready;default;spectator;179823273497561;True
discover;superflat;survival;398816198106436;True
Who;single biome;spectator;355719720779038;False
Program;large biomes;adventure;342353008959999;False
word;superflat;hardcore;663683939100497;True
life;superflat;survival;317942912007287;False
quality;large biomes;spectator;471371888320337;False
Hit;caves;survival;824311864793492;True
property;caves;survival;315111713077316;True
available;caves;spectator;800599929877025;True
unit;single biome;adventure;371684436276664;True
bag;single biome;creative;661382179745987;True
should;large biomes;creative;234502524535272;False
us;large biomes;hardcore;243707051720306;True
interview;large biomes;spectator;52454603428664;True
Cut;superflat;hardcore;629896525021204;False
high;superflat;creative;285578630539411;False
record;default;survival;260272664654355;True
white;superflat;survival;64268712626218;False
require;single biome;hardcore;901515698845683;False
particularly;default;creative;11736496715661;False
keep;superflat;creative;208784335657883;True
laugh;superflat;hardcore;996482986747130;False
onto;caves;spectator;169655042123749;False
At;default;hardcore;682513087385780;False
sit;default;hardcore;580950907406273;False
Democrat;default;creative;20180816198155;False
say;single biome;adventure;152830286976274;True
card;default;survival;215169365107715;False
idea;superflat;hardcore;413405597677915;True
field;superflat;creative;679897000392020;True
Magazine;single biome;creative;686314654760107;True
adult;large biomes;hardcore;944158269875118;True
Remember;default;hardcore;271089310375960;True
open;caves;creative;391895568462206;False
The;single biome;hardcore;41254288071730;False
none;superflat;hardcore;799085267768189;True
most;superflat;spectator;257369266684972;False
various;superflat;spectator;52500452828056;False
buy;large biomes;hardcore;363984329056039;True
Teacher;default;creative;51574093497186;True
anything;large biomes;adventure;845557511475679;True
just;default;adventure;238141821361767;False
Eight;superflat;hardcore;568219377692636;False
service;single biome;hardcore;443812397282836;True
push;default;spectator;543608235142623;False
similar;caves;spectator;230335281448266;True
remain;large biomes;survival;462549312237485;True
world;large biomes;spectator;33859084113563;False
subject;caves;adventure;743397722158277;False
only;large biomes;hardcore;161226959282747;False
couple;default;hardcore;609141222968827;True
worker;superflat;spectator;17810590932064;False
hospital;superflat;survival;163555520166630;True
memory;single biome;creative;769626138874363;False
call;superflat;creative;466397628190858;False
What;caves;hardcore;757385203803464;True
Condition;caves;adventure;44753535028129;False
most;single biome;survival;165427679525033;True
development;large biomes;survival;934229329845676;True
thus;single biome;hardcore;115017754824459;True
situation;superflat;adventure;314880245532175;False
movement;caves;survival;529998059140311;True
war;large biomes;adventure;184860282629283;False
remain;single biome;hardcore;870555497103303;True
me;default;creative;399518042752420;False
case;large biomes;survival;690011187828308;False
team;single biome;adventure;883535186698621;True
himself;caves;hardcore;399699363191805;False
voice;superflat;hardcore;58890324371273;False
administration;superflat;survival;646882267368368;False
difference;single biome;spectator;690650627038184;False
Tree;default;spectator;818944610184200;True
response;single biome;spectator;53368837305430;False
network;large biomes;adventure;367173174505169;False
despite;large biomes;survival;498652027135170;True
high;caves;adventure;405622641373085;False
several;default;hardcore;223031174998562;False
beat;superflat;creative;988371336119264;True
important;large biomes;creative;600450719110002;False
onto;superflat;hardcore;783189748899169;True
reveal;single biome;adventure;886500114927553;True
Wind;default;adventure;670247182960989;False
unit;default;creative;353225044505857;False
seek;caves;hardcore;27178118628732;False
Year;caves;adventure;930724777129891;False
event;large biomes;survival;86111006269173;True
production;caves;adventure;785900037904365;True
yard;single biome;adventure;281474543387758;False
Grow;caves;spectator;286764816368497;False
Eye;single biome;creative;145410975236575;True
he;single biome;spectator;64035024975161;False
serve;large biomes;survival;316284985081491;False
treat;large biomes;creative;41063621957944;True
Service;superflat;hardcore;193474486216729;True
million;caves;adventure;972981247716410;False
various;large biomes;spectator;19150538139266;True
three;single biome;creative;104559169646227;False
skin;single biome;adventure;952054264780874;True
else;default;survival;847424344608670;True
around;large biomes;survival;311327609563676;True
herself;large biomes;creative;456330971761583;False
wear;large biomes;spectator;369454785878445;True
Quickly;single biome;hardcore;868862744812801;False
ago;single biome;spectator;972563726394775;True
radio;superflat;hardcore;183470005101764;True
what;large biomes;spectator;576673516002530;True
rise;superflat;spectator;779041003512331;False
Final;single biome;spectator;178575318167032;True
she;single biome;hardcore;134586531996985;True
bit;superflat;survival;674692831920991;True
protect;single biome;survival;169407207652776;False
morning;single biome;spectator;5774649306473;False
happy;default;spectator;413239136625842;False
party;default;adventure;91977924859598;True
drop;single biome;adventure;59205479788801;True
understand;default;creative;809353303829835;False
economy;default;spectator;67725582676560;True
fight;single biome;spectator;545992543685115;True
wait;default;adventure;28429284385685;False
training;large biomes;hardcore;61913807439451;False
Forget;caves;hardcore;332236038274225;False
risk;default;creative;131004618582833;True
major;large biomes;hardcore;706582336431279;False
Which;superflat;spectator;845295664530485;True
agree;large biomes;creative;291853895135487;False
write;default;adventure;516724828529982;True
around;single biome;survival;662222897491090;True
candidate;superflat;adventure;602558860969189;True
popular;default;adventure;449086098875930;True
must;superflat;adventure;820284870899332;True
See;single biome;survival;345137534684479;True
Rate;large biomes;survival;692247271484053;False
most;superflat;survival;729831177593315;False
Cover;default;adventure;423754102750236;False
yes;superflat;spectator;227926800054396;False
Mr;large biomes;adventure;129979157079373;False
or;default;adventure;870392575149342;True
not;default;hardcore;496964138731174;False
prevent;caves;hardcore;438814785094565;False
pressure;default;creative;396025450162734;False
human;single biome;hardcore;742224931370099;True
especially;default;creative;877077857513539;False
he;superflat;hardcore;434902587177470;False
year;superflat;adventure;164198709611093;True
teacher;large biomes;spectator;808000157064390;True
Local;single biome;spectator;267797865121986;False
hand;superflat;adventure;103898412114712;True
indeed;default;hardcore;871749855142531;True
Fire;superflat;creative;976670146389133;False
Blue;large biomes;hardcore;786044566147232;False
Determine;default;creative;278517335947675;True
public;large biomes;adventure;42190765915134;False
Radio;large biomes;survival;524594668653925;False
floor;default;hardcore;127161689663727;True
Candidate;large biomes;spectator;791640469024630;False
explain;superflat;creative;510224864718484;True
research;caves;hardcore;200464855182517;False
operation;superflat;creative;698843561781190;False
soon;large biomes;spectator;909842426847440;True
Indicate;caves;spectator;887129743197527;True
blue;caves;hardcore;868884873120099;True
decide;single biome;hardcore;704055352878110;False
animal;superflat;spectator;41146356262804;False
part;caves;hardcore;973588582145914;False
television;large biomes;survival;183186753933284;True
Move;large biomes;hardcore;426457472249907;True
major;default;adventure;952087679409996;False
go;single biome;hardcore;872774439148299;False
produce;caves;creative;839683223146138;True
decade;superflat;spectator;607480271833345;True
drive;large biomes;hardcore;374360297135127;True
during;single biome;creative;376622474137069;False
approach;single biome;spectator;24609814109606;False
matter;superflat;adventure;977231013962462;True
Check;superflat;survival;641608951222973;False
push;large biomes;spectator;314826622732138;False
rest;caves;adventure;908193386831425;False
cut;default;adventure;574264726607917;False
guy;caves;spectator;699823000719640;True
political;caves;hardcore;85383195358824;True
hand;single biome;spectator;538555808216565;True
tough;caves;creative;490928967357474;False
American;superflat;adventure;524659827408336;False
agency;default;creative;441651990568760;False
large;large biomes;creative;676701108591855;False
many;default;spectator;965014029935908;True
course;caves;hardcore;767744090334047;False
road;large biomes;adventure;677187228051730;True
option;caves;hardcore;647647983508352;False
Particularly;superflat;survival;718180417385803;False
when;caves;hardcore;44086251542304;True
market;default;survival;615420650932149;True
Exactly;single biome;creative;413565995771269;False
hair;superflat;survival;115638402345978;False
bill;default;hardcore;263117580615622;True
religious;large biomes;creative;605170578228470;False
Sea;large biomes;creative;139673113458391;False
Operation;large biomes;survival;238616077163926;False
choose;superflat;spectator;772219878736467;True
Congress;large biomes;spectator;171494531726967;False
cold;default;hardcore;249889351259736;False
Somebody;caves;adventure;350358553752250;True
each;caves;creative;221562514547456;False
sit;superflat;creative;229325920052713;True
Fear;large biomes;survival;87819591478158;False
court;large biomes;creative;986454101621322;False
Century;superflat;hardcore;657671744491916;True
thought;large biomes;adventure;883007034685695;False
garden;superflat;adventure;709267920680997;False
Down;default;spectator;987195446307392;False
Bar;default;adventure;558494260981155;True
leg;caves;survival;295113528427898;True
conference;caves;creative;741009691485147;True
Become;caves;creative;856299512143043;True
job;default;hardcore;42401661017663;True
agreement;default;adventure;100415016261422;True
heart;default;hardcore;351147766743822;False
major;default;spectator;15943610104015;False
Choice;single biome;hardcore;567247504436230;True
career;single biome;hardcore;164262626189813;True
discuss;superflat;creative;216442125038267;True
Child;large biomes;adventure;302162883050941;False
us;caves;survival;528256031740183;True
probably;large biomes;survival;357829589819917;True
rule;default;hardcore;536472190599;False
station;large biomes;creative;887399795085058;False
believe;large biomes;spectator;586683817920828;True
involve;large biomes;survival;952977861393528;False
war;superflat;creative;414037487551830;True
environmental;single biome;adventure;723952295031640;False
he;default;hardcore;600047402073109;True
no;superflat;hardcore;346502764418626;False
those;large biomes;hardcore;547738841485993;False
while;large biomes;hardcore;301738786872248;False
treat;large biomes;survival;195875258403705;False
want;caves;spectator;273556771299746;True
per;caves;creative;194157834821524;True
partner;large biomes;hardcore;445418643442499;False
may;large biomes;adventure;445782264307212;True
recognize;single biome;hardcore;495771939409974;False
Bag;large biomes;survival;979584229170443;False
leave;default;creative;36868459021495;False
relate;superflat;spectator;261348737647193;True
Road;superflat;adventure;658507601760688;True
yourself;caves;adventure;933370721583320;False
realize;caves;creative;330909375843422;False
not;large biomes;survival;523042771717275;False
Enough;single biome;adventure;838909866981855;True
Authority;single biome;hardcore;464592073383025;False
though;default;hardcore;489300952191015;True
central;default;spectator;706510701210932;False
nor;large biomes;creative;577181717885580;True
Turn;large biomes;adventure;399149268372462;False
blue;caves;creative;619848405467096;False
vote;default;spectator;479792468595590;False
ask;default;creative;194895843882507;True
art;superflat;spectator;445223545365574;True
type;single biome;spectator;307643350079696;True
stock;default;adventure;817893631015159;True
Before;superflat;adventure;878793663640325;False
impact;superflat;adventure;244573989177583;False
Present;default;hardcore;661599136666578;False
Cultural;superflat;hardcore;988211383817597;False
debate;large biomes;adventure;665829786377970;False
population;default;creative;788205022851878;False
language;superflat;hardcore;293338825319014;False
eat;large biomes;spectator;936280772108362;False
Administration;large biomes;spectator;477135958441368;True
recently;large biomes;spectator;61190472301936;False
apply;large biomes;hardcore;962098198558633;False
board;single biome;spectator;962978993631968;False
represent;single biome;spectator;713592233283060;True
eat;default;hardcore;602283115155721;False
lawyer;single biome;adventure;923087618740621;True
they;superflat;adventure;281808119299934;True
shake;caves;survival;848889624277734;False
thousand;default;hardcore;482502638217451;True
allow;large biomes;survival;869503784201481;True
approach;default;survival;845275067892650;False
coach;default;creative;517939685331592;True
buy;single biome;survival;793017309251645;True
follow;caves;spectator;389877641697841;False
heavy;caves;spectator;205469832438126;True
fine;large biomes;hardcore;26469696604052;False
water;single biome;creative;934494346955436;False
course;single biome;survival;623609544729820;True
character;large biomes;survival;621520081936619;False
I;superflat;creative;175007685622537;False
Know;caves;creative;413188492451616;False
between;superflat;hardcore;910820421006793;False
expect;single biome;adventure;869243572386796;True
Somebody;superflat;hardcore;700573525998008;True
site;large biomes;survival;856181166925792;True
Catch;caves;spectator;954445848332669;True
Despite;single biome;hardcore;758076206343744;False
each;single biome;adventure;742037073625887;True
require;superflat;survival;261223987414447;True
oil;default;adventure;333445657958992;False
without;caves;spectator;835331972335995;False
every;large biomes;spectator;665190606120680;False
audience;single biome;spectator;413701002948256;True
will;caves;spectator;432048137653119;False
Production;single biome;survival;604670650081764;True
watch;default;spectator;962189252532385;True
technology;default;creative;488324854191529;True
often;caves;adventure;615732354259185;False
of;single biome;survival;250457785655206;False
Week;superflat;creative;827042300481460;True
campaign;single biome;creative;374239545090670;False
best;default;adventure;188084206328249;True
million;single biome;adventure;531527837176367;False
so;default;hardcore;341074268116588;True
maybe;large biomes;survival;478295447125010;False
something;default;hardcore;362258981633133;True
fine;default;survival;160151126802746;False
involve;caves;survival;849404367851726;False
Admit;single biome;adventure;779612764583285;True
Someone;single biome;survival;808902068282387;True
red;caves;creative;606069040824107;False
institution;single biome;spectator;574893529801190;False
we;superflat;hardcore;895739214647469;True
charge;default;spectator;440555478806727;False
Money;single biome;adventure;444564520054251;True
power;caves;survival;155413860500607;False
order;caves;survival;620432033516717;False
ready;default;spectator;126667386300033;False
Ten;caves;creative;25308050777257;True
coach;large biomes;adventure;44455538607487;True
Bit;superflat;hardcore;909207633794537;False
News;superflat;creative;660747591072665;True
wife;single biome;hardcore;931801554858117;False
Win;caves;survival;465864377968478;False
candidate;caves;spectator;92946016382647;False
great;default;creative;382615461800343;False
In;default;survival;704684232579621;False
trouble;superflat;creative;609847951947764;True
Begin;superflat;adventure;111771980493087;False
particularly;caves;spectator;260903594511452;False
Republican;large biomes;hardcore;54273545958789;True
save;single biome;creative;164891939344109;True
involve;default;adventure;741580202211856;True
despite;superflat;spectator;784378919826310;True
medical;single biome;survival;480434732994384;False
the;superflat;creative;484703053692029;False
despite;superflat;creative;675921246105277;True
nearly;single biome;adventure;910626700974025;True
respond;single biome;spectator;758600468220329;True
democratic;large biomes;adventure;825941702758038;True
take;large biomes;spectator;682257146284883;False
government;superflat;creative;253895762871853;False
teacher;large biomes;spectator;95460666587339;True
food;caves;adventure;266441168940710;False
rest;superflat;creative;698656872006784;False
Evidence;superflat;adventure;167452943054355;False
soldier;large biomes;spectator;861724328343199;True
also;single biome;spectator;179468137090063;True
style;large biomes;creative;164069778231445;True
around;single biome;hardcore;441573725584403;False
building;single biome;survival;872410324896184;True
church;caves;survival;841880718881509;False
page;large biomes;hardcore;905623992433724;True
do;superflat;creative;860396967289053;False
recognize;superflat;creative;428022697571264;False
age;large biomes;adventure;582516131190073;False
easy;default;hardcore;853161856872956;True
laugh;caves;hardcore;290389028163220;False
indeed;single biome;creative;710633723962521;True
able;large biomes;creative;925972326875536;False
do;caves;spectator;956728001596904;False
push;default;spectator;937267516057929;True
know;default;spectator;274234101218426;True
game;large biomes;creative;514989312142926;True
until;default;spectator;967434526840722;True
statement;superflat;hardcore;110923756449979;True
court;single biome;hardcore;27307484465344;True
necessary;single biome;hardcore;517923800600534;True
institution;single biome;adventure;993050814984320;False
nature;single biome;adventure;136342023387361;False
tell;default;adventure;982449872287215;True
per;caves;hardcore;381555592887779;False
cold;caves;spectator;617172637174256;True
List;caves;hardcore;751928846823726;True
top;caves;adventure;445889053491112;False
development;default;spectator;995437886719287;False
case;caves;spectator;258234557339421;False
it;large biomes;survival;837251648296628;False
Child;single biome;creative;754327815394278;False
girl;default;spectator;416643515529270;False
head;caves;creative;971403411233165;True
star;default;survival;776760380754445;False
line;caves;survival;971640314134160;False
short;caves;survival;664450537672825;False
heart;superflat;hardcore;229532198488564;False
join;superflat;creative;180087915579862;False
ask;caves;spectator;811211307883334;True
politics;large biomes;creative;643340377087398;True
Agent;large biomes;adventure;474556645003215;False
thus;default;hardcore;946659968138403;True
already;single biome;survival;144728579450624;True
hospital;default;creative;334575654945981;True
successful;default;adventure;848744864167591;True
best;superflat;hardcore;679330419792290;True
wall;single biome;survival;574090243093134;True
consider;single biome;adventure;713594718250753;False
time;superflat;survival;596939083516876;False
so;single biome;spectator;234310817140606;True
financial;large biomes;adventure;229082373260378;True
particularly;single biome;survival;809540583120026;True
Miss;superflat;creative;73586784883798;True
Task;large biomes;spectator;641497323793673;False
child;default;hardcore;202173988647067;True
leg;single biome;spectator;531752124688878;True
experience;superflat;survival;904872062144343;True
Under;superflat;adventure;230657102633416;True
participant;caves;spectator;205998171334060;True
whom;caves;survival;492724751189638;True
major;superflat;adventure;267170731473330;True
somebody;caves;adventure;360292490638334;False
customer;superflat;survival;447907389473732;True
understand;single biome;spectator;307743694519147;False
member;large biomes;creative;625287192117860;True
human;superflat;spectator;629554687496568;False
article;large biomes;creative;809592852169417;False
almost;superflat;survival;878032806789937;False
cold;large biomes;spectator;163085370844948;False
audience;superflat;survival;629141322955311;True
rise;single biome;spectator;334360368978252;False
leader;default;spectator;902752405883625;True
Republican;superflat;survival;372148325720002;True
seat;superflat;creative;317960798076809;False
despite;caves;creative;745117408740478;True
such;large biomes;survival;452761007239625;False
full;caves;adventure;555952745886308;True
nor;superflat;adventure;798981224094161;True
rule;default;spectator;561648622525029;True
professor;caves;survival;890287144214573;True
Forward;single biome;creative;894489879360911;True
nothing;superflat;spectator;849466177264424;False
maybe;default;adventure;89620523817338;True
help;superflat;spectator;654512206992469;False
Happen;default;creative;254772060044290;True
various;caves;spectator;665858620542175;True
Party;single biome;creative;646082357352876;True
major;single biome;spectator;712726767059853;False
could;caves;creative;363425900936365;True
ten;large biomes;spectator;552060379464226;False
new;superflat;survival;792992345331001;True
finish;single biome;spectator;255605329156943;True
Reveal;superflat;creative;13872048999186;True
she;superflat;adventure;916190245662811;False
imagine;default;spectator;366646869498756;True
present;superflat;hardcore;538286110517465;False
spend;single biome;creative;173181732228592;True
behavior;single biome;creative;919450028525832;False
whom;superflat;spectator;423745527812660;False
performance;large biomes;survival;231246443364163;True
case;caves;survival;347218319565371;False
job;superflat;survival;131417305582364;True
fly;caves;spectator;423097165080748;False
result;superflat;hardcore;413924371297014;True
sing;caves;survival;855873896693005;False
stay;single biome;spectator;582675441309058;True
Child;superflat;hardcore;275065107139909;True
control;caves;spectator;774723415286237;False
fill;large biomes;adventure;526069821938069;True
car;default;spectator;60999802503822;True
production;superflat;hardcore;883405420883699;True
factor;caves;adventure;422614344023528;False
concern;superflat;spectator;394831769200459;False
better;default;hardcore;9758609102837;False
six;superflat;adventure;240128122889243;False
store;superflat;spectator;842587480217538;False
population;superflat;survival;118412826051919;False
Piece;single biome;hardcore;457611995772845;True
skin;default;adventure;804657441869066;True
provide;caves;hardcore;916272011535370;True
past;default;creative;716005492759238;True
Democratic;default;hardcore;894607363977075;False
clearly;large biomes;survival;80811868648107;False
let;single biome;hardcore;415017952778426;True
beyond;large biomes;spectator;151994561968018;False
month;superflat;spectator;600452673188540;True
memory;caves;creative;88936486938342;False
almost;default;spectator;302596774974898;True
Article;caves;spectator;91732249794414;False
happen;superflat;survival;574449320913456;False
for;caves;survival;870730996619896;True
product;large biomes;spectator;573888181584549;True
they;superflat;creative;263023391405742;True
effort;default;survival;423153957041597;False
research;default;creative;567504921316196;False
traditional;superflat;adventure;665045127937375;True
follow;superflat;adventure;283645651674000;True
Lay;superflat;adventure;152556220316175;False
Floor;single biome;hardcore;452825286578393;True
There;single biome;hardcore;715460280488722;True
budget;caves;survival;436831863370892;False
interesting;caves;creative;166449078088593;False
Evidence;large biomes;creative;777544183444395;False
all;single biome;adventure;355234600795306;True
party;superflat;adventure;666334566517828;True
coach;single biome;spectator;331673111864024;True
half;default;hardcore;51761408040706;True
southern;default;survival;502877194285997;True
rest;large biomes;adventure;378741064421304;True
tend;single biome;hardcore;584372884726030;False
best;caves;hardcore;636621621154498;True
office;single biome;creative;632911555062126;False
Authority;superflat;survival;820670020540603;False
yourself;caves;adventure;383824574274447;True
Teacher;default;creative;145324895669245;True
avoid;default;hardcore;81090878085955;False
gas;single biome;spectator;514380201084815;False
company;default;creative;979189813310753;False
Democrat;superflat;hardcore;751014300169002;True
politics;default;spectator;981250161733964;False
world;caves;creative;750239850671371;True
several;superflat;hardcore;221495254924225;True
reduce;large biomes;creative;74917467211669;True
religious;large biomes;survival;44004740951116;True
Surface;single biome;spectator;462969370181874;True
piece;superflat;spectator;230907164545117;False
across;default;survival;542550549194604;False
Everything;large biomes;spectator;878817354416821;False
blue;caves;survival;804775091672911;True
money;large biomes;adventure;277995509842881;False
school;large biomes;survival;142502191545012;False
quality;superflat;spectator;786999765498418;False
social;caves;hardcore;362999636691261;True
agree;default;adventure;248206585181950;False
avoid;default;hardcore;396494088614115;True
with;superflat;hardcore;881296144120172;False
over;caves;survival;450933770238348;True
seem;single biome;hardcore;826394821516353;True
watch;superflat;spectator;334297680692071;True
yet;caves;survival;779752951530539;False
grow;caves;survival;552496760812971;False
computer;caves;hardcore;587907172500959;True
discover;default;creative;567718543907482;False
radio;caves;adventure;231385970535131;False
At;single biome;adventure;473246767367834;False
player;superflat;hardcore;553341293606453;True
couple;superflat;hardcore;83826535880974;True
Seat;superflat;creative;190963737203000;False
any;large biomes;adventure;537160401131771;True
address;single biome;survival;832282346988828;True
American;single biome;survival;568143987917031;True
writer;single biome;survival;959208248333432;False
boy;caves;adventure;863991348007583;False
Forget;superflat;spectator;252251020429861;False
understand;default;survival;775341757747730;True
debate;single biome;creative;817987273287033;False
party;single biome;hardcore;215880558707106;False
soon;single biome;creative;85219564963132;True
summer;superflat;creative;910065842080547;True
easy;default;hardcore;295640219129287;False
fear;superflat;survival;658492996336511;False
course;superflat;hardcore;937377001986336;False
crime;superflat;hardcore;849439954752580;False
other;large biomes;hardcore;680976210667818;True
catch;large biomes;creative;621840376654224;True
occur;large biomes;creative;270610011072941;True
kid;caves;survival;189293030762833;True
since;superflat;hardcore;812156590873360;False
nor;default;hardcore;41593288560404;True
three;caves;spectator;472816580694835;True
commercial;superflat;survival;666513991759308;False
as;large biomes;survival;39709522365562;True
police;caves;hardcore;453716681871489;True
Born;large biomes;adventure;964647205442621;False
television;large biomes;hardcore;904672891446427;True
degree;large biomes;survival;691337267348688;True
serious;single biome;creative;785732179942954;True
these;single biome;creative;167734065754158;True
area;caves;spectator;848766583557081;False
bag;superflat;hardcore;609927779005394;False
Use;caves;adventure;596413883001341;True
can;default;creative;710256731087418;False
House;large biomes;spectator;794518357713761;True
career;caves;hardcore;355696043437866;False
Run;superflat;adventure;414028382267911;True
director;caves;hardcore;635061236615333;True
decade;caves;creative;715096317179587;False
support;caves;spectator;501331196530753;False
prove;large biomes;adventure;86341943803078;True
Interesting;superflat;adventure;526946931647318;False
door;large biomes;spectator;550471398332548;False
civil;superflat;adventure;441939255420304;False
budget;caves;survival;21852932709092;True
fire;superflat;survival;303012039470020;False
dog;large biomes;hardcore;299611930026936;False
rise;superflat;spectator;784572319999340;False
responsibility;single biome;hardcore;200192729349631;False
school;single biome;adventure;167705423198938;True
Accept;large biomes;survival;776313666054092;False
ready;default;adventure;916966140795031;False
position;large biomes;spectator;920109682694432;True
Good;large biomes;creative;438062414401686;False
Economy;superflat;hardcore;988420680656643;False
continue;large biomes;spectator;196591342012051;True
peace;single biome;spectator;354145427153591;False
she;single biome;adventure;799858484462717;True
customer;default;creative;331130169465518;False
Development;superflat;survival;457531220129862;True
American;superflat;creative;823471878939617;True
that;default;spectator;462385245036862;False
notice;single biome;adventure;131324005145341;False
east;caves;survival;515021231471165;False
Respond;single biome;spectator;859647718807009;True
form;superflat;spectator;338301492260462;True
try;default;hardcore;250165674364408;False
call;superflat;hardcore;794737486745260;True
north;superflat;creative;824982261384161;True
simple;caves;spectator;569329877447921;False
interview;caves;spectator;810980011702443;False
fight;large biomes;creative;998062248034789;True
nation;large biomes;adventure;670800761165414;True
garden;superflat;hardcore;56033397456365;True
mean;superflat;adventure;175715604084740;True
marriage;single biome;creative;965766198986272;True
town;superflat;creative;26813410168792;True
coach;caves;hardcore;118187017672003;False
story;large biomes;adventure;884958024370864;False
because;default;hardcore;875281797887672;True
poor;single biome;spectator;338639657005242;False
bed;superflat;hardcore;918838704267953;True
east;large biomes;spectator;827523547494862;True
scientist;single biome;spectator;326418229311980;True
view;caves;adventure;4257659292248;False
accept;superflat;creative;764535418893460;True
organization;single biome;creative;615605663174461;False
between;default;adventure;782079843296129;False
candidate;superflat;survival;572562638792566;False
agency;large biomes;hardcore;382199046060151;False
month;superflat;creative;364325499242083;True
general;single biome;adventure;449777045512983;True
Adult;caves;adventure;386908140703791;True
to;default;spectator;922828263739756;True
identify;large biomes;survival;721619087533639;True
card;single biome;creative;351428088368692;False
stand;caves;survival;519238991037845;True
Someone;default;creative;603473757753227;True
order;large biomes;adventure;33765483485303;False
remember;default;hardcore;555741324136471;True
try;superflat;creative;492372985295786;True
Seven;superflat;adventure;602797997468901;False
idea;superflat;adventure;617711041296571;True
able;default;hardcore;495854305324672;True
thing;caves;hardcore;752462949614221;False
mention;superflat;survival;382310544628575;True
find;default;hardcore;686111529722264;True
meet;large biomes;hardcore;595492879752645;True
sea;superflat;hardcore;972603789565231;False
Again;superflat;hardcore;5568367228791;False
line;superflat;spectator;976926453271103;True
board;caves;adventure;656784789039420;True
civil;default;survival;602702372573583;True
state;default;hardcore;724253484824606;False
evening;default;survival;857285213323324;True
Boy;single biome;hardcore;693750978996920;False
home;large biomes;spectator;418765750591985;False
name;default;creative;230016383885408;True
Stop;single biome;hardcore;22624757189073;False
inside;caves;spectator;535742511070951;False
left;large biomes;hardcore;201748504265424;True
Identify;large biomes;survival;528878910458645;False
however;large biomes;hardcore;284800673331362;False
beautiful;large biomes;hardcore;938689456856191;True
Usually;caves;hardcore;775852588123586;False
information;caves;creative;654557284293524;False
special;large biomes;survival;107615420303408;True
Speak;superflat;survival;168546171251978;False
however;caves;creative;740677660250277;True
determine;single biome;creative;553504626270726;False
similar;large biomes;survival;792812346369888;True
Tv;superflat;creative;898339219976413;True
manager;large biomes;spectator;749974434580511;True
Collection;large biomes;spectator;178454557559928;True
significant;large biomes;survival;274508125240566;False
College;caves;creative;203557620285575;True
coach;caves;hardcore;922356311146251;False
Rule;superflat;hardcore;404865242691788;True
if;large biomes;adventure;533475382469395;False
our;superflat;spectator;719224236487764;False
artist;superflat;hardcore;59295014478806;False
she;single biome;spectator;427966586161667;True
daughter;large biomes;adventure;836399813403364;False
bar;single biome;survival;357990860186590;True
production;caves;spectator;469232410787225;True
Research;single biome;creative;653582075473099;True
either;single biome;spectator;426700878171843;True
arrive;large biomes;spectator;937868325091120;False
check;default;adventure;699669872785050;True
letter;caves;creative;810751400789482;False
policy;large biomes;creative;398007245048768;False
middle;superflat;creative;692993368272248;False
film;superflat;adventure;969418380321433;True
wait;large biomes;adventure;28333301941839;False
tonight;superflat;hardcore;991132624074772;False
end;single biome;adventure;670360306730861;True
fish;large biomes;survival;292334386648550;False
Admit;superflat;creative;366042090285624;True
population;single biome;creative;633485775667224;False
account;superflat;survival;574740047552601;False
condition;large biomes;survival;214219124849010;True
tonight;default;spectator;168957187265963;False
large;large biomes;hardcore;710869646258622;False
pretty;default;adventure;610054218955447;False
property;superflat;survival;15119733566311;False
Fill;superflat;creative;397708958423391;True
upon;single biome;survival;713873212045354;False
foot;caves;adventure;788557539397855;True
value;superflat;creative;653768944427839;True
onto;large biomes;creative;219654609660478;False
Visit;caves;hardcore;335808765822665;False
both;superflat;hardcore;776854360651863;False
claim;large biomes;survival;980751564070627;True
sure;caves;creative;761553310028995;False
voice;caves;survival;7567928660292;True
Ever;caves;survival;144903922972658;True
perform;default;hardcore;58507778057574;True
Figure;caves;survival;680561056702844;False
Fine;default;adventure;944685970062254;False
suddenly;default;hardcore;343114982357672;True
reach;caves;hardcore;192141664713859;False
whose;caves;spectator;942179315083102;False
Explain;default;hardcore;8383111233430;False
perform;single biome;adventure;702864129569681;True
without;caves;survival;820787161657018;True
Compare;single biome;hardcore;169477271086141;True
citizen;large biomes;survival;696446203180004;False
certain;single biome;creative;742289751099517;True
Fact;single biome;spectator;126564544104039;True
buy;large biomes;survival;501528211617013;False
maybe;superflat;adventure;701971344225036;True
control;single biome;adventure;831978671429285;True
particularly;caves;survival;31012141215982;True
center;single biome;spectator;376113558771264;False
section;large biomes;survival;580461881522779;False
election;caves;creative;2432665929022;True
soldier;caves;creative;633959951422757;False
leave;default;hardcore;352520829264051;False
Operation;default;spectator;13394133787208;False
data;single biome;spectator;403368618218520;False
chance;superflat;survival;281902616049303;True
recent;single biome;spectator;367814238779654;False
Order;default;survival;417667771643725;False
Customer;default;hardcore;275914655707775;True
window;caves;spectator;692130168409776;False
cost;caves;survival;935004939700617;False
box;caves;survival;296723445897567;True
everything;superflat;creative;253427934382156;False
or;large biomes;survival;788707975402894;True
write;single biome;spectator;546341897823652;True
Green;single biome;hardcore;933834181420574;True
table;single biome;spectator;203403806226518;True
Project;superflat;adventure;85312135300293;False
for;large biomes;spectator;708674350416311;True
religious;superflat;spectator;591679975836030;True
training;caves;survival;430540330498274;False
also;large biomes;creative;733087956841055;False
Mr;superflat;spectator;15734110303662;True
than;large biomes;hardcore;624549387935975;True
Second;large biomes;adventure;865905133064407;True
operation;superflat;survival;286997523717740;True
List;caves;adventure;411357055267196;True
Several;single biome;survival;223897889543749;False
popular;default;spectator;624994231259413;True
reality;single biome;adventure;955637372690215;True
Former;large biomes;hardcore;941936099109730;False
idea;caves;spectator;732630837120540;True
Laugh;default;survival;904138904173019;True
process;default;survival;386301064248752;True
final;single biome;hardcore;772992777853988;False
number;superflat;spectator;897957981309702;True
Cover;large biomes;creative;863324410666039;True
Democrat;single biome;creative;699749170993923;True
relate;single biome;creative;682857444274598;True
Election;default;hardcore;658599281053049;False
research;default;adventure;417251869528338;True
Nature;single biome;adventure;238175312182906;False
capital;caves;survival;838773191154594;False
try;caves;spectator;260649981881541;True
future;superflat;creative;91850713282600;True
Near;single biome;hardcore;967910367770734;False
sea;caves;hardcore;243958327526674;True
material;caves;spectator;994493862598259;True
discuss;superflat;hardcore;898637096732112;False
Sport;single biome;hardcore;28084026976237;True
performance;default;adventure;319404869276752;True
give;default;survival;322047727255617;True
second;caves;spectator;583743943239200;True
unit;single biome;hardcore;485124476800259;False
them;single biome;spectator;57574038124944;False
try;default;spectator;181152090747066;False
wear;caves;spectator;111169725124503;False
sign;single biome;hardcore;756336142568247;False
lawyer;caves;hardcore;154043797996055;True
senior;caves;adventure;775711077931843;True
positive;large biomes;adventure;220172149345496;True
whole;large biomes;spectator;930533995479243;True
heavy;large biomes;hardcore;563088291665085;False
quickly;default;survival;19930622934440;False
finish;default;spectator;509818667129577;True
Anyone;superflat;survival;312295397859452;True
still;default;hardcore;571373088532651;True
range;caves;creative;450738131552031;False
economy;default;creative;706345942235112;True
listen;default;hardcore;546452697183501;False
exist;default;survival;686112498450153;False
have;single biome;creative;459439326590674;True
fire;superflat;creative;543383626815128;False
expert;single biome;hardcore;696031727704793;False
wish;default;spectator;801623776954270;True
same;default;spectator;572429614241903;True
professional;default;survival;815095920078202;False
training;large biomes;creative;573632348571042;False
next;default;spectator;511819448748268;False
a;single biome;adventure;755159190798731;False
light;single biome;adventure;198177321940937;True
all;default;survival;821924147612633;False
war;superflat;survival;763606889792295;True
letter;caves;hardcore;281751323381439;True
instead;default;adventure;926140326389580;True
page;default;spectator;325796427008314;False
finally;default;spectator;67095009082192;True
Left;large biomes;hardcore;412595691270477;False
Common;single biome;spectator;63558829434441;False
heart;large biomes;creative;937713503371098;True
build;large biomes;adventure;849409631273205;False
never;superflat;spectator;884973489848924;False
past;single biome;survival;430509201002562;False
plan;large biomes;creative;73877234197696;True
Front;single biome;hardcore;729254362403646;False
Various;single biome;hardcore;934549952119433;False
help;single biome;creative;395390158351882;True
tree;default;spectator;73793105828508;True
Exist;caves;survival;671818589781074;True
expect;single biome;spectator;448868136968817;True
some;superflat;creative;259430607298394;True
common;single biome;adventure;18862717006152;False
cover;default;spectator;269227767139565;True
Value;superflat;spectator;507882052488688;True
too;caves;spectator;889532709689393;False
Mean;default;hardcore;721783274673112;False
door;large biomes;spectator;449275254194103;False
hand;caves;hardcore;701438623323088;False
Hundred;caves;survival;859001583090256;True
early;caves;hardcore;709402158980949;False
wish;superflat;survival;130764880995840;False
these;superflat;adventure;897520153255360;False
so;superflat;spectator;725576283285375;False
hit;default;hardcore;671624656165440;False
political;superflat;survival;220081202540229;False
building;superflat;spectator;465518608494195;True
picture;caves;survival;183166309225908;True
able;single biome;hardcore;153242701981038;False
answer;single biome;survival;477391087720676;True
political;superflat;survival;367993312893111;False
Just;single biome;creative;379499022839286;False
talk;default;creative;840798428252929;False
none;caves;hardcore;323656737285849;True
Today;default;adventure;949248437873057;True
foot;large biomes;adventure;408315965262253;True
network;single biome;adventure;219725321614924;True
Resource;single biome;survival;871254907339912;True
him;superflat;spectator;81386880098073;True
maintain;default;hardcore;684345717402080;False
Human;default;creative;332165578039337;False
across;default;spectator;284489490160550;True
road;single biome;adventure;352689719119291;False
Public;large biomes;survival;163587817620993;True
Surface;large biomes;creative;386985567428199;True
Of;default;adventure;821158620414477;True
throughout;default;adventure;429630050018405;False
store;caves;adventure;413060986615977;False
husband;large biomes;creative;752892738389646;True
girl;default;survival;840063198550511;True
wall;default;creative;480115563896939;False
always;caves;creative;455120457480090;True
add;large biomes;creative;903801165497985;True
well;caves;adventure;474949204435027;True
concern;default;hardcore;172543050417569;True
Democrat;caves;adventure;869081574841504;False
Also;caves;adventure;429620555612874;False
agreement;superflat;adventure;668783724607754;False
life;default;survival;922262142536584;True
attack;single biome;creative;792556938153539;False
management;superflat;survival;111083844897371;True
save;caves;adventure;125556377035943;False
drive;single biome;hardcore;915989927882245;False
arm;single biome;hardcore;412885399744469;True
Compare;single biome;survival;409574209419152;True
ask;large biomes;survival;708799079826853;False
its;superflat;adventure;900464645321965;False
whatever;large biomes;creative;212317725701486;False
artist;default;spectator;862521851189794;True
despite;default;hardcore;586330355382093;False
still;single biome;spectator;23352988954666;True
question;superflat;hardcore;693682445325045;False
economic;caves;creative;144398657521555;False
sing;caves;creative;462737877708602;False
then;superflat;hardcore;127389720990516;False
almost;single biome;survival;579992562591759;True
collection;default;survival;16969023658371;False
quite;default;survival;333131337016390;True
police;superflat;creative;465687578838294;True
experience;default;survival;251588627074337;True
stuff;single biome;spectator;541519804562864;False
pick;single biome;spectator;170547157599190;True
voice;superflat;creative;122790876052810;True
main;superflat;creative;410912156068752;False
more;large biomes;adventure;810407252185620;True
around;single biome;spectator;820520043508965;True
kid;caves;creative;642066985372078;True
place;superflat;adventure;306626005567013;False
allow;superflat;hardcore;177124428695724;False
author;superflat;creative;691460297362130;True
different;large biomes;adventure;759920791927729;False
day;default;adventure;215982036895062;True
truth;large biomes;creative;503741383288496;True
recent;caves;spectator;730303328273462;True
Response;single biome;spectator;411747124238801;True
Crime;default;creative;393018817246294;False
Despite;default;hardcore;578864133630268;False
affect;superflat;spectator;121125901641706;True
exist;superflat;hardcore;345108517425381;False
American;single biome;creative;531283446191093;True
development;default;survival;891335097859706;True
especially;caves;creative;92536115254521;True
too;large biomes;adventure;616603106828962;False
eye;default;hardcore;719460820400252;False
employee;large biomes;adventure;841022208239459;False
expert;large biomes;survival;993414021338360;True
blood;large biomes;adventure;8203893736605;True
Along;default;hardcore;171379475884197;False
physical;default;creative;185238837664335;False
worker;single biome;spectator;154500524744730;False
than;caves;spectator;629329252389321;False
century;large biomes;adventure;815129900395824;False
who;caves;adventure;198834211406070;False
population;large biomes;survival;844447466320005;True
long;caves;survival;856651868809288;True
relationship;large biomes;hardcore;127069991128920;True
home;default;creative;88720003018075;False
Young;caves;creative;307101306126060;True
family;superflat;hardcore;455326650531824;False
increase;large biomes;spectator;698037738062957;False
Player;large biomes;spectator;106833432501278;True
check;single biome;creative;878443974182442;True
me;large biomes;creative;684576671180225;True
Any;default;creative;160152496147064;False
important;default;hardcore;646648517969695;True
bring;large biomes;hardcore;382916973045113;False
As;default;survival;288401363763723;True
The;default;spectator;520149413903738;False
official;large biomes;survival;431651371678749;False
south;large biomes;hardcore;225643231250748;False
computer;single biome;spectator;911272486900619;False
make;superflat;spectator;363484210430034;False
know;large biomes;hardcore;367942801417238;True
fact;large biomes;hardcore;902606671264565;True
check;large biomes;survival;31333632927057;False
listen;large biomes;adventure;150833652737343;False
realize;caves;hardcore;927858234987419;True
Agent;caves;survival;943019548992889;False
join;large biomes;spectator;538045175433127;True
Include;large biomes;adventure;391257133947685;True
